formula,target
N1Nd1,0.0
Dy1Rh2,0.0
Ga1S1,1.71
Tb1Zn1,0.0
La2O7Si2,4.9727
Cu4Dy3Sn4,0.0
Au1Te2,0.0
K1O8P1V2,0.0383
Cl1H3O5,5.2712
Er1Ni1Si2,0.0
Cl1Tl1,2.1732
Ce1Ir2,0.0
Er5Si4,0.0
O2V1,0.8390000000000001
Bi1Pt1Yb1,0.0
Al2Pt1,0.0
H4O6P2Sr1,6.5081
Cu1In1Te2,0.2499
I3Pb2S2Sb1,1.7673
Be12Ti1,0.0
B1H3Mg3O6,3.482
Be12Mo1,0.0
Ga1H4K1,4.9813
Au1B2,0.0
B2Ru3Tb1,0.0
Al1N1Ti3,0.0
Hg3Te4Tl2,0.4721
Cr1O2,0.0
Pt23Si11U3,0.0
Au2In1U1,0.0
Cr2Ni1S4,0.0
N1V1,0.0
Hg1I2,1.1852
Al5B1O9,4.9438
C1Re1,0.0
Al1Co2V1,0.0
O1Pb1,1.6621
F9O1Re1Sb1,1.8981
Fe5O12Si3,1.9058
O1Ti1,0.0
Cu2K1S4V1,1.3382
Ni3O1Ti3,0.0
Mg3Pr1,0.0
C4Cd2H12O14,3.5679
Pu1Te1,0.0
Ca2In1N1,0.0
Ir4Sm3Sn13,0.0
O9P3Sc1,5.4608
I12Pt1Tb7,0.1354
C3H6N2O2,4.7005
Ca3Co4Sn13,0.0
Al1Fe1,0.0
Mn1N2Si1,2.4237
Se1,0.9708
Cd1I2,2.3708
Al2.3Sr2.7,0.0
Bi1Cr1O3,1.4191
H2Sr1,1.2972
Ba1Mg2,0.0
Dy2Si4Ti3,0.0
La1Te3,0.0
Ba2N1,0.0
Ge1Ho1Ir1,0.0
Ba3Ir2O9Sr1,0.1945
B1Ca3N3,0.5858
Cd2Sr1,0.0
O4S1Zn1,4.4503
Al1Li1Si1,0.113
Eu1F3,0.8116
La2Ni1O4,0.3037
Cl2Co5O12Se4,3.2502
Rb3Sb1Se4,1.3257
La1Se1,0.0
S3Y2,1.4901
Be2Ge1La2O7,4.0034
Ag1,0.0
B1H4Na1,6.3224
Au2Eu2Sn5,0.0
O3Sc2,4.2751
Ba1Cu1Er2O5,1.4443
Cu2Si2Y1,0.0
Fe23Ho6,0.0
As1Mn1Rh1,0.0
La1Se1Te2,0.0
Hf1Pd1Si1,0.0
Br9Rb3Sb2,1.9091
Pd1Si1,0.0
Br4Rb2Zn1,3.7661
Na1O2,0.0
O9V4,0.0
Co1La1O3,0.0991
Ir1Sn1U1,0.0
C6Co1Cr1H18N12,0.7784
Br1Cr1S1,0.7609999999999999
Al16Pt7Zr6,0.0
Ba1F6Tb1,0.0
Nb1Ni1Te5,0.0
Er1Si1,0.0
Al1Ca1F6Na1,7.1209
Dy1Li1O2,4.5771
Cd5Cl1O12P3,2.2236
O3Pr2,3.1722
Cu10Sn3,0.0
Gd1Mn2,0.0
Ce1Co5,0.0
Ge1Ho1Pd2,0.0
Ge2La1Ni2,0.0
Ca1Mn1O6Si2,3.3196
La1Li2O7Ta2,0.0
O2Si1,4.9926
Cd1Li1O4P1,3.3533
Al1Nb3,0.0
O9Ti3V2,0.0
Ca1Cu1Ge2O6,1.7771
C2F6N4O6S8,1.2429
Ni1Sb2,0.0
Co1S1Sb1,0.3766
Cd1Er2Se4,0.6677
Pd1Zr1,0.0
Ag2Mo1O4,2.733
Bi2Cl1O4Y1,1.3543
C8H20N10Ni1,3.2487
Al1Li1,0.0
Be1Li1,0.0
Co1Ga2Hf6,0.0
F2Hg2,1.7558
Li16N8Nb2O1,3.3945
Ag1La1Sb2,0.0
In1Ni2,0.0
Ba6Cu11F34,2.0846
Mo3Pt1,0.0
Be1O1,7.4456
Co5Dy1,0.0
F4Pd1Sr1,2.3794
Cl3La3O6U1,1.9534
B2K3Nb3O12,2.3678
C1Pb1Pt3,0.0
Cs2S1,2.1025
Fe1Sc2Si2,0.0
Ho1Si1,0.0
O2Ru1,1.4858
In1Li1O6Si2,3.7395
La1Mn1O3,0.0
Ga2Mg5,0.0
Au1Cu1,0.0
Ba1O3Ti1,2.1328
Al1C3Cl6N3,2.5356
Ga1Ti3,0.0
Er1H3,0.0
Ge4Y5,0.0
Ni1Te1,0.0
C1Pb1Ti2,0.0
O1S1Zr1,2.4152
Cl2N4O12S10,1.3297
La3O7Ta1,3.6497
Ni2Se2Tl1,0.0
Mg2P2Se6,2.0273
Al2U1,0.0
B4Rh4Tb1,0.0
As12Ce1Fe4,0.1511
Ce1Ni5,0.0
Ni1Sn1Ti1,0.0
H2O4Se1,3.3563
B2Hf1,0.0
Ba1F4Zn1,5.7228
Ca1O1,3.6357
Ga1O4P1,4.5455
As2Cd1Ge1,0.0342
C1Ga1Ta2,0.0
C1F1K1O3Sr1,4.0697
C2Co1Y1,0.0
C6Fe1K3N6,2.6016
Cr1P1,0.0
B1Fe3O6,1.5837
Pt1Rb2Se2,1.3554
Ag2Cr2O7,2.0906
Na2Nb4O11,2.9536
Si3V5,0.0
O3W1,0.7364
Ho1O4V1,2.9578
Co1Sn1U1,0.0
Ce1Li8O6,3.4402
Al2Er1,0.0
Co1Na4O3,1.4593
Co1Li1N2Sr2,0.9254
B4Li2O7,5.6321
Al3C3Sc1,0.3017
Te1Zn1,1.4766
Er4Ge6Rh7,0.0
Ru3Zr1,0.0
Al1F5K2,6.2916
Mg1O1,4.47
Co1Hf1Sn1,0.0
B1Ca1H1O5Si1,5.41
As1F5N4S4,1.7515
Ge1In7Ir1O8,0.4535
K0.33Mo1O3,0.7313
C4F3H14N1O2V1,0.047
Sb2Te3,0.1061
Cl4H2Hg1K2O1,2.6957
B1C3H12N1,6.1029
Fe3Si1,0.0
Cu1In1Se2,0.0
Cr1N1,0.0
Ag3O4Sb1,0.2417
La1O4V1,1.0965
N6Ta5,0.0
B6Ca1,0.0
O2Ti1,2.2658
Bi1Cl1O3Se1,3.5704
B2H6,5.0009
Ge1Mg1O3,2.4363
Cr2Zr1,0.0
Ga16Hf6Rh7,0.0
Ba5O21Yb8Zn4,0.0
Ag1Se2Y1,1.5195
As1Ga1O4,3.1046
Ce3Te4,0.0
As3Ca5,0.0
Dy1Pt1Si1,0.0
Zn2Zr1,0.0
Ca1Mo6S8,0.0
C2H6O12U2,3.1609
Ce1Pd2Si2,0.0
O1Ti6,0.0
F1K1O6Te3,3.0871
Ir2Lu1,0.0
O1Zr3,0.0
Mn2O4Si1,2.1978
Rh1Si1U1,0.0
C1Ta1,0.0
Al1B14Yb1,0.0
Cu5Mg16Y5,0.0
F2Ni1,3.9993
U1,0.0
Al1Er1Ge1,0.0
H2La1N1O7S1,1.4994
Al2Na7Sb5,0.2788
As1Na3,0.1506
Ge1Ir1Ti1,0.0
Ru2Y1,0.0
Gd1Mg1Pd1,0.0
Sc1,0.0
Bi3O8Re1,2.7415
Ag2Co3O14P4,0.0
Co3O4,0.3668
Dy1Ge1,0.0
N1Sc1,0.0
Ca1F6Tb1,0.0
Mg3Sb2,0.2136
Mg5Si6,0.0
Cu1O3Se1,1.1418
Te1U1,0.0
Na1Nb1O3,1.8362
P1Ru1Zr1,0.0
S1Zn1,2.6996
Fe1Mo2S4,0.1421
B2Lu1Ru3,0.0
Al1Mg3Pt2,0.0
H5N1O7Se2V1,1.8895
Lu1Na1O8Pd6,0.1052
C2Cl4H12Mn1N2,3.8085
Eu1Se1,0.8455
F6Rb2U1,3.5713
Au1F4Na1,2.6195
H1V2,0.0
P1Sn1Sr1,0.0
Er1Ge1Rh1,0.0
Al1Bi1,0.0
S2W1,1.3661
N2Pt1,1.3078
Al2O3,5.8481
As1Br1Hg3O4,1.8581
Br1Fe1O7Te3,1.7728
P3Sr1,0.0
Fe1Lu2S4,0.0
Eu1O3Ti1,0.7569
Ce8Pd24Sb1,0.0
O6Os2Rb1,0.0
Al6Cl2Na8O24Si6,4.6772
Fe1Mo6S8,0.0
Rh1Ta1Te4,0.0
Ge8Yb3,0.0
P1,0.1394
Re6Se12Tl4,1.0024
C1Ga1Yb3,0.0
K1Nb1O3,1.7303
Ca1Cu2P2,0.0
C2N2,4.7918
Ba2F8Zr1,5.9363
As1Ca1Co1H1O5,2.3812
Bi2Fe4O9,1.6087
Cl8N4P4,3.8518
Al1F3,7.4208
B2Ir5Mg2Si1,0.0
O2Zr1,3.125
As1Co2,0.0
Ga1Nb3,0.0
Cu1O2Rh1,1.5605
Ba1Ca2Mg1O8Si2,4.9863
B2La1Os2,0.0
C3Cl5H14N1,5.7165
Mn4O7Si1,1.206
O3Tl2,0.0
Co3Y1,0.0
Li1Se2Tb1,1.5131
Gd3O12Sb5,3.1034
Al6C3N2,0.0
Be2O4Si1,5.8215
Rb1Zn13,0.0
Al1La1O3,3.6385
Er3P6Pd20,0.0
Bi1Rb1,0.3931
B2Nb1,0.0
Au1Gd1,0.0
F4Na2Pd1,2.6221
Fe2O3,0.0
Fe16N2,0.0
Ba1Cu1La1Se3,1.0097
Ga1O3Y1,2.9478
B1H6N1,6.0607
Ag1Cd3F20Zr3,0.0
N1O3Rb1,3.2546
Sc10.5602,0.0
B1F3Na2O4S1,5.7648
Er1Mn1O3,0.0
Sb1Se2Tl1,0.0
Se1Tm1,0.0
As2Mo1,0.0
Ca2Fe9O13,0.574
F6Rb1Ru1,2.4901
C2Mn5,0.0
C1Ga1Mn3,0.0
Au2Ho1,0.0
Os1Sb2,0.4639
N2O4,2.7151
Er1Ga3,0.0
Er1O4V1,2.9478
C1Zr1,0.4824
F3Ir1,0.0
Ba1Cu1O6Si2,1.5599
Rh1Zr1,0.0
Cr2Fe1S4,0.0
I1Na1,3.6141
Cu2Te2Tl1,0.0
K1Na1S1,2.5107
Co2K1Se2,0.0
H2Y1,0.0
Yb3Zn11,0.0
Au1K3P2Se8,1.2766
Cs1F3Pb1,2.9421
Cu5Sr1,0.0
B4Fe1,0.0
Ag1Bi1Sr1,0.0
Fe3H6K1O14S2,1.0228
Al8Ge3Sr14,0.0447
Ba1Cu8P4,0.0
C3Ho2,0.0
H8N2O12Se1W3,2.6832
C6Ce1Fe1H8N6O4,0.8715
Cl1K1,5.0439
Fe1O3Ti1,1.9762
Fe1Ni1P1,0.0
S3Sb2,1.2827
B2Ir3Y1,0.0
B6Yb1,0.0
Cs2O9Si3Zr1,4.7947
Sc1Sn2,0.0
Al3La1,0.0
Ca1F6Sn1,4.8292
Al2O5Si1,5.4388
Al1H3O3,5.0865
B6Gd1,0.0
Be13Th1,0.0
Au3Sb4Sm3,0.0
Cr2K3Na1O8,3.0352
C1Hf1,0.0
Fe1K1O7P2,2.3605
As1F6K1,4.7861
Eu2O7Si2,0.2673
P1Pd1Sm1,0.0
Nd2Re3Si5,0.0
Ba2Cu3O7Y1,0.0
Cr2Nb1,0.0
H2Mg1,3.6478
Ca1O5Si1Ti1,2.2437
Hg1Se1,0.0
Ca1In2,0.0
Fe1O4Sr2,0.0
Cu1Ti3,0.0
K1Ni2Se2,0.0
O25P6Si5,5.6061
Ca1Cd2Cu9,0.0
Hf1Si1,0.0
Be2Ca1Ge2,0.0
Ge2Ni2Pr1,0.0
Na2O1Sb2Ti2,0.0
Nd1O4P1,3.977
Ga3U1,0.0
Lu1S1,0.0
Eu3O6Ta1,0.0
Ca1Fe1O6Si2,2.8224
Nd3Pt4,0.0
P2Zn3,0.6882
P1Zr3,0.0
Co2Sn1Ti1,0.0
C1Ni3Zn1,0.0
Ni3P1,0.0
Cr3Si1,0.0
Pb1,0.0
Ce1Ge2,0.0
Au1Sn2,0.0
Cu1K1O1,1.5707
Ba1F4Pd1,2.5479
Br1Cu1,0.9635
P1S4Tb1,2.1719
La1N1,0.0
P6Rb4Se12,1.3949
Er2In1Ni2,0.0
Al1O3Pr1,3.9609
N1Zr1,0.0
As2F12I4,0.0
Nd1Te2Tl1,0.6813
Ga3Hf3Nb2,0.0
Ni3Y1,0.0
Cu1H4I2O8,1.8362
Ge13Os4Yb3,0.0
Cu1Gd3Ge1S7,1.9024
Pr1Sb1,0.0
Ba2Ni1O6Os1,0.0
Br5K1Pb2,3.0601
K2O9Si3Zr1,4.8167
Au1Na2Sn3,0.0
F11Fe1Na1Zr2,3.1147
Ba2Ir1O6Y1,0.0
Ce1O3V1,0.878
Lu1Ni4Sn1,0.0
Ho1P1,0.0
Ca2Ge2Ni3,0.0
Ag1Br13Mo6,2.3707
Mg1O3Si1,4.6846
Cu9S5,0.0
Ca1Ge1Pt1,0.0
C4H2N4O2Pt1Rb2,2.427
Fe3N1Rh1,0.0
As2K3La1O8,3.7543
C2H8I1N1,4.3346
Au2O3,1.0319
Cd1In2Se4,0.9353
La1Te2,0.0
Mo1O3Sr1,0.0
Cu4Rb1S3,0.0
Ni1Zn1,0.0
Pt8V1,0.0
Ag2S1,0.0
Ir1Sn1Yb1,0.0
Dy1Ir2Si2,0.0
Nb3Sc2Si4,0.0
B3Ru2,0.0
Ba4P4Si1,1.0874
As1Ti3,0.0
Al1Cu1Pr1,0.0
Pb1Te1,0.7989
O3Tb2,3.9046
Fe5O12Y3,0.0
Ca1Sn1Zn1,0.0
Fe2Ga1Mn1,0.0
Br1H12N7P2,4.426
Cu4Sc1Sn1,0.0
Se3Ta1,0.0
Al3Fe14Y2,0.0
Cu3Nd1O8Pb2Sr2,0.0
Dy11Sn10,0.0
Al1Gd1Ge1,0.0
O2Sn1,0.0
Co2Hf1Sn1,0.0
Cl3Pr3Ru1,0.0
Be13Er1,0.0
Co2Y1,0.0
O1Sr1,3.2755
La1Pt2Si2,0.0
Cd1N1,0.0
Pb3Y1,0.0
Er1Ge2Ni2,0.0
Co3Er1,0.0
Hg2P2S6,1.7509
Ni2O4Si1,3.2679
H2K7N1O22P6,3.6296
As1Ca3N1,0.8578
Ge3Yb5,0.0
Er1S1,0.0
Ba2S4Si1,3.0024
Cl3Ru1,0.0
C1Ti3Tl1,0.0
As4U3,0.0
C2Rb2,3.5762
Au2Sr3,0.0
C2Fe1H2N4,3.0618
As4Ge3,0.1408
Ge1N2Zn1,2.0752
Na1S2Ti1,0.0
Bi1Mn1Rb1,0.0
Mn1Na2O4,0.2657
B1Ir3Sc1,0.0
Li2O4S1,5.99
Lu1Rh2Si2,0.0
K2Mo9S11,0.0
Cl1Na1O3,5.6551
Rh1Sb1,0.0
K1Na2Ni1O2,1.3869999999999998
C6I4O6Os2,1.9013
H10N2O4S1,4.847
B2C2Er1,0.0
Mg1Sc1,0.0
H12O11P2Zn2,5.4529
Se1Zr2,0.0
Br2Cu3O4Sr2,0.0
Ce1F1S1,0.0
Br6Cd2H16O8Sr1,2.8592
I2,0.9761
Al1N1,4.0464
La1Ni1Si2,0.0
C3Ce1O13P1Sr3,0.0
Ag1La1O1S1,1.6691
Cu4Dy3Ge4,0.0
F3Nd1,5.2193
Cl3O1V1,2.8677
B1O8P1Th2,4.5804
Cs6Ge8Zn1,1.0932
As1Ga1,0.2947
Cl1F8Sb1,3.1625
Dy1Se1,0.0
Mg1O4S1,5.5421
As4Ba3Si2,0.8232
Ba1Mn2O14Si4Sr2,2.0054
K1La1Na1O5Ta1,3.4593
Cu2Ge1Se4Zn1,0.0
Mg1,0.0
Mn2Si2Y1,0.0
Dy1Fe2,0.0
Au1Ce1Pb1,0.0
Fe2Ge2Ho1,0.0
Ce1Pt2Sn2,0.0
Ca2Mn1O4,0.3561
Ca1Mn1O3,0.4467
Dy1Pd1Sn1,0.0
Nd1S2Tl1,1.7461
In1Se1,0.3373
Ba2Na1O6Re1,1.9674
Al1F7Mg1Na2,6.6696
Cu1Eu1O2,0.0
Au1C1Cl1O1,3.3942
In1Ni2Ti1,0.0
Br2La2P1,0.0
Si4Tb2Ti3,0.0
Mo4O11Y4,0.3481
Al4B2Co1O10,3.8403
Cl4Mg1Na2,4.9262
Mo2Zr1,0.0
Cu2Hg1S4Sn1,0.0
La2O7Zr2,0.0
F2O7Te2V2,2.1831
Ag1Er1Se2,1.5616
I2Se8Tc6,0.4604
Cd1F7Rb1Zr1,5.2007
Ce1Co2,0.0
Ge1O2,3.1721
P5Y1,0.1222
La1Si1,0.0
Ce1Ru2,0.0
Cd1Dy2Ge2,0.0
Cr2S4Zn1,2.4338
F1H4K1O2,5.1395
B4Ta3,0.0
Sc8Te3,0.0
Cd1Cr1O4,2.4304
Ru2Si2Th1,0.0
Mg1Te1,2.3633
B6Fe3Tb4,0.0
Al1Na1O6Si2,5.2363
H8Na4O26Si8Ti2,3.7541
Ni1O6Sr2W1,1.3386
Na2Pd1Se2,0.9093
B2Pr1Ru3,0.0
Ba4Cu3O9Yb1,0.0
O3Pb1Ti1,2.1795
In1,0.0
Ge1Ir1Y1,0.0
K1Mo3S3,0.0
O3Rb1,0.9639
Cs1F8Re1,1.8356
La1Ni2Sn2,0.0
Ba3Na1Nb1O6,3.2264
Al1Cu2Zr1,0.0
C4Fe1Y2,0.0
C2Dy1Fe1,0.0
C6K3Mn1N6,1.3842
F11Na1Ti1Zr2,0.0
Ge3La1Rh1,0.0
B1Li1Pt3,0.0
In3Yb1,0.0
Co2Ta1,0.0
K2Te2,0.1841
Ge1Te1,0.3753
Se1Ta2,0.0
Fe5Y1,0.0
Fe2Ge2La1,0.0
Ba1Ge2,0.4712
F2Kr1,2.7901
Ge13Ho3Ru4,0.0
I4Tl2Zn1,2.9784
Sn1Te1,0.0745
Ag1Al1O2,1.4608
Rh1Sn1,0.0
B2Ti1,0.0
Ca1H3O4P1,6.0773
Ag2O1,0.0857
B2Co3Zr1,0.0
C1,0.0
O6Pb1Se2,1.2612
Ce1Se2Tl1,0.4651
S1Sr1,2.4958
As1S4Tl3,1.6504
F3Ti1,0.0
As2Os1,0.8907
As1Th1,0.0
Co2Ti1,0.0
F5P1,7.0791
Fe2S6Ta9,0.0
Ge2Ir1La1,0.0
Pt9Sc5Si7,0.0
C1Na2O3,3.8665
Au1Ti1,0.0
La1Ru1Sn3,0.0
Au1Ge1Na1,0.0
Th1,0.0
Li1O2,0.0
Er1Te1,0.0
N2S1Zr2,0.5506
Ag1Fe2S3,0.6681
F6Pb2Zn1,4.5009
Ba2Bi1,0.0
Al1Cu1Se2,1.2536
Cu1Dy1Si1,0.0
Er1Ge1,0.0
Cl3P1,4.045
Ni2O7Sb2,0.0
Fe2S3Tl1,0.0
Ca1F2,7.1318
F2Hg3S2,1.8314
Mo2O7Tb2,0.0
Ge1O6Se2,2.7302
Ho1Ni3,0.0
Nb3Sn1,0.0
Mn1O4Rb1,2.1241
F2Pb1,4.3688
Co1O4P1,1.3666
Mo6S8Sn1,0.0
Ba3O9Ru2Y1,0.5997
Cl18K2Mn1Nb6,1.0828
Ga2Gd1,0.0
B2V3,0.0
Nd1Rb1Te4,0.1533
Gd2Ge2Mg1,0.0
Fe1Te2,0.6921
Hf8Mn1Te6,0.0
O14Si4Sr2Ti2,4.2366
As1K1Mg1,1.146
C1Cl5H6Hg2N3,2.5564
Li1O4V2,0.0
O2Ta1,0.0
Ba1Ge3,0.0
Sm1Te1,0.0
Se2Ta1,0.0
Pt5Sr1,0.0
Ga2Te5,0.8725
B1C3H9O3,5.6639
Cl2Hg4O2,1.8541
Pb1Se1,0.3984
Fe1Li1O6Si2,2.5664
Cu1Nd3S7Si1,1.6001
Er5Tl3,0.0
Al2O9Tb4,4.2293
Br1In1Sb2Se4,1.1127
F6Rb2Zr1,6.6527
Fe1Se1,0.0
Cu1Sn1Tb1,0.0
F5K1Pd2,1.8219
In2Ni9Y1,0.0
Bi1Mn2O5,0.5734
K6S22Ta4,1.8048
S2Zr1,1.0036
Ba4Mn3O12Pr1,1.5852
Ni5Zr1,0.0
B6Co21W2,0.0
Ba1Co4In1O7,0.0
Cs1O5V2,1.7336
K1S8V5,0.7304
B1O4P1,7.2429999999999986
As2Mg1Si1,1.2634
Mn1Te1,0.0
As1Au1Ca1,0.0
F4N4S4,3.4456
As1Fe1Nb1,0.0
Li1O6Ru1Sr3,1.3658
Bi1Pt1,0.0
Al1C1Zr2,0.0
F4K2Mn1,2.8160000000000003
H8K4O4P2Se6,1.8486
Ge2Mn1O7Sr2,2.0739
In1Te1,0.0
As1Bi1Mg2O6,3.3661
B1Li1O2,7.289
Rh5Tb1,0.0
Ba2Mn1O6Te1,0.0
Br2Ce1S2Sb1,0.0
Br4Fe1Li2,3.1495
Na2O9Te4,3.0894
Al2La1,0.0
Ce1Ir1Si1,0.0
Na4O12Ti5,2.9803
Ca3Mn2O12Si3,0.0
Mn1Pd1Te1,0.0
N2Re1,0.0
Sm1Tl3,0.0
Sb3Y5,0.0
Ba1Fe1La2S5,0.9455
C2Dy1K1O6,4.2994
Fe1,0.0
Cs2O12Se1W3,2.7195
Hf5Si4,0.0
C1Ti1,0.0
Al8Fe4Sc1,0.0
As1Lu1Pd1,0.0
Ba1Hg1S4Sn1,1.6997
Ba1K1Nb1S4,2.2067
Ba1Ce1N2,0.5181
I1N1Zn2,1.8644
Co3Ho2Si5,0.0
Ga1In1Te2,0.0
Cs1F3Ni1,4.1472
Cl18K2W6,1.1124
K1O4Re1,4.0539
Co1Pr1Si1,0.0
Ca2Ge2O7Zn1,3.2699
As1Pu1,0.0
Mo3O14P2Sr1,0.9366
Cd1S4Sc2,1.2755
Ba1Mn2O6Pr1,0.0
Al2Ni1Yb1,0.0
Al8Cu4Pr1,0.0
Cu1Dy1,0.0
H2Na2Ni3O10P2,3.4837
As2Ba1Co2O8,2.8075
F5K1Te1,5.2131
Eu1Sc2Se4,0.0
Ba1Ir2P2,0.0
Co1Si3Sm1,0.0
O7V2Y2,0.0
Ni1Ti1,0.0
Al3C3Tb1,0.0
Ge1Ti2,0.0
N1Nb1,0.0
Ag1I1,1.9938
Hf1Te3,0.0
As12Fe4La1,0.0
La2O3,3.7562
Ga1H4Na1,4.6551
In1Nd3,0.0
As1Fe1Te1,0.9854
Ir3Si1,0.0
Al2Fe3Si4,0.0
Ce1Mn1Ni4,0.0
As1O4Sb1,3.0616
H8N2S4W1,2.1012
Cs1Mo3S3,0.0
Sn1,0.0
Mo3Si1,0.0
Se2Zr1,0.3199
He1,17.514
I1K1,3.8594
Ni1Sc6Te2,0.0
Al2S3,3.0862
Ir1Si1Tb1,0.0
Cs1Mn1Sb1,0.0
Rb2S4Zr1,1.9063
Ga2Ta3,0.0
H1Na1O8P2Zn2,4.5154
K2Ni1P2,1.2807
N3Tl1,1.8052
Ru2Sc1,0.0
Al1Cu1Ho1,0.0
Ge2Th3,0.0
C4H12I3O2S2Tl1,1.7027
Ce1Pt5,0.0
C6N9Nd1,1.8551
Ba1Si2,0.0
Al2O4Sr1,4.063
Hf1Mo2,0.0
C3U2,0.0
As1Fe1S1,0.0
Ag1Sb1Te2,0.0
Cl1Nd1Te1,0.4069
K1O12P4Y1,5.3731
Cs1I1O3,0.0
Bi1O4P1,4.2136
Rb1S2Sn1,0.0
B1C7,0.0
Co1Ta1Te2,0.0
F4Li1Lu1,7.7314
Mg1S1,2.7703
O8P2Pb3,3.5098
As7Ni12Tb2,0.0
In1Rb1Te2,1.1509
Bi1Pd2Y1,0.0
Mg2Pb1,0.0
Ni2O7P2,0.8271
As3Co1,0.0
B2Ce1Rh3,0.0
F6K2Si1,7.2181
Cr4Nb2Si5,0.0
Ce1Ru3Si2,0.0
Pt2Y1,0.0
Ga2K2Se4,1.7394
Na1O12P3Zr2,4.2046
B2C1Ni2Tb1,0.0
Ba2Ge2O1S6Zn1,2.0827
Ge1Nb1Rh1,0.0
C1Mg1O3,4.9621
F4Pb1Sn1,3.5969
Ge1Sc1Tb1,0.0
Al1K3O3,2.8977
As1Ho1S1,0.0628
P1V1,0.0
Ge2Na6Se6,1.8811
Ho1Rh1Sn1,0.0
Er1Ni2P2,0.0
C1Nb4Rh2,0.0
C6Co1Cs2Li1N6,5.1017
Ga1H4Rb1,4.924
Cl5Mo1,0.8182
C1F2N1O2P1,5.8972
Pd3Ti1,0.0
Ba1Si6,0.0
As1U1,0.0
Li2Se1,2.9754
Ca2Mg1O7Si2,4.4749
Fe1O4P1,2.7613
Cu2Ho1In1,0.0
Dy1Mg3,0.0
Hf1V2,0.0
Mn2Na2S3,2.0486
Co1In5Tb1,0.0
Al2O4Zn1,4.4912
Li2O2Pd1,1.9511
Ca3Li1O6Ru1,1.2638
Cs1Cu4Se3,0.0
Co1Er8Ga3,0.0
H16Mg6V1,0.0
Bi1Dy1,0.0
Ho1Mn2,0.0
Al2Pr1,0.0
Ga2In6O8Pt1,0.6175
Ge2Rh2U1,0.0
Mn1O3Y1,0.0
N3Na1,0.0
Ir1Nb3,0.0
Al1H14N1O14Se1,3.5315
As12La1Os4,0.0
B3H3O14Zn8,3.1518
N1Pr1,0.0
Lu1Pt3,0.0
Pt3Sm1,0.0
Cs3O3Sb1,3.0799
H3La1,0.0
Cr1Na1S2,2.2774
La1Pt5,0.0
Al1Ce1Ni1,0.0
O1Pd1,0.0
As2Cs2Sn1,0.7152
H1Ho1O2,4.2781
Eu1K1P1Se4,1.2276
Ba1C1O3,4.4355
Ag5O4Si1,0.9194
Fe5Si3,0.0
Ca1H2,3.0266
Ce1In1O3,1.0708
Cd1Ho2Se4,0.6415
Al3C4Zr2,0.0
O4V1Y1,2.8115
Ag1Br1,1.5728
In3Pt2,0.0
Ho1Ni2Si2,0.0
Eu1Ru4Sb12,0.0
Ni1Sb1,0.0
Eu1Ge2Ir2,0.0
Co1Sb1,0.0
Pt1Zn1,0.0
Cr1S3Sb1,1.1058
C1Nb2S1,0.0
Li8O6Sn1,3.4360000000000004
Bi1Li1O4Pd2,1.1347
O8Rb3Ta1,2.9905
Ga6I2Li8O24Si6,3.4964
Hg2I4,0.0
Er5In4Pd2,0.0
Co2Ge1Ti1,0.0
Al6Mn1,0.0
Cl1Ga1Te1,2.1611
O6Sc2Te1,3.0802
Fe2Ga2S5,0.0
Te3U1,0.3247
Ge4O9Rb2,2.8022
Mo1O6Sr2Zn1,2.1638
Ca1Fe2O4,0.0
Co5Y1,0.0
C60,0.9463
Sc1Se2Tl1,0.7382
Ba4Mg1N6Si2,1.1383
F3Fe1K0.6,0.0367
Br5In1Sn2,2.2671
Ni1P1,0.0
O2Th1,4.5405
O12Se4,2.412
B1Mn1O4Pb1,0.6775
Hg1Te1,0.0
Hg1K1Sb1,0.0
Pt2Si1,0.0
B2Mg2O5,5.0801
Ho1Re2,0.0
Ge1V3,0.0
Ba2Cu3Na1O6,0.3757
Cl1Cu6In1O8,0.0
Cu4Ni1S7Si2,0.6174
Al1Cr1Ti2,0.0
Ba2Er1O6Sb1,3.363
Cr2K2O7,2.5016
Fe1O3Sr1,0.0
K3Li2Nb5O15,1.9139
Ge4Sc2V3,0.0
K2O16V8,0.0
B11Li1,0.0
Ag1Rb1Se3U1,1.3673
Ge4Ho1Rh6,0.0
C8Cu2H2N12O1,0.0
Hg1P1Pd5,0.0
Cl4I2O6Pb3,3.3284
O5Ti3,0.2171
Pr1Pt3,0.0
Br1Cl14P3,1.5632
P2Pd2S6,0.0
Ba2Fe1O6U1,1.9266
O13V6,0.0
Au3Ca3In1,0.0
Au2F11H1Mg1,2.068
Dy2O3,3.9311
Be1C4Cl2H16O4S2,4.4739
Cl2Re6S8,1.1972
Ga1La1O3,3.395
Mn2Tb1,0.0
Mo2Nd1O8Tl1,0.0
O17Ti9,1.279
Ge13Ru4Y3,0.0
Dy1Re2,0.0
Al1F6Na3,5.8322
Co2Nb1Sn1,0.0
Ho2In1,0.0
Cd1Cu2Se4Si1,0.634
Dy9O5Sb5,0.0
La2O2Se1,2.3366
Hf1,0.0
Ce1O2,2.4137
Eu1Pd3S4,0.0
Co12P7Sc2,0.0
K2Pd3S6U1,1.3353
La1Mo6S8,0.0
Cu5Sn1Th1,0.0
O2Os1,0.0
P4U3,0.0
Fe1Sb2,0.0
Mn1Pt1Sn1,0.0
O4Tm1V1,1.755
Bi1Cu1O1Se1,0.5414
Cl3Cu1K2,2.695
Cl4Co1N1O3Rb3,3.1699
Ni1S1,0.2667
Ge1Os1Sc1,0.0
Si2Tb1,0.0
Fe1Na1O6Si2,2.6722
Pr1Te2,0.0
O1Pd2,0.0
Mn1Sb1,0.0
Ge1Pt1Zr1,0.0
Cu1Te1,0.0
Al1C1Nb2,0.0
C2Hg1N2,4.6574
C6Co1Cs2N6Na1,5.0855
Nb1O1,0.0
O2Rb1Tl1,0.8481
Al1Pt1Zr1,0.0
C5Cd1Fe1N6O1,2.6805
H12Mg1O9S2,4.3729
Bi1Pd1Se1,0.0
Al2Sc1,0.0
B1Nd1Pd3,0.0
Cu1S2Tb1,1.4301
Ni1Se7Ta2,0.0
K2Se5Sn2,0.8392
As1Lu1,0.0
Ce1Os1Si1,0.0
La5Pb3,0.0
Al2Au2Sm1,0.0
O8P2W1,2.0779
Pd20Te7,0.0
Fe7Mo6,0.0
Pd1Si1Sr1,0.0
La2O11Te4,3.3415
Br1Ca2H3,1.5697
Li1O6Re1Sr2,1.9741
As1C1F5N2O1S2,2.8338
N3Sr2Ta1,2.4279
Ca1I2O6,1.277
C2La1,0.0
Ca2Fe2O5,0.616
Eu1Ge3Ni1,0.0
Cr1S4Y2,0.5537
Nd1O2Rb1,3.5167
Br3Mn1Rb1,3.0812
Nd2O6W1,3.377
Pt2Sn3,0.0
Nb1Ni3,0.0
Ce3Ir4Sn13,0.0
Fe2Sc1,0.0
Ni2Sn1Ti1,0.0
Mn2Y1,0.0
Ga2S3,1.9808
Ca1Li1N1,1.3777
Br1F4N1O2,2.3259
O3Sn1Sr1,0.3295
Ba4Cl6O1,4.3441
F1H1O1,3.2153
O11Rb2Sb4,1.8258
C3H7N3O5,4.7718
Al2Si2Tb1,0.0
As2Fe1,0.0
Dy1Ru2Si2,0.0
Si2Zr1,0.0
Pr1Ru2Si2,0.0
La4Ni1S7,1.4929
Pb1S1,0.4652
Ag1Zr1,0.0
Ce1I4O12,2.0016
F10K1Yb3,0.9463
C2K2Pd1,1.8062
B1Ce1O5Si1,5.2394
Ba2O8Si2Ti1,4.3378
Cu3Ge5K2O14,1.4376
As1Ca1Cu1H1O5,1.3823
Cl3H4K1Mn1O2,3.9786
Ga2Se4Zn1,1.5483
Hf1O8W2,3.8185
Al1Si1Sr1,0.0
As1Ge1,0.2031
O2Te1,2.7958
Au1Ge4Rb3,0.8887
B1Cu1Ir1,0.0
Dy5Sb3,0.0
F5O1Os1,1.4731
Ag2Ge2Nd1,0.0
Ce3Cu3Sb4,0.0
Co3Tb1,0.0
Cu1O1,0.0
Ru1S2,1.2705
As1Cl3,4.0077
Cu1Pr3S7Sn1,1.574
Mo3Se4,0.0
Bi1Cl2K1O4S1,4.1932
C4F6H2O3,5.2261
La1Rh3Si2,0.0
Ge4Se9,1.2802
La1Pd1Sn1,0.0
Br8Cs2Re2,0.4758
Cd1K2Sn1,0.0684
Au1Yb2,0.0
Cr2Pu1Si2,0.0
Pt1U1,0.0
H1Li1,2.9623
Ag6O8S1Si1,0.1852
F2V1,1.707
Cl1F4N1O1,1.6030000000000002
Cs4Se8Si2,1.9365
Al3C3Gd1,0.0
Ba2O6Ta1Y1,3.4794
As1S2Tl1,1.6971
La3N6Nb2,0.0
Ce1Zn1,0.0
Ca1O11Ta4,3.7932
In1N1,0.0
Ba1La2O5Zn1,3.2613
Cu2Ge1Hg1Te4,0.0
Mn3N1Pd1,0.0
Cd3O10Se3,3.1788
F5O2S1Sb1,3.4609
Bi1I3O9,2.4046
Na4Se10Si4,2.4195
As3In2Na3O12,2.3427
H4Mg3O9Si2,4.2523
Ni3Sn2,0.0
B1Mg1Na1O3,3.6152
B6Ce1,0.0
Cu4Ge4Y3,0.0
Cs2F6K1V1,0.0
Ba1Co1S2,0.0
Ba1Ge3Pt1,0.0
C1Cr2Ge1,0.0
Al1Gd1Zn1,0.0
F1Li1O4P1V1,1.6904
Al1F5Sr1,6.3488
Fe1O6Ta2,2.2576
Ca1S4Yb2,0.5579
Cd1Ga2S4,2.2063
K1Mo4O6,0.0
Cd1Li2Sn1,0.0
Ag10C2F8,2.2565
O12P3Rb1Ti2,3.0077
Au1Bi1Na2,0.4665
Cu2O3Sr1,0.0
Cs1F3Fe1,0.0
Er1Os2Si2,0.0
Cu1Th2,0.0
Cl3Cs1Cu1,1.2618
Sm1,0.0
Al1H12N3O15,3.3973
V2Zr1,0.0
O1Zn1,1.8237
B2Er1Ru1,0.0
Hg1O4W1,2.2756
Br5Rb3Zn1,3.7801
Co1La1Sb2,0.0
Cd2Sb2Sr1,0.0269
Al20Cr2Gd1,0.0
As1Fe1O4,0.0
As1Rh2,0.0
Ni1Zr2,0.0
Ga3Pd5,0.0
Li4O4Ti1,4.7326
Ni1Si1,0.0
Fe1Nb1O4,2.4604
Rh2Si2U1,0.0
Ni1Si2,0.0
As2O6Zn3,3.9907
Ag1Au1Cl4,1.2518
K2O3Pb1,1.255
Ba3O9Ru2Tb1,0.6056
Al5Ni2Pr1,0.0
Mn1Nd1Si2,0.0
As1Mg1Na1,0.9766
Cl3Mn1Rb1,3.2262
Ce1Ir2Si2,0.0
Li4O7P2,2.1131
Cu1S2,0.0
Cl1Na1,5.0394
Pt1S1,0.8985
Cu4K1S3,0.0
Co2Gd4Mg3,0.0
Al1Ce1Pd1,0.0
O5P1V1,1.8608
Na1O11V6,0.0
Re1,0.0
B4Th1,0.0
Ca1Fe1O3,0.0
Gd1Rh5,0.0
Pr1Ru2,0.0
Br6K2Se1,1.6987
C2H3K1O4,4.8081
Cu5Y1,0.0
Lu1Te1,0.0
Sb1Se1U1,0.0
Cd1S1,1.1883
F1K1,6.2166
F10Nb1Sb1,4.7257
Ba1F6Te1,4.7892
B1Nb1Ni2O6,2.864
Mn1O4S1,5.8729999999999976
O4Si1Zr1,4.4644
Bi1F3,3.9499
B2Na1O5Sc1,5.0067
Cl1Rb1,4.8414
Yb1,0.0
K2Re3S6,1.4182
Li1O4Rb1S1,5.1272
Fe1O3Si1,2.4851
K1O12Th2V3,3.382
K1Nb1S2,0.8306
Au1Nd1Sn1,0.0
Ga2O11Te4,3.494
Si5V6,0.0
C2F1H12N6O3P1,4.9079
C2Ni1U1,0.0
C1N2,2.3267
Cl1H1Sr1,4.0055
O1V1,0.0
H8Ni1O10P2,0.0
Cu2Se3Sn1,0.0
In1Pt3,0.0
Fe2U1,0.0
Bi2Te3,0.3698
Hf1Ni3,0.0
C1U1,0.0
Al2Yb1,0.0
B4Dy1Mo1,0.3129
Au2Yb1,0.0
Ce1P1,0.0
Br1H1O1Rb2,3.3516
Br2O1Rb4,0.5773
Ir1Ta1,0.0
B2O6Sn1Sr1,3.1057
Co1F2,6.3069
Li0.33S2Ti1,0.0
Pt1Sb2Zr6,0.0
Ba1Cu9Ge4,0.0
As1Dy1Pt1,0.0
Nb2O3,0.0
La5P12Ru19,0.0
Ba4O10Ru3,0.0
Na2O12Sr1V4,3.0079
Co1Te1,0.0
Nb2O6Pb1,2.7347
Co2Fe1Ga1,0.0
Li3N1,0.9844
H3N3Pb1S2,1.8888
Br1O1Pr1,3.7752
Ni1S2,0.0
Cl3Cs1Mg1,5.104
B1Ni4Yb1,0.0
P1Yb1,0.0
Hf1Re2,0.0
Ge1O5Rb1Sb1,2.1482
Cd1Cs1N3O6,0.0
As1F6Na1,4.9175
B2C2La1,0.0
As2Ni1,0.0
Cd1Te1,0.7058
Ba2Cu3O6Y1,0.0
Pt2Si2Th1,0.0
Co1O1,0.0
S4V3,1.1802
Ba1Cu2Ge3H2O10,0.0
Li2O3Te1,3.6102
Cd3P2,0.0
Hg2P2Se6,1.1233
Al12Ce3Ru4,0.0
Al3Hf1,0.0
Ho1Ni2,0.0
Mn2S4Si1,1.7003
Cl1Na1O4,4.4935
Nb8O14Sr1,0.3771
Cl2O6Pb3Te2,2.5598
Gd2Mo4O18Sb2,3.1285
Al1Cl1H6O4,5.1257
Br3Ga1Li1,2.9853
Ni5Tb1,0.0
Ge1La2O5,3.8381
Nb1,0.0
Ag2O12Sr1V4,2.7903
Ga7Ni3,0.0
Ge1Mn1,0.0
B2Ca1H2,0.0
Cr1La3O6S3W1,1.4753
K2Se5,0.7495
O3Pb1Se1,2.8381
Ca1Ge2Mn2,0.0
P7Ru12Sc2,0.0
Gd1Mg1,0.0
Cu1F3K1,1.6858
Ga4Ni1Yb1,0.0
C2Ca1Mg1O6,5.0093
Al3Yb1,0.0
Fe2Tb1,0.0
Ir1Mn3Si1,0.0
As2Yb1Zn2,0.5399
Pd1Th1,0.0
As1F8Sb1,3.8671
Cd1Ge1Te4Tl2,0.3694
Ga1Se8Ta4,0.0
Fe1Pd3,0.0
Rh3U1,0.0
Cr1F3,2.7971
Mn1O4Re1,0.0
Ag1I3Rb2,2.8923
Ca4O1Sb2,0.9137
Ni2Si1,0.0
Ge1Ho1Rh1,0.0
O2Pr1,0.0
Ir1Na1O6Sr3,0.0
F1Na1,6.1288
Mn1Ni2Sb1,0.0
Nd1Te2,0.0
Ag2Ca1Ge2,0.0
In2Rh1Yb1,0.0
As1In1,0.0
Ce1Co1Sb2,0.0
C2H10N2O5,3.3853
Er1,0.0
Mg3O8V2,3.2963
Ge1O3Pb1,0.0
In1Pt2Pu2,0.0
Ba2Ge4Ni5,0.0
Dy3Fe5O12,1.6969
Al9Fe4Si6Tb1,0.0
Al3Br12La1,3.4643
In3Nd1,0.0
Fe17Th2,0.0
Ne1,12.1534
Cu4K2Se9Y4,0.9011
H2Mg1O2,4.349
Nb1Se2,0.0
Ag4S8Sn3,0.4142
O3U1,2.8862
Ho1Sb1Zr1,0.0
Co1Mo1O6Sr2,2.1554
Ba2Cu3Er1O7.02,0.0
Fe1Ga3,0.5416
K2Mo3Se18,0.922
Ni3O8P2,2.6928
Mn1Pr1Si1,0.0
Li3N2Na3,0.0
Ag1In1Se2,0.4035
Ce2Ge3Zn6,0.0
Ge3La2Zn6,0.0
Sn1Sr2,0.2295
Co2Si2Sm1,0.0
Cd1Cr2S4,2.2489
Er3F10Rb1,7.2698
Ba1Se3Ta1,0.0
Ba4Mn3O10,1.232
O4Pb1W1,3.3148
La1O1P1Zn1,0.8652
As2Ca4O1,1.2039
Au1Eu1Sb1,0.0
H3O8Rb1S2,5.6549
Al4Dy1Ni1,0.0
Co2Nd1,0.0
Ca1O3Ru1,0.0
In1Th1,0.0
Ni3Sb1,0.0
H1K1Mn1O10P3,0.7906
C9Fe3O9Te2,1.87
Cu2Ho1Si2,0.0
O3Sr1Tb1,0.0
Pb9Rb4,0.3164
Cu3O8V2,0.9701
Ca1O7V3,2.144
K1Li1O4S1,5.3149
Cl2H12N4O2Ru1S1,2.506
Eu1Zn2,0.0
Sb1,0.0
Se5Sr1Th2,1.4336
In1Ir2U2,0.0
N4Si3,4.252
As1O5Rb1Ti1,3.2518
B2Gd1Ru3,0.0
Ag1Cl1O2,1.3516
Ba1C2H2O5,3.1630000000000003
Ga9Ni13,0.0
Se4Yb3,0.0
Au3Eu1In3,0.0
Ge1Se4Yb2,0.9819
Re0.83Zr0.17,0.0
Ba4Nb14O23,0.0
Al8Cu4Eu1,0.0
Cs1I1,3.6815
Fe1Ta1Te3,0.0
B1H4Li1,6.9473
Al1Co2Zr1,0.0
Nd1P1,0.0
H8N2O13P4Sn1,3.3525
Ni2Sn1V1,0.0
Br3Ge1Rb1,3.1848
C2Cs1H1,4.5735
Sb1Ti1,0.0
Ba1Ni2O8P2,3.4921
H3W1,0.0
Cu3Ga8V2,0.0
C1W1,0.0
Al2F1H8K1O12P2,4.9908
B1Co1W1,0.0
K1O5P1Ti1,3.3542
Ag1As1F7,1.504
Ge3Pr4,0.0
Cr3Ir1,0.0
Al2Co3O12Si3,3.8371
Hf2Ni1P1,0.0
Cr1F10Sb1,1.2916
Ba4Cu3Ge20,0.0
Cu2Ge1S4Zn1,0.6728
Au1Cu3,0.0
Ru1,0.0
Ho1Rh1,0.0
Er1Ru2Si2,0.0
C5Fe1H8N6O4,2.7817
Br2Hg5O4,0.0
Pt1Sn1Sr1,0.0
Os2Tb1,0.0
Bi2Pd1,0.0
Ge1Ir1,0.0
Ce1Ge2Rh2,0.0
Ba1O3Pr1,0.0
F1K1O2S1,3.9952
Na1Se2V1,0.5612
F6W1,5.0303
Ce1Fe2,0.0
Ba1Cl2,5.1303
C1Cr2Pr1Si2,0.0
Ba1Ho2Ni1O5,1.9959
Cr2Te3,0.0
Ba3Cl4Li2O7V2,3.1219
Bi1Te2Tl1,0.4273
S6Ta3V1,0.0
Ba3Nb16O23,0.0
Ag2Br2C3H12N6S3,3.1538
Cl6Cs2Pt1,2.2212
B6Nd1,0.0
Hg2N2O4,2.0783
Mn1Na1Te2,0.0
H3O4P1,5.9108
Dy1Rh1Sn1,0.0
Nb5Te4,0.0
Br1K1,3.8662
In1Na1S2,1.9155
Cd1N6,2.8309
Cl1Eu1F1,3.0258
Cl8In2Ru1Te9,1.2579
Co1Ti1,0.0
C6Cs2Fe1K1N6,0.4847
B6Er1,0.0
C4H2O6Sn2,2.1283
Al6C5Cl12H16O6,5.5045
B3Cd1K1O6,3.8037
C2Er1,0.0
Ga41Mo8,0.0
Ag1Zr2,0.0
Gd1Ru2,0.0
C1Y1,0.0
B1Ba1Cu1Nd1O5,0.0
Cu1F6Sn1,2.1449
Co12Nb2P7,0.0
Pu2Re3Si5,0.0
C1Si3Tb5,0.0
B2Cs1Nb1O6,3.2844
Bi1Pr1,0.0
Ba2Mn1O6U1,0.0
Pd1Sn1Tb1,0.0
H6K2O10Se1Te1,3.4207
C4Hg1Mn1N4S4,2.3168
Dy4Ge6Ir7,0.0
Cr3Ni2Si1,0.0
Ba1S3Ti1,0.0
B6Nd1Ni12,0.0
Cl4S1W1,2.1406
Cu2Fe1Ge1S4,0.8744
H3Ni1O7S1Y1,2.1248
Cl1K1O4,5.5292
As2O6Pd1,2.2642
Be2Ti1,0.0
Ca1H8N12O4Rb2,4.2776
Eu1S1,0.7163
Cu3F12H24Mn2O12,1.7921
Pb2Pd3Se2,0.0
I1Li1O3,3.6754
La1Pd2Si2,0.0
C1Ge1Ni3,0.0
K2O6S2,5.0293
Te5Zr1,0.0605
Cl3Pu1,0.0
Ca1Mg1Na2O8P2,5.1095
Fe1Se2Tl1,0.0
Cd1Na2S4Sn1,1.7922
Hg1S1,0.0
Ba1C2,1.6124
Co1In3,0.0
Cu1Nd2O4,0.0
Ga1Li1O6Si2,4.4014
Hf2P1,0.0
Al1O2Rb1,3.3753
Cu1Ge1Pr3Se7,1.1282
Co1Si1V1,0.0
C1I14Zr6,0.7956
Eu1Pd2Si2,0.0
H3Na1O3Zn1,3.7181
Dy1Fe2Si2,0.0
Ga1Hf2Sb3,0.0
K1N1O3,2.9665
Na1O12P3Ti2,2.8526
As4S4,2.3576
Cu2Er1In1,0.0
F4K1Na1O2W1,2.483
Co9S8,0.0
Mo1Ni4,0.0
Cd1Na2Sn1,0.0
Ca3N2,1.1118
La1Mg2Pd1,0.0
B2Hf3Ir5,0.0
B2Be2O7Sr2,4.088
Hg1Li1,0.0
Fe1Li2O4Si1,2.8294
Cr1Cs1I3,0.0
Se1Tl1,0.1461
Cd1Gd2Pd2,0.0
Ce2Co1Si3,0.0
Ga2Nd1,0.0
Hf5In4Rh2,0.0
Ga1K2Na1P2,1.3458
Cu2Si2Tb1,0.0
F2Xe1,2.6558
Cl4O1W1,2.0164
Ge1Mn1Ni1,0.0
Na2Tl1,0.0
Co1O6Pt3,0.6013
Cs1H2O4P1,5.1461
F6Fe2Rb1,0.9867
Ga2H4K1Ni1O14P3,4.1386
In1Te2Tl1,0.505
Mn2O14P4Si1,4.1208
Sn1Y1Zn1,0.0
C2Ca1K2O6,4.3731
Cl2Cs1I1,2.339
Nd2Rh1Si3,0.0
Ba2Cl7Sc1,4.1613
B2Pu1Tc1,0.0
Rh1Sb2,0.0
Fe2In1Ti1,0.0
Ga1N1,1.7509
Ag1F4K1,2.1487
Fe1H8O12P2Zn2,2.745
Al2Mg1S4,3.0588
Cs8Fe2O7,0.2727
Cs1I3Mn1,2.5547
Be13Nd1,0.0
N1Ti1,0.0
Ba1,0.0
Ca1Cu3O12Ti4,1.719
Sb2V3,0.0
Cu8Fe2O21P4,0.3317
Ge1Se1,0.7919
Al1H2Li1O5Si1,4.864
Cs1F1,5.2752
Ba1Cu1Dy2O5,1.457
Rh3Sc1,0.0
C1Fe1Na3O7P1,3.2388
Ca1Mg1O6Si2,4.9579
Br1Li3O1,4.2806
Dy1S2Tl1,1.5225
Pd1Se1,0.3988
Cr1La1O3,2.0751
Fe1Na1O2,0.0
Cd1F2,2.8960000000000004
Ca4P5Pd5,0.0
Cu1Na1Se1,0.3663
Co12P7U2,0.0
Er1Tl3,0.0
C5Cl1O5Tc1,2.7677
Br1I1Pb1,0.0
Cu5Zn8,0.0
In1Pt2Sc1,0.0
Cu2Gd1In1,0.0
Nb2Se3,0.0
In1Pd2Tb2,0.0
Cl1Cs3O1,1.596
Pt1,0.0
Hf8Ni21,0.0
Al2Er3Ni6,0.0
Hg3Se4Tl2,1.0614
O9Ti4Tl2,3.1116
C2Cu3H2O8,1.2392
O4Pb3,1.1155
Er5Ru2,0.0
Al2Au2Nd1,0.0
Ga2H6O12Se3,4.0544
Ni4Sn10Yb5,0.0
Mn1S1,2.0884
Co2P2U1,0.0
Rh3S2Tl2,0.0
Cr2Hg1Se4,0.0
Er5Rh3,0.0
Ca1Cd2,0.0
Li1Mn2O4,0.0
Ag2Ca1,0.0
Cl3Cr1H12O6,3.0218
Si1Sr1Zn1,0.0
Be1H3Li1,4.4113
Cl3Fe1,2.165
C3Re2U2,0.0
B4Co1O7,3.8581
C6Co1Fe1K2N6,0.0
Ba1Cd2,0.0
Fe1Zr3,0.0
C2H12N14O1,1.9643
F1Tl1,3.1078
As2K2Ni1,0.7764
F1H2K1Li1O4P1,4.9683
Fe3Ga1,0.0
Cu2Pr1Si2,0.0
B2C2Dy1,0.0
C3S8,1.7013
C3Cr2Dy2,0.0
Cl1In1,2.1727
Pu1Ru1,0.0
Pd3Pr1,0.0
Al8Fe5Si9U6,0.0
Ga2Ho1,0.0
Al1Ni1Pr1,0.0
Al8Dy1Fe4,0.0
K1N3O4,2.7173
Co3Er1Ga2,0.0
Au1Ba2Tl7,0.0
K1,0.0
Hf1N2,0.5872
Ba2In1O6Ta1,4.0976
Te3Tl5,0.0
Al2F1K4Nb11O20,0.654
B2Ba2Cl1Gd1O6,4.0014
F6O2Pt1,0.0
Bi1O4Sb1,0.5051
C1Cs4O4,1.3155
Au1Lu1Sn1,0.0
O2Rb10Tl6,0.0
Fe1Hf4P1,0.0
In6Se7,0.0
Ho2O2Se1,2.1444
Ga2S4Zn1,2.4489
N1O1Ta1,2.4162
Ir1Ni1O6Sr3,0.6399
Cr1F5Mn1,2.376
B4V3,0.0
Ge2Mo1,0.0
Ag1Al1Se2,1.5646
Ni5P4,0.0
Ru2Th1,0.0
Ce1Co2P2,0.0
Al1H2Na3O9P2,4.5093
Cr1Nb4Se8,0.0
La3Pd4Si4,0.0
Al10H2O16,4.2765
Gd2Ge3Zn6,0.0
Cl4H13N5O2Ru1Zn1,2.7178
Ni1Se1,0.0
Ca2N1,0.0
N1U1,0.0
Ba2O8Si2V1,2.3525
Ni2Y1,0.0
Nd1Zn11,0.0
B1Pt2Y1,0.0
O6W1Y2,3.3393
Au1Ba1,0.0
Ga1Li1N2Sr1,1.9243
Cu1S2Yb1,0.0
C12N6,3.1072
Ca1Hg11,0.0
Cu1Se1,0.0
Ir2Si2Sm1,0.0
Ga1Nb4Se8,0.0
Ni1Sc1Si3,0.0
Dy1O4V1,2.9602
Br6Si1Tb4,0.0
Ca1Li2N4Si2,3.4823
Cs8Na16Si136,0.0
Ho1Os2,0.0
As1Ho1,0.0
Cd1O9P2V2,1.4358
Al6I2Na8O24Si6,4.171
Ce1Ga1,0.0
Ba1Ga2,0.0
Mg1Pt1Sb1,0.0
Na1O3Ta1,2.504
Ag1O1,0.3362
As1Cu3,0.0
C1Mg1N2,3.7609
Al4H8O18Si4,4.9235
Ge3La2Li2,0.0
Bi1Cl3O3Sr3,4.0625
Cu1Zr1,0.0
As2Eu4O1,0.247
Ca1H2O2,4.1003
C2F6Fe1H12O12S2,3.8631
Ce1Ge1Pt1,0.0
Mg2Sb2Sr1,0.9757
Cl4H4N1Tl1,2.4153
C2N2S4,2.9528
N1Na3,0.0
Ba1Fe1O3,0.0
Al1Sc1,0.0
Fe2Ge1O4,1.0439
Ag9Ge2I1O8,0.47
Pd1Sb1Yb1,0.0
O6Sb2Zn1,0.7319
Au1Si1U1,0.0
Co6Ge6Ti1,0.0
Cu3N1Pd0.25,0.0
Pt1Sn2,0.0
Er1Ir2,0.0
I2Zn1,0.0
In1Pd2Pu2,0.0
Ce1Ni1Si2,0.0
F1H4N1,5.96
Cl6Te1Tl2,2.5503
Ga4Ni1Y1,0.0
Au1Cs1O1,1.658
Mo3N1Ni2,0.0
Pd1Sn3,0.0
Cd1O2Rb2,1.3562
O2Pt1,2.0533
Cr1Li1O6Si2,3.219
Cu1O3Sr1,0.0
Ce1N1,0.0
Cu6Nd1,0.0
Ca3O8V2,3.4342
La3Ru1,0.0
Cd13Rb1,0.0
Pd1Sb1Tb1,0.0
Au1Ge1Y1,0.0
O4Pd3Sr1,0.0
Ag1Br1O1Pb1,0.3576
Dy2N3,0.0
Co1Mn2Si1,0.0
O12U1Y6,2.84
Pt1Sb1Se1,0.0
Li1O2Tl1,0.4581
F10K1Y3,6.9441
As1O5Sb1,1.7796
Cu1Se2,0.0
Cu1K1Se1,0.4621
P1Ru2,0.0
As2K3Nb1O9,3.4928
La2O7Ti2,3.2676
I6S1Sn4,1.391
H2Li1N1,3.1119
O4S1Sn1,3.992
Mn2Si2Th1,0.0
Ca1O2,2.7622
Fe1Ti1,0.0
Cl4Co5Mo4Na2O16,2.7792
As1Yb1,0.0
Pr1Se2,0.0
Mo6Pb1S8,0.0
Ni3V1,0.0
B6O1,1.8609
Cr2Cu1S4,0.0
Mg1Ni2,0.0
B2O12Pb6W1,2.4664
Ir1Mg1O6Sr3,0.0
Ca1Co4Cu3O12,0.0
La1Mg1Na1O6W1,3.1933
Cu3S3Sb1,1.1531
Bi1P2S6Tl1,2.0139
O8Pb3V2,3.0436
In3Tb1,0.0
Hf1Os1,0.0
Ce1Ir5,0.0
Er1Rh1,0.0
Cu4Na1O12Te2Tl3,1.1282
Cu1Nd3S7Sn1,1.5461
Mn3Sn1,0.0
Ce1O16Zr7,2.7211
Ru4Sb12Sr1,0.0
B1Ni4U1,0.0
B2O7Pb4,2.5359
La1Mg1,0.0
Al5O12Y3,4.4967
P2S6V2,0.8462
Be1H2,5.4212
Mn1Pd3,0.0
Cl4U1,2.2674
Ba2O5Tl2,0.5949
Hg2Mo1O4,1.9781
F5H8N2Nb1O2,4.9624
Cl2N2S1Se2,1.7491
Mo2O8Zr1,2.8293
In2O12S3,3.8882
Pd9Te4,0.0
Al1Ni3,0.0
Mo1Ni1O4,2.7776
Al8Lu1Mn4,0.0
O5Si1Sr3,3.7832
Cd1H4O4P2,4.468999999999999
As1F1O4Rb1Sc1,4.0264
Au1K1Se5,1.0059
Al1Ca1H5,3.2847
Eu1Ge1,0.0
Ga2O4Zn1,2.8549
B1C2Cs1F8,6.3968
In2Te5,0.84
Ga4Mn4Ni8,0.0
B1Ca2Cl1N2,3.3298
In1Nd2Pd2,0.0
F1H2O1Rb1,5.3182
Nd1S1,0.0
Fe3P1,0.0
Se1U1,0.0
Bi2Zr1,0.0
Cl12Hf1Se2,2.7880000000000003
Cl18H1Li6Zr6,0.9696
Au3Y1,0.0
B3Li5Na4O9,3.8044
Co4Si7Zr4,0.0
Bi1,0.0
Fe1Sb1V1,0.8366
B1Ca1Li1O3,5.0277
Br18C1K4Zr6,1.177
La6O18Re4,0.4973
Cu1O2Y1,2.7634
Li1Lu1Sn2,0.0
As3Ba1,0.0
Cr1O7P2Rb1,2.82
Ca1H4O6S1,5.283
Fe3N1W3,0.0
Fe1Nb4Se8,0.0
Al1Pd2Sc1,0.0
Ge1I3La3,0.0
C1Ru1,0.9585
K5Sb4,0.0
Ho1P1S4,2.1538
Cu1F1Na0.125S1Sr0.875,0.0
Ge2Th1,0.0
Ce3Cu1Ge1S7,1.7138
Ge3U1,0.0
Ag1Ho1Sn1,0.0
Al2Dy1,0.0
Co1P1,0.0
Cu1K2S3Sb1,1.4505
W1,0.0
Ba3In2O16P4,3.8258
Ga1O3Pr1,0.6346
Fe2Na3O12P3,2.1177
F6K2Na1Y1,6.25
In1Pd2Sr2,0.0
Co3S2Sn2,0.0
Sb2Se1Te2,0.0
Dy3Pt1,0.0
O3Rb1Ta1,3.717
Cr1I6Tl4,1.4506
B1Cd1Li1O3,2.2141
Ca1O3Zr1,3.8241
Co1Dy2In8,0.0
Cu6Pu1,0.0
Al10Ba2H2O18,1.8639
Al1Ce1O3,3.6886
Lu1Pd2Si1,0.0
La3Pt4Zn4,0.0
Ca3Cr2O12Si3,3.3536
K2O8S2,3.4960000000000004
O4Ti1Zn2,3.1011
Cr1Ge2Na1O6,2.8063
Hf1N1,0.0
Al14O25Sr4,3.9508
H3O3Tb1,3.5517
Cs1H1,2.3222
Mn3P6Pd20,0.0
C1Cl1N1,5.7867
La1Ni4Sn2,0.0
Mg1Zn2,0.0
As2Ta1,0.0
Br3Cd1H4N1,2.6224
Mn2Pu1Si2,0.0
Ag7P1Se6,0.6704
Hg1N6,2.5722
Bi2O3,0.106
Co1Hf1,0.0
Cr1O4Pb1,1.8163
O8Se2Sr1U1,2.8526
Co2Sn1,0.0
Mo1O3,1.8574
Tc1,0.0
Ge1Mn1Te4Tl2,0.3606
Ce1S2,0.3473
Se4V3,1.0112
Dy1Ga3,0.0
Al2Ce1,0.0
Al1Er1Pd1,0.0
B1O5P1Pb1,4.2822
Al3Ba10Ge7,0.0
Ir1O6Sr3Zn1,0.0
Ho5Ir3,0.0
B4Mo1Th1,0.0
Co13La1,0.0
Na1,0.0
F6K2Na1V1,0.0
Ge1Mg2O4,3.0164
C3Cl3Cs1O3Os1,3.7058
Ni1Pt1,0.0
Lu5Pb3,0.0
Ag1Ga1Te2,0.5254
Er1In3,0.0
I1O7Sb5,2.5652
Ag1Cd1,0.0
Ba1Rh2Si2,0.0
Co5La1,0.0
Bi1Cu1Mg1,0.0
Ni1Y1,0.0
B3Li1O5,6.3508
Rh1Se1,0.0
I3Pr3Pt1,0.0
H4Li1N2Rb1,2.3348
Ba2O6Sr1W1,3.0555
Ni5Th1,0.0
B6Y1,0.0
Hg1O1,1.1971
As2Ca1Zn2,0.7229
Cd1Te4Tl2,0.1117
Bi2Cd1Ge1O6,1.9139
Cu1S2Sb1,1.0218
N4Ta2,0.0
Cu1Er1S2,1.9183
O7Ru2Sr3,0.0
Au1Zr2,0.0
Sr1,0.0
La1Pb3,0.0
Al3Ca2H1O13Si3,5.0422
Ag4Eu1Sb2,0.0
Eu1Pd1Sn1,0.0
As3Cu13S16V1,0.0
Ge1Mn1Rh2,0.0
B2Co3Dy1,0.0
Er2Fe1Si2,0.0
Ga1Mn1Ni2,0.0
Fe1Si2Ti1,0.0
Li2Mg1Si1,0.0
Pb1Te3Tl4,0.1015
Ni2Si2Yb1,0.0
Dy2Hf2O7,3.2251
Gd1Se1,0.0
In1P1,0.5777
Cr2Fe1O4,0.0
Mn23Tb6,0.0
Bi1Na1O2,1.2152
B1Nb5Si3,0.0
Al4Mg2O18Si5,4.8236
Al1Ni2Zr1,0.0
Dy1Si1,0.0
In3Ru1,0.1768
Cu5La1,0.0
F6K1Na1Si1,6.9729
F6Li1P1,7.5216
B12Y1,0.0
Be1F4Li2,7.5901
Ag1C1,0.0
Ni2Si2Th1,0.0
As1Hf1Ru1,0.0
Ni3Ta1,0.0
Mo1,0.0
Ce1Pd3,0.0
Er7Rh3,0.0
Cu1Mn2O4,0.0
K1S2Ti1,0.0
Co1O4Se1,2.7538
C1O4Rb4,1.162
C2Mo1U1,0.0
Ge1K4O4,2.7865
C9Fe2O9,2.5989
Nd1Rh2Si2,0.0
Cl1N1O6,1.3795
Ba5Ge3,0.0
Ba1Mg0.333O3Ta0.667,3.3957
Hg1K6S4,1.7077
O2U1,0.0
Ca5P8,1.1395
Hf1Pt1,0.0
Cu2Li1P1,0.0
Hg3La1,0.0
Cu2Mg1,0.0
Pt3Zr1,0.0
Ir5Nd1,0.0
K1Nb8O14,0.0
Cs4Si4,1.5676
Cu3Gd3Sb4,0.0
Co1P2U1,0.0
Mg1Sr1,0.0
Mn1P1S3,1.414
Pd3Sb4U3,0.0
Ge1O3Sr1,3.3222
Pu1,0.0
B4Co2Mo1,0.0
P2Rb4Se9,1.4233
Co3O8P2,3.5659
Fe2Pr1Si2,0.0
S2Ta1,0.0
S5Sb2Sn2,0.777
Nd1Zn5,0.0
Gd1,0.0
Cr2O4Zn1,4.3245
Fe5Nd1,0.0
Al1Pt1Ti1,0.0
Mn1Pr1Si2,0.0
Cl2Ni7O18Te6,2.8041
Cd1Dy2Se4,0.619
Cu2Ga1Ho1O7Sr2,0.0
I12Ru2Te14,0.9308
Ni1Pr1,0.0
Au1,0.0
Dy1Tl1,0.0
B1Ca1Ni4,0.0
H6Na1O6P1,5.2145
Co1S2,0.0
C2Cl2H10N2Pt1,3.0964
C1Ca1F1K1O3,4.3435
Ce1O4V1,2.5034
Co1P1Ta4,0.0
Li1Mo1O2,0.0
Br4Sn1,2.4422
Cl3Cs1Pb1,2.1936
C60Rb6,0.6934
Ag1Fe1S2,0.0
Pu1Re2,0.0
Os2Sm1,0.0
Ge2Pt1,0.0
Ge1S8V4,0.0
Cl4Os1,1.6392
Ce1Cu2Zn3,0.0
Br1O3Rb1,3.9725
Ba1La2O14Te5,3.2263
As1La1O4,3.6442
F6S1,6.1255
Ag1C1N1O1,3.2206
I1Li1,4.2453
As12La1Ru4,0.0
Al3Ni2Th1,0.0
Cs2O13V5,0.0
O3Pu2,0.0
Cr1O4Yb1,0.5105
Ag1Sn1Y1,0.0
As2F8O2Rb2,3.6406
Ba1O8P2Sn1,3.1813
Dy3Os1,0.0
Al1N1Ti2,0.0
C1Ge1,0.0
Ge2Zr1,0.0
Ag5Ba2La1S6,1.6645
C1H3N1O1Si1,5.6253
C6F2H14Mo1N2O4,3.1587
H1K2N1O7S2,4.7385
Ca1O4W1,4.0948
Ba1Li2O4Si1,4.386
Li16N8O1Ta2,3.3555
Fe2Mn1O4,0.8808
C5H11Mn1N1O6,0.0
Eu1K1Na1O5Ta1,0.0
B1Ta2,0.0
B3Li1S6Sr1,2.9052
Pr1,0.0
Ga5Tb3,0.0
Ce1Pt1Zn1,0.0
Nb2O12P3,0.0
Cu3O16P4Sr3,1.5522
Na1O4Pt3,0.0
Cu2Hg1Se4Sn1,0.0
In1La3,0.0
B6La1,0.0
Y2Zn17,0.0
Co4Nb2P3,0.0
Ba2In1Sb1Se5,0.8028
Ru1Ta1,0.0
F7Sn1Y1,4.3482
As2Ba1Cd2,0.2443
Br14Mo6Pb1,2.4885
Hf1O4Si1,5.3075
Al3Sc1,0.0
N3P1Zn2,3.2646
B1Cr1,0.0
Au1N12Rb1,1.4977
N5Ta3,1.4467
Ge3V1,0.0
Br3Cd1Cs1,3.0035
Ca2Cu1O3,0.0
Br1Tl1,1.9503
Cl3Sb1,3.757
Ce1Ni2Si2,0.0
Fe1O4S1,3.693
F3K1Zn1,5.183
Li1O2Sc1,4.3532
Ba4P3,0.7444
Co2In1Tb1,0.0
F4O1Ru1,1.0551
Ca1Co2P2,0.0
I1K1Ni1O6,1.7027
C2H7N1O1S1,5.0278
Cu3S4Sb1,0.0
Al1O4V1,3.0435
Mo3Os1,0.0
Gd1Ni2Si2,0.0
La1Rh1Si2,0.0
La3Sn5,0.0
Al2Ca3O12Si3,4.9987
O6Ta2V1,0.9949
C6Cl4La6,0.0
H16Mg3O16P2,4.9641
K1O2Tl1,0.8816
N1Pt1,0.0
Cl12Re2S1,1.4478
Cd2O7Os2,0.0
C3O11Tl4U1,2.9157
C1Er5Ge3,0.0
Ce1Cl6Cs2,2.2696
Cd1Dy4Rh1,0.0
La5Si4,0.0
O7Pt2Sb2,0.0
Ge2Ho1Ir1,0.0
Ga1La1,0.0
Bi1Te1,0.0
O4P1Y1,5.8066
Au2O4Sr1,1.7725
Br6Rb2W1,0.0
P11Rb3,1.9336
Co1Ga1Mn1V1,0.0
La1P1,0.0
B1Re3,0.0
As2F12N4Se6,1.1967
Na4Ni7O24P6,3.1522
Pd2Si1Sm1,0.0
C6Cr3W20,0.0
Ag1As1Mg1,0.0
C2H6P2S6,2.2058
H8K2N4Zn1,2.1177
Li2S3Te1,0.9734
C3Ca2H1Li1,1.2462
Ga1Se1,0.0
B5Mo2,0.0
As1Bi1O4,2.7352
Sn1Sr1Zn1,0.0
Cd1Lu1,0.0
H2K1N1O3S1,5.1565
Hg1Pt1,0.0
Ga1Hf1Ni2,0.0
Cu1Sb3Zr2,0.0
Ge3Li2Ni1O8,2.8891
H6Li1Mo1N1O5,4.1261
Na1Tl1,0.0
Dy1Ge1Mn1,0.0
C1Ni2Ta4,0.0
C1Si1,2.2984
H2K1O4P1,5.4042
Eu3Ni6Si2,0.0
B2Fe2Ho1,0.0
Ho1K1O8W2,3.5028
Cr2Cu1Se4,0.0
Dy1I3O9,3.5304
Fe23Y6,0.0
Er1Mn2Si2,0.0
Ge2Pd2U1,0.0
Cl1N1Zr1,1.7602
Fe1Sn1,0.0
As1Fe1Li1,0.0
Ca1H4Mg1Ni1,1.9525
Mn1S2,1.2339
Ir1O2,0.0
Dy1Ge1Ti1,0.0
Ir1,0.0
Ni16Si7Ta6,0.0
Ba1Co1O3,0.6168
O2Pb1,0.0
Ba1Se5U2,0.5176
C1In1Ti2,0.0
Cu1S7Sn1Y3,1.361
Co4Ge12Ho7In1,0.0
Ge4Li9,0.0
C2Cs2H8Mg1O10,4.4991
Gd1Pt1,0.0
Mn1Rb1Te2,0.0
O4Sn1Sr2,2.2524
Al3V1,0.0
Na4O12Si3Zr2,4.3175
Au1Cl4Tl1,1.8175
Ag1Cu4Ho1,0.0
F3Ni1Rb1,4.0541
Nd2O7Zr2,3.3495
Pr1Sn1Zn1,0.0
Au1Ba4Na1O8,1.3663
Ce1Si2,0.0
Pd2S4U1,0.0
Mg1Mn2O4,1.7773
O7Pr2Zr2,3.4291
In1Sb1,0.0
K2Sn1Te5,0.4475
Pa1,0.0
Cr1K1O2,3.3747
Cr2Ge2Th1,0.0
P1S4Sn1Tl1,1.8642
O4P1Sc1,4.8931
Ir1Ti3,0.0
Ga1Hf1Rh1,0.0
Al1B4Yb1,0.0
Ce3In1,0.0
Ag4P2S6,2.015
Ru1Th1,0.0
Zn22Zr1,0.0
C1Tl1Zr2,0.0
Al1As1,1.5011
H1,8.6119
Ga2Sc1,0.0
Co2P2Sm1,0.0
Br2Ca1,4.6080000000000005
C4Ca1Mg3O12,4.8082
C1Mo1,0.0
Cu3Ti2,0.0
Mo1N1,0.0
Mn1Te2,0.6153
Sn3U1,0.0
H1Li1Nd2O3,1.6156
Ge4S10Tl4,2.0507
Au1Pr2,0.0
Cu1In1Tb1,0.0
Ca5P12Rh19,0.0
Ba3Fe3Se7,0.3994
Li2Te1,2.498
Nd2O13Te2W2,3.2012
Cu6Ga5Mg2,0.0
In1Yb1Zn1,0.0
Co2Dy3Ge4,0.0
Cl3Re1,0.8825
B1Co3O5,0.7721
Al1Ca1Pd1,0.0
C2Ir1,0.0
C1Co3Mo3,0.0
C1Fe2,0.0
B2Fe1Rh5Sc2,0.0
Al2Ge2Sr3,0.0
B4Ru1U1,0.0
Ge4La3Li4,0.0
Mg2Yb1,0.0
La3N6Ta2,0.0
B2Nb3,0.0
Ba2O6Re1Y1,0.0
Au1In1Li2,0.0
Er6H40N8O49,3.0203
Co1Ge1Mg1,0.0
C1K1N1,5.218999999999999
Ca1,0.0
Pt3Zn1,0.0
C1O1,6.0226
Cr1Ge2Li1O6,2.9579
Al1Lu1Ni1,0.0
C1In1Ti3,0.0
C5O5P4S3W1,2.3828
Ca1Cd2Pd1,0.0
Cl2Cu3O4Sr2,0.0
Co1Sc2Si2,0.0
C1Mo2,0.0
As1Sr1,0.0
H2Sc1,0.0
Au1In2Na1,0.0
Fe1S1,0.5272
Bi6Br2O14Se3,3.0649
Mn2Ta1,0.0
Rh3Si4,0.0
Cr1Er3S6,0.5775
Ag3S6Sb2Tl3,1.6108
I1In1,1.3079
I5In1Sn2,1.4196
Fe1Sb1,0.0
H30N7O12P3,4.6235
Cu1Ge4Hf2,0.0
C1Co3,0.0
Bi1Fe1O3,1.894
I1La2Ni2,0.0
Co16Sc6Si7,0.0
Br2Ca3Si1,0.319
Al1C2Ta3,0.0
Ag5Eu1,0.0
Fe1Ge2La1,0.0
Al1H4Na1,4.6685
Ce1Se2,0.0
Se2V1,0.0
Ge2Na6Te6,1.261
Ca3Hg2,0.0
C1O6Pb2S2,2.7259
As2Ni5,0.0
Ni1P1Ta4,0.0
As4Cu6Hg3S12,0.4856
Cl2H8N2O2Pt1,1.969
Er1Ge1Mn1,0.0
In2O5P1,2.1097
Ba3O8P2,5.147
Er5Pb4,0.0
Ce3Tl1,0.0
Te4U3,0.0
Hf9Re4Se1,0.0
F6K1Na1Sn1,4.7017
O9Sb3Tl2,0.0
B2N4Na0.67Sr2.67,1.9733
Ag1Bi3S5,0.8085
Pt3Y1,0.0
Co1P1Sc1,0.0
Sb2Tl7,0.0
La1O7Rb1Ta2,2.5243
B2Mo1,0.0
Ba1Cu1S3Sc1,1.1741
Fe2P1,0.0
Co1P1Sm1,0.0
Mn1Sn1Te4Tl2,0.3447
Ag1Cd3F20Hf3,0.0
B2Mg1,0.0
Cd4La6Pd13,0.0
Cr2O12S3,2.7694
In1La2,0.0
F3Pb1Rb1,3.0536
Ca1Ge1,0.0
Al1Pr3,0.0
C1Pu1,0.0
Ag1Tb1Te2,0.8826
Ge1Pt2,0.0
Al1Br4Cs1,4.2529
Ce2I2Si2,0.0
Br2O2Pb3,2.3894
F6Hf1V1,3.2043
As4Ba3Li4,0.0
Ge3La4S12,2.0406
Cd1Ni4Sc1,0.0
Ge2Pr1,0.0
Ga12La2Pd1,0.0
Ir1Li1Sn4,0.0
C2O4Pb1,2.7910000000000004
Ca1P2Ru2,0.0
Er1Ga2Pd1,0.0
O8Se2Tb1V1,1.8629
Er1Pt2Si2,0.0
Ba1Co1O4Si1,3.4644
Ag1F6Sb1,3.3702
Cr5Rb1S8,1.2766
B1F4K1,7.8858
Cd1Ge1Yb1,0.0
Ca1Pb3,0.0
B13N2,0.0
F6Rb2Rh1,1.3276
Ge1N2O1Si1,3.5077
Ga2Ni6Y3,0.0
Mg1Si1Yb1,0.0
Fe3Sn1,0.0
F3Fe1K1,0.0
Cd1Dy1Ga1,0.0
F6Mo1,4.0293
Ni2Si2U1,0.0
Au1Na3O2,2.107
F1Nd1O1,3.8471
Cu1O2Sc1,2.6404
Ga1Ge1Li1O4,2.7092
Hg3I2Se2,1.0811
B6Gd2Os1,0.0
Fe1O4Sb2,1.1798
Mg4N12P6S1,4.8316
Ag1Fe1O7P2,2.2346
B1W1,0.0
Ba2Co1O6W1,0.0
Cu1N6,0.6126
Li1O5P1Ti1,3.3575
As1Na3S3,2.5147
Mo1Si2,0.0
Os1Si3Th1,0.0
Ba10Br2O30Re6,2.6563
I1N1Ti1,0.5527
Ca1Ir1Si3,0.0
As1La1,0.0
As2Zn3,0.1506
Br3Zr1,0.0
Al1Dy1Ni1,0.0
Ag1Ce1,0.0
H3Li1O6Se2,4.2998
Ba2Ca1Cu1F14Fe2,2.9842
Ba2Mn1O6W1,0.0
Ga1Ho1Mn1,0.0
In1Na1O8W2,3.2538
O12Rb2Te1W3,2.748
B6Cs1Li1O10,5.069
Lu1Pd1Sn1,0.0
As2O3,4.0171
Re2Zr1,0.0
Ge1Rh1Sc1,0.0
Cl6K2Sn1,2.1333
H6Na2O6Sn1,3.0969
H2Mn3Na1O12P3,3.3453
Co3Ti1,0.0
Er2Ga3.33,0.0
C4Cr1H8N6S4,2.428
Mn1O4Rb1V1,2.7626
O14Tl3V5,2.1645
Ga1Ge1Sr1,0.0
Cs2F6Mn1,3.2328
Li2O7Ti3,3.4282
I1S1Sb1,1.5262
Si2W1,0.0
F12O8Os2Xe2,2.6095
Bi1O4Ta1,3.0015
Co17Ho2,0.0
S1U1,0.0
As2Ca1Fe2,0.0
Ag3C6Cd1N6Rb1,3.4087
B1Nd1O3,3.8737
C1Er3Ga1,0.0
C5Fe1O5,3.639
C4Rh1Sc3,0.0
Cl18K2Zr7,0.0
N1Ni2Ta4,0.0
I1O6Rb1Sn1,2.0282
C1Nb2Sn1,0.0
Pd2Sn1,0.0
Al3Hf5,0.0
Fe2P2Sr1,0.0
C2Fe1Pu1,0.0
Ba1Ge1Mn1,0.0
Pt5Pu1,0.0
Ni1Pd1Te1,0.0
Ag3Te2Tl1,0.0
K2O5Si2,4.3171
Li22Si5,0.0
O7V2Zr1,2.5788
Eu1,0.0
Ba2Ca1O6Os1,0.0
Te2V1,0.0
As2Be2Ca1,0.6583
Au3Ho3Sb4,0.4628
Al6F21Na1Rb2,6.9954
Gd1In3,0.0
F6Rb1Sb1,4.8996
Er1Ni2,0.0
Dy1I1S1,2.707
Br16Re4Te8,2.0504
Cr1Hf1Si2,0.0
Te1,0.1537
Ba1Mo3Te3,0.0
Al3Dy1,0.0
N1Th1,0.0
Co3Mo3N1,0.0
Br1K1O3,3.8115
F4Na1Ti1,3.0673
Ga1Pd2Y1,0.0
Bi2I1O4Y1,1.4012
Ge1Pu3,0.0
Ca1Ni4Sn2,0.0
Co1Sn2,0.0
Eu1Tl3,0.0
Ag2Eu1Si2,0.0
Na1S2Tb1,2.2657
Br1Mn1S2Sb1,1.7322
Cl3Cr1O1,1.5642
Pd1Ti1,0.0
B1Cs1Na2O3,3.2914
Al1Cu1S2,2.0555
Al2Cl8Te4,1.3444
Ir1Mn1,0.0
Ba6Ge5N2,0.0
Co2Sc1,0.0
Li5O6Re1,2.2411
Bi3Sr2,0.0
Ga1Th2,0.0
Au7Rb4Sn2,0.0
Pd1Se2,0.5755
Be2Cl6Te7,1.2883
Pd1Tl1Yb1,0.0
Cl4N1V1,1.5830000000000002
Co2Ga1Mn1,0.0
C6Co1Cs2N6Rb1,5.1008
Ir2Y1,0.0
K3O14V5,2.254
Mn2O5Tb1,1.3227
C12Co2H40N24Ni3O2,3.0424
Cu1H2N2O7,1.1101
Os1,0.0
Cu1Fe1O2,1.1459
Er2Ga10Os3,0.0
Ca1Cl1H1O1,5.0124
Ag1Sc1Se2,1.3519
Al3Mo1,0.0
Mg1O4W1,3.3523
Na4O5U1,3.2231
C1Cl2F2,5.5222
Fe2Ga1Ni1,0.0
N2,7.3705
K1N3,4.1587
N3Th2,0.0
Cr2O4Si1,2.0423
Cu1Ga1Se2,0.4136
Ce2K4O30Ta10,0.0
B4Os1Y1,0.0
Co1Mn1Sb1,0.0
Cd1Ge2Pr2,0.0
La3Li5Nb2O12,3.5429
Ge2Ta1,0.0
Ir1N2,0.0
Ce1Te2,0.0
Er2Ge1Rh3,0.0
B2Dy3Ni13,0.0
In1Nb1Se2,0.0
Lu1Te2Tl1,0.4693
Na1Nb1O2,1.4292
Ag1Cu1O4V1,1.1491
Mn1Mo1O6Te1,2.2871
Ce1Ge1Zn1,0.0
Bi1Th1,0.0
Ce1Ni2,0.0
Al1Ce1Co1,0.0
Ru1Sb1Zr1,0.0
As1Pd2,0.0
F2Ti1,2.0332
Co2Dy1Si2,0.0
Co1Fe2Se4,0.0
Ce1Cu5,0.0
Ga4Ti2Y1,0.0
Ru1Sb2,0.1606
K4O21Te2U5,2.7283
Ag1Zr3,0.0
Ca2Sn1,0.0931
Mn1Ni1Si1,0.0
Ni1Sn3Sr1,0.0
Ce1Co1Si1,0.0
Br1F4Rb1,3.3202
Fe7Se8,0.0
Ca1O3Ti1,2.366
B6Ga3Ni20,0.0
Ge1Pt1U1,0.0
Ag1In1S2,0.9229
Bi2S3,1.368
Fe1S2Tl1,0.0
Nb2Se9,0.8348
Ba3Er1Mn2O9,0.0
Ge1Rh1Tb1,0.0
Cs2O9Si3Sn1,3.3952
Co2Sn1V1,0.0
Co1Fe15,0.0
Cs2Cu1F6,0.47
Co1Zr3,0.0
N1W2,0.0
Se4Tl3V1,1.7073
Al3Cl12Dy1,4.2589
C2Ni1Tb1,0.0
Al18Cr2Mg3,0.0
K2Te3,0.5325
Ir3U1,0.0
Au1Cl4K1,1.4873
Ba4S10Zr3,0.4653
Li1Nb1O3,3.4461
Li17Pb4,0.0
O8P2Sr3,5.3942
Co2In1Y1,0.0
Mn1Mo1O6Sr2,0.0
Er1Sb1,0.0
Ba5Gd8O21Zn4,3.2549
Eu1Li1O8S2,0.5193
Cr3N1Nb3,0.0
F3Mg3N1,3.5775
H13N3O8S2,5.2155
As1Ti1,0.0
In5Ir1Pr1,0.0
Ge1Li1,0.0
Ca1Ga1Li1N2,2.22
Pr1Rh1Si2,0.0
Ba1Ir1O3,0.0
Dy2Zn17,0.0
Ni1S17U8,1.2199
Nb1S3,0.5279
Er1Ni2Si2,0.0
In1Yb2,0.0
Bi2La1Li3,0.0
In4Pt3Sr2,0.0
Ca1F5Fe1,3.3287
Gd2O2S1,3.1171
La1Mn2Si2,0.0
Al5Co2,0.0
C1H4N2O1,5.0468
H2S1,0.0
As1Cd1Na1,0.0
Pt2Sr3,0.0
Co2Dy1,0.0
Co1Sc1,0.0
I4Nb1,0.5947
Ba1Mg1Pb1,0.0
Ba2F1N1,1.0927
K3Na1O8Ru2,1.4531
C2Eu1N2S2,2.69
Mg3Nb6O11,0.4925
Cl1La1,0.0
Cl1O1V1,1.6577
Cu8Hf3,0.0
Pd1Sb1,0.0
Ag1Er1Sn1,0.0
Mn2Si2U1,0.0
Al2Sb6Yb5,0.0
Fe11Si5,0.0
Co7Er2,0.0
Cu3Fe4O12Sr1,0.0
Fe17Tb2,0.0
C1F2Gd2,0.7659
F8O1P1Sb1,4.682
C6H12N2S4Sn1,2.859
Cl5P4S6Ta1,2.4423
B2Co2Tb1,0.0
Er5Si3,0.0
Cu1Na2O2,0.7139
Mg1Tl1,0.0
Au5Cs7O2,1.029
O8Te2Tl2U1,2.8669
Nb1O4Sb1,2.6167
F1N1O1,3.1789
H2K3O10Si3Tb1,4.6063
As2Cr1,0.0
Sb3Yb4,0.0
C2Cs1Na1,3.2973
Ag5Zn8,0.0
As1Cl1Hg3O4,2.0434
Pb2Pd1,0.0
Cr3Rh1,0.0
F6K1P1,7.1960000000000015
B6Th1,0.0
O2Pu2S1,0.0
In3Y1,0.0
Te2Ti1,0.0
Al1K1O7P2,5.3074
Pd2V1,0.0
C2K1N3,4.672
Cs4F10Zn3,5.6488
As1Li2Na1O4,3.8876
Bi1K1Mg1,0.4267
As1Ba1Cu1,0.0
Er1Mn2O5,1.3064
Cr1H13N2O10P2,3.5565
Hg2Ho1,0.0
Li1Tl1,0.0
Mn1Nd1O1P1,0.0
Dy1In1Mg1,0.0
Ca1Hg1Sn1,0.0
C4Fe2H2O6,2.311
S5U3,0.1631
Mg44Rh7,0.0
O6Re1Sr2Zn1,0.0
Sb1Sn1,0.0
H2La1,0.0
H21Li1N7P1S3,3.0832
Cu2N12O24Tl5Y1,0.0
P1Sc1,0.0
C1Cu1F1K1O3,0.5403
O8P2Rb1V1,2.0516
Cu4O3,0.0611
Dy1Ge6Mn6,0.0
F6N1Re1,2.5538
Cl6Rb3Y1,5.0531
Ba1Ga1H1Sn1,0.0
Co4Pr3Sn13,0.0
Al4Sn3Sr11,0.0
Hg1Mo1O4,2.2419
Na1O5Te1V1,3.0306
Co1Ho1Sn1,0.0
Cu1Hg1I1S1,0.7517
Al1H6I1O4,4.3131
Er1Na1O8S2,5.7456
Ba8Cu6Ge40,0.0
Mg2N3P1,3.5315
Br3Cu1K2,2.4765
Ru1Si1,0.0
Ir3La7,0.0
Li1S2Sn1,0.0
Ho2Pb3S12Sn3,0.4655
Ge3Lu3Ru2,0.0
Cu1O6Os1Sr2,0.0
Ce1Pt2Si2,0.0
Au1Mg3,0.0
Cd1Ni1,0.0
H12O12S2Zn1,5.1797
Ge3Hf5,0.0
Ge1I2,1.9843
Ca1Cu1F4,2.7082
Cu1Gd2K1S4,0.9972
As3Eu5,0.0
N1Ta2,0.0
Ce1Os2,0.0
Fe3Ge1,0.0
Cd1O2,1.419
Mn1Si2Ti1,0.0
Br1F3Rb1Sb1,3.7664
In1Li1Mg1Mo3O12,3.1397
Bi2Br1Gd1O4,1.2967
As7Ce2Ni12,0.0
Ba3Ir1Na1O6,0.0
Cd3Gd1,0.0
Cu3O6Te1,0.6068
As2Mg2O7,3.0455
Ca3Cu1O6Rh1,0.0
Ag1N1O3,2.3493
Mg1Si2Sr1,0.0
Ir1Sb3,0.0
Ce1P12Ru4,0.3447
C1N1Th1,1.227
Be4N4Sr2,1.8709
Mo1Te2,0.0
Al4H1O14Ta3,3.5159
Ag3S2Tl1,1.1126
Au1O1Rb3,0.2744
Ir1V3,0.0
Fe2Se2Tl1,0.0
Al20Cr2Er1,0.0
Ca1Cs1H3,3.1268
Mo5Si3,0.0
Pr1Si1,0.0
Cu1S1,0.0
Nb1Nd3O7,3.0579
Al2Li1Rh1,0.0
F6K1Sb1,4.8918
N4W3,0.0
Mg2Tb1,0.0
H6Th1Ti2,0.0
Pd1Rb2Te2,0.6299
Li1Nd1Sn1,0.0
Bi2Pd2Sr1,0.0
S6,1.4005
Ca31Sn20,0.0
Ge2In1La2,0.0
As2Mn3,0.0
Ga1O6Sb1Sr2,0.7995
Co1Ga5Tb1,0.0
Se5U3,0.6409999999999999
I2Pd1Te1,0.6733
B6Er2Ru1,0.0
In1Y2,0.0
Br3Rb1V1,2.396
Ag1Rb3Se8Sn3,1.2097
Pb3Th1,0.0
As2Si1Zn1,1.1355
Li1N2U1,1.5039
C1Ge1V2,0.0
Ho3Ir4Si13,0.0
Ca2Cu2Ga1,0.0
C4Ru1Sc3,0.0
Ba1S3V1,0.0
C2Na2Pt1,0.7065
F4Mg1Rb2,6.2313
Ba1Ca1Ga4O8,3.1898
Al10Ce1Ru2,0.0
Au2Hf1,0.0
S3Sc1Y1,1.9929
Hf2Hg1,0.0
Br1Ca2N1,2.4246
Dy5Pt3,0.0
B1Co2,0.0
Cs1O2Sb1,2.3556
Mg1Nd1Sn1,0.0
Fe1Li1O4Si1,2.9005
F1O2Rb1S1,4.0969
Nd2Sc1Si2,0.0
Ga4Na1,0.0
P3Ti5,0.0
Fe1Ho7I12,0.0
C4Ir1,0.0
Hf3Te2,0.0
As1Mn1Ti1,0.0
O7P2Pb1Pd1,1.7518
Mn1S4Sc2,1.3742
Er1Pt3,0.0
B1Fe2,0.0
Os2Yb1,0.0
O8Si2Sr2Ti1,4.343999999999999
Rh1,0.0
Fe1H4O6P1,2.1943
As2Cd1Sn1,0.0
Co1Nb1Te2,0.0
Au2Ge2Nd1,0.0
Cu2In1Pr1,0.0
Cu1O6Sr2W1,0.0
Nb5Ni4P4,0.0
Ca1F3K1,6.1381
Eu1Sb2Zn2,0.0
Si2Th3,0.0
Cd2H4O4,1.8521
Ba2Ir1O6Pr1,0.3826
Fe2Ti1,0.0
B8Ca1H4O15,5.5084
Co1Pt3,0.0
H8Na6O14P4,3.5943
Ga1In1Se2,0.0
B7Er3W1,0.0
Ba1Pd1,0.0
B6Hf2Ni21,0.0
Cd1Cl4Na2,3.7348
Ba1K1O4V1,3.9652
Cs2O12Sr1V4,2.6597
F6Fe1Li1Mn1,0.7671
As2O8Sr3,3.7986
Co5Nd1,0.0
C1H3K1O6,4.1479
Cu1I1,1.6398
O12P3Yb0.33Zr2,0.0
Bi2Ge1O5,2.3255
Mn3Ni2Si1,0.0
B8La9Na3O27,3.9176
Cd1N2O6,3.451
Cl2Co1O2Sr2,0.0
H10I1K2Na1O10,2.5124
Co1La1Sb3,0.0
Cs2Mn1S6Te2,1.7416
Cu3O12Sn4Sr1,0.7267
Si1V3,0.0
C6Mn1N6Na1Rb2,1.1888
Nd1Rh1,0.0
Eu1Pb1,0.0
Ba2Cr1Mo1O6,0.0
Ce1Ga1Ni1,0.0
K1O12P3Sn4,3.7506
Fe2Gd2I1,0.0
Cl1Mn1S2Sb1,1.6705
Co2Mo3O8,1.9398
O4P1Sb1,4.01
Co1In5Pr1,0.0
Ba1C2Ca2F2O6,4.7264
Cl4Cr1Rb2,0.0
Mg3O8P2,4.697
Cu1Sr1,0.0
Co1Se1,0.241
C4Mn1N6,2.2086
C1Ce1F1O3,4.5006
Al2Pb1S4,2.6008
Cr2Mn1S4,2.1123
Cu1I1Se3,1.2242
Pu2Zn17,0.0
Mn7Na1O12,0.0
Ho1O4Ta1,4.2955
Be1Cs1F3,5.3516
K3N1O4,3.6429
O7Tb2Ti2,3.2993
Cu2Mg1Se4Si1,1.1154
Cl8Na2Ti3,2.7851
B2C3Th3,0.0
Sc1Sn1,0.0
Ir1Li1,0.0
Al2I2La3,0.0
F1O3P1Rb2,4.3242
Al8Cu4Lu1,0.0
Al2Co1O4,5.4135
Nd1Te3,0.0
Fe2O5P1,0.0
As3Ni3Zr2,0.0
As2H6O11U1,3.4210000000000003
As1Li3S3,2.2817
Cr2Mn1O4,3.2627
Hg1Pb1Yb1,0.0
Fe2N1,0.0
B4U1V1,0.0
Ga0.4N0.2V0.6,0.0
Br4Cd1Cs2,3.4051
Ce1O1Sb1Zn1,0.2091
Se4U3,0.0
Ca1Ga4,0.0
Bi1Hf2,0.0
Al2O7Rb2Sb2,3.5887
F3I1O1,3.6443
Cs6O7Si2,3.1805
Fe3O7P1,1.9343
Al5C3N1,1.4366
Cu2Ge2La1,0.0
P1Ru1S1,0.667
C24F20Sn1,3.2384
B1Fe3O5,0.5244
Ba2Nb1O6Tb1,3.1457
B2Mn1W2,0.0
O7Ti4,1.4732
In1Yb1,0.0
Fe1O3Y1,1.2673
As1Tb1,0.0
Cs1Na2,0.0
Ag1Nb1O3,2.1531
B2Ba2Cd1O6,3.1241
Cu2Sn1Te4Zn1,0.0
Cu2F6Hg2S1,0.0
Ce1Rb1Te2,0.0
Cu2Na2O6Te1,1.393
C4K2N4Pd1,4.4275
Be13Y1,0.0
Mn1Rh2Sb1,0.0
Al1Cu1Er1,0.0
Al4Br4La5,0.0
Li1Mn1O2,3.2871
Nb3Ni1,0.0
As4Pb9S15,1.5735
Ga2Sr1Te4,0.4035
Mo1N4Sr3,2.0393
Fe2Y1,0.0
C5Cu2H8N4,2.7643
Br2C4Fe1Hg2O4,2.967
Cl4Co1Rb2,4.0106
Ce1Ni1Zn1,0.0
Cl5Co1Tl3,2.7726
Cu1H18N6O10V2,0.0
B2O3,6.2644
B4O11Sc2Sr2,4.6433
Pt1Zr2,0.0
Cl4Re1,0.0
Pd3Ti2,0.0
Ce1Mg1,0.0
Er1Ga4Ni1,0.0
Br6Nb2Se2,2.3597
C3Tb2,0.0
H1K2N1O6S2,5.0999
Ge1K1S4Tb1,2.4196
Al2Cu1,0.0
Na2O7W2,2.2195
Ga1Mg1Y1,0.0
Hf2Te1,0.0
Hf9Re4S1,0.0
Cu1H10O9S1,0.0
F1S1Y1,1.3111
Al1Cu1O2,2.015
Cl4Ge1,4.0077
Li6Mo1N4,2.7071
Er1Sb2,0.0
Ba2Ga1Ge1N1,0.0
C6Mn20Mo3,0.0
Er1Zn12,0.0
La3Mn1O6S3W1,0.0
H14Na1O24P8Sc3,5.4016
Co1F3,0.0
Na5O10P3,4.5799
O7Rb6Si2,3.1444
Cr1O4Re1,0.0
H2V1,0.0
P1Sc3,0.0
B1Pd3Pr1,0.0
Ce1O4P1,1.9702
K2Mn1Se4Sn1,1.2098
B7Cl1Mg3O13,5.9191
Pb1Pd1Pr1,0.0
La1Ni2,0.0
Br2Hg3Te2,1.7328
Ag1Nd1Pb1,0.0
Cl1O3Pb1V1,2.2987
Cs1Hg1Se3Y1,1.3982
Ba1Se3V1,0.0
Li1Mg1N1,2.1877
Ni1O6Os1Sr2,0.0
Cu2Mn1S4Sn1,0.1226
Mo1U2,0.0
Al1Sn3Zr5,0.0
Hf9Re4Si1,0.0
Fe2Rb6S6,1.4243
Ge1In2Li2Se6,1.1338
In3Th1,0.0
Ba3Fe3Nb1O14Si2,2.4653
As2O7Rb1Sc1,3.5115
Er7Ni2Te2,0.0
Ge5Mg14O24,3.3866
Hf1Se2,0.5051
Ga3Ta5,0.0
In3Tm1,0.0
B3Mg5O12Ta1,3.9645
Pr3Rh4Sn13,0.0
Tb1Zn2,0.0
K1O3Sb1,1.1259
Cl1O4P1Sn2,2.5822
Be4H2O9Si2,5.7582
Ga2O4Sr1,3.1547
As5Fe4O13,1.3575
B1Li2Pt3,0.0
Bi1Li1,0.0
Cu1O4Pr2,0.0
Pt3Si1,0.0
Co1O6Pb2Te1,0.0
Cl2Cu1,0.8284
As2Cs1Ru2,0.0
B2Rh2Sr1,0.0
Al1B14Er1,0.0
Se1Zn1,1.6977
Er1Pd1,0.0
Pb3Tb1,0.0
In1Lu2Ni2,0.0
As1Se1Th1,0.0
Ca1Tl3,0.0
H3K1O6S1,4.5928
Mo1P1Ru1,0.0
Al7C3N3,0.0
Li1O4P1Pb1,3.5189
Dy2O11Te4,3.2351
Sb1Y1,0.0
C1Ce3Sn1,0.0
Au1S2V1,0.0
Fe3Nb1,0.0
P1Tb1,0.0
Mn6Sn6Zr1,0.0
Cu1La1O1S1,2.0312
Br3C2H8Hg1N1,2.5314
Cu1Mg1Sn1,0.0
B2Er1Fe2,0.0
Al1K2Li1P2,1.9014
Ba1H2O8S2,5.5827
Pu1S1,0.0
Ag1Bi1Te2,0.2385
Br5Ru1Y4,0.2364
Cu3S4Ta1,2.1607
Ga1Li3N2,2.4745
Pb3Pd5,0.0
Pt1Sn1Tb1,0.0
As2Cd4I3,1.2042
Cl4K2Pt1,2.4777
P1S3Zn1,2.2286
Mn1N2W1,0.0
I3U1,1.6103
B6Dy1,0.0
Li5O5Sb1,2.9349
O72Si36,5.624
Au1Be12,0.0
Cr2Si2Th1,0.0
Br1H10O8P3U1,1.6755
Al10Mn3,0.0
N2Te1U2,1.0616
In1S1,1.3221
B2Gd1,0.0
Ho3O7Ta1,3.6264
Fe2O4Si1,2.3993
Li1Si1,0.0
Cl6I2,1.7346
Co1O2,1.8677
C3Lu2N6,3.7502
Nb1O5P1,3.3913
Al1Er1Ni1,0.0
Ir1V1,0.0
Cs2Ge3O9Sn1,2.3899
In3Lu1,0.0
F6Hf1K2,6.8097
Nd1Rh3Si2,0.0
Mg2Mo3O12Tl2,3.8357
Pt11Zr9,0.0
Co2Rb1Se2,0.0
As1O1Y1Zn1,1.1875
Ba1Ca2N12P6,4.0771
Bi2O5Te1,2.4396
C1Mn3Zn1,0.0
Br1In1O1,2.1235
Er1N1,0.1228
Mn1Rb2Se2,1.8565
Os2Si2Sm1,0.0
Co1La1Si3,0.0
O5S1Ti1,2.9758
Cu6O8Pb1,0.0
Cr2Ti1,0.0
Li2Na1Sb1,0.6834
Cd1P14Sn1,1.3908
Ce4Rh12Si1,0.0
H8O12Si8,6.3701
Er1Rh2Si2,0.0
Ge1Rh1Zr1,0.0
B2C1Ni2Y1,0.0
La3Sn4,0.0
As1O3Sb1,0.9374
Al5O12Yb3,0.6187
F1,0.0512
Gd1Ge1Na1O4,3.4817
Cl3Gd2,0.2305
Mn1O6Pb2Re1,0.0
C2Cu1K1N2,3.0253
In3Pd5,0.0
Nd1Pt5,0.0
Ba1F7Fe1Zn1,3.609
Ce1Ge1Ir1,0.0
C1Co2Mo4,0.0
Bi4I2Ru1,0.534
Ho1Pd2Si2,0.0
U2Zn17,0.0
O8Sr3V2,3.6651
Ga1Li1,0.0
Cl1Mg2O4P1,5.0386
Er1Fe2,0.0
Ga1Sb1,0.0
Ho1Ni2P2,0.0
Cl3Cr1,2.5238
Cl14Rh2Te14,1.4081
Cu1Sc1Si1,0.0
Dy1Rh2Si2,0.0
Ca1Cu4O24Re3Sr8,0.0
In1Pt4Tb1,0.0
Gd1Rh2Si2,0.0
Fe3Ho2Si5,0.0
Er2O3,3.9657
Eu2S4Sn1,1.0027
Co1Ge1O3,1.9844
C4F12N2O8S4Sr1,6.2087
C7Cr1F2H1N1O5,3.5322
Cl1Gd1O5Te2,0.3272
Al2N1Nb3,0.0
Ge1Li2Pr1,0.0
Ca1Ni2Zn3,0.0
Fe32Ho12O2,0.0
Ca1Co1O7P2,3.9782
B4Rh4Th1,0.0
Ag1Tm1,0.0
Ho1Pd3,0.0
Ca1H3Li1,2.5543
Fe3H8O12P2,2.5423
F5H2K2O1V1,2.0418
La5N1O2S4,1.3278
Co2Er1,0.0
Ca1Ho2S4,1.5425
C2H1K1N4Ni1S2,1.7614
Ni7Sc2,0.0
Al2Au1,0.0
Ge2Hg3K2Se8,0.9913
S2Sc1Tl1,1.0104
As2Co2Sr1,0.0
Pd1Sb2U1,0.0
C1Sn1,0.0914
B3Bi1O6,3.9421
Gd4Sb3,0.0
Li7O8Rb1Si2,4.7181
In1Ni2Y2,0.0
Al4Ni1Y1,0.0
Co3Dy2Si5,0.0
Al1Ta2,0.0
Bi1I1Se1,1.5595
La5Ru2,0.0
Ge2Mn2Th1,0.0
Pr2S5Zr1,1.0637
Nd2O7Pt2,1.3734
Gd2Se3,0.1791
Er3Ge4,0.0
As1Pd5,0.0
Ag8Ge1S6,0.8209
B1Sc3Sn1,0.0
Al1Li1O2,4.5948
Li23Sr6,0.0
Ba1Co4Ho1O7,0.4798
Fe2Ge2Nd1,0.0
O7Pr3Re1,0.6104
Br1Eu3O4,0.5508
Ho1,0.0
Ba3S5Ti1,1.3784
Re24Sc5,0.0
Cd1Cs1Ho1Te3,1.5659999999999998
I3O1W1,0.5627
Ba1Co2O8V2,2.8813
F6Ni2Rb1,0.9479
As2Ba1Ga2,1.2435
Co1Ge2Y1,0.0
Au2Cd1F12,1.9875
Ho2Rh1Si3,0.0
Ga6Gd2Mn1,0.0
S1Tb1,0.0
I1N1Sr2,1.7861
Cl4Pt1,0.3609
Cs3F5Li2,5.7901
Bi1Li1O3,0.1928
H12O11S1V1,0.0
Au1O8Rb1Se2,1.5684
Cu2In1,0.0
K8Si46,0.0
Cs2I14Mo6,2.2272
C2Dy1Mo1,0.0
Bi2O9Sr1Ta2,2.0647
Ba1O6V2,2.758
B2Sc1,0.0
C1H4N2S1,4.3271
Pt1Si1,0.0
Er1F1Na1O4P1,5.5199
Cd1Cs1F3,3.5584
Ho6Mn1Te2,0.0
Ce1P2,0.3461
Ga3Ru1,0.3056
As1Ru1Zr1,0.0
Br3Li6N1,2.0884
B1H10Li4N3,3.574
P12Pr1Ru4,0.0
Cl2Cu5O12Se4,1.0268
Cl2Co1H4O2,3.5925
Ba2Na1Ni3O6,1.0629
Al8Ce1Fe2,0.0
Ge10Ho5Rh4,0.0
Ca1Pb1Zn1,0.0
N4O2S4,1.9289
Li1S2V1,0.0
B1Mn2,0.0
Ce2O3,2.821
Cu1Dy3Ge1S7,1.8863
Al9Ni2Sr1,0.0
Al1K1O8Si3,0.0
Ce2S3,0.8513
Tb2Zn17,0.0
B1Ho1Rh3,0.0
Cr1Li1O2,4.1076
Br1Cu1Se3,1.1756
Cl1O4S1Tl1Zn1,4.5567
In2Ni9Tb1,0.0
H3Na1O6Si2,5.0622
Rh17S15,0.0
Yb1Zn11,0.0
As2Cl1La3O7,3.1831
Er1Fe2Si2,0.0
Cl3S8Sb1,2.8329
Au2F8Hg1,2.0808
Ag1In5Te8,0.3419
Ca1H1O4P1,5.4256
Ba3P4,0.4786
Ca3Cu1Ir1O6,0.0
As2Cd1F12O4S2,3.5005
Hf1O2,4.0088
Cd1O14P4V2,1.8051
Ca6Mn1N5,0.9448
C5H1Mn1O5,4.2566
Yb1Zn2,0.0
Ce1Li1O2,2.8852
Ni3P3Zr2,0.0
Al1Co2Ta1,0.0
Ba7Ir6O19,0.2749
Ba1Er2Ni1O5,2.0022
Cu1O6Pt1Sr3,1.25
Mn2Sb2Yb1,0.0
Ag1As2Pr1,0.0
As1Se4Tl3,0.7445
Rh1Sn1Y1,0.0
P1W3,0.0
Cl3H3N1Sc1,4.2188
K1O13P4Ta1,3.8416
O7Ru2Tl2,0.0
Ca2Pt3Sn5,0.0
H2Ti1,0.0
Co2Ge2Ho1,0.0
Pt3Yb1,0.0
Cl9Nb1Te1,2.3882
F1Fe1O3Sr2,0.6948
Pd1Zr2,0.0
Br1Rb1,3.9573
Ge3O25P6Si2,4.0639
B2O6Sr3,4.3897
As1Br3F6,1.6074
Fe1Ni3,0.0
Mg1Ni4Pr1,0.0
Ge9Nd2,0.0
Au1F12Sb2Xe2,1.5712
Ba1O3Ru1,0.0
Mn2P1,0.0
Bi2O7Sn2,2.6206
C2F6H3O4Sb1,3.2836
C1K2N2,3.172
Cr1Ge2Sc1,0.0
H4O4P2Sr1,5.4194
Mo6Nd1S8,0.0
Ca9Fe1O28P7,2.0715
Fe4H3O15P3,0.0
Co2La1P2,0.0
Ca1Ni2,0.0
O4Sb2Zn1,2.5812
Ce1Ir3,0.0
Ir1U1,0.0
Ba3O9Sr1Ta2,3.9238
Ho5Si4,0.0
Ba2Nb2O10Te1,3.0152
Ba4Ga5Li1Se12,1.7821
Cr1N4Sr3,1.6777
Au3Sb4Tb3,0.4553
B4La1O12Sc3,4.6502
Ba1Cu1Nd1S3,1.1042
Ba2O6Sb1Yb1,0.0
K1Tl1,0.0
Cl4Cr2H34N8O6,0.4291
C1O3Pb1,3.3938
Dy1P1,0.0
I4O1Ta4Te9,0.5945
F3Rh1,0.0
Er1Ru2,0.0
Cl5Cs2Fe1H2O1,2.2292
Ru1Si3Th1,0.0
Ga2Ni1Sc1,0.0
Cr1O4Tl2,2.3828
Co2Zr1,0.0
Ag2C4Cu1N4Rb1,2.6672
Cl1Cr1Tb8Te13,0.0
Ba4Na1O12Sb3,1.5144
Ce1Sc1Si1,0.0
Hf1O3Pb1,2.7537
Fe2W1,0.0
C1S1Zr2,0.0
Au1Cu4Ho1,0.0
Ru1Ti1,0.0
Ce1Rh2,0.0
S1V3,0.0
Nd1Os1Si3,0.0
Cl6K2Pd1,1.1208
Al20Cr2Y1,0.0
Ba1Dy2Se4,1.374
Ni1Te2,0.0
Au1Rb2S4Sb1,1.6334
Rh2Sb1,0.0
Mo3Si4Y2,0.0
Pd5Sr1,0.0
C2Ni1Y1,0.0
N2Na1Ta1,1.4444
As2Cu3H2O10Pb1,1.4757
Nb2O6Zn1,3.6269
Ba1O4S1,5.9603
Ca1Cu3O12Sn4,0.7976
Cd1S4Tm2,0.0
Cu2O7P2,1.3764
B2C1N1,0.0
H3Li4Mg1N3,2.6161
Cr1Si2,0.9304
Al12I21La24,0.0
Er1Ni3,0.0
Pb1Pd3,0.0
H48Mg3N2O30P4,5.3562
Ba5Bi3,0.0
B1H1O9P2Rb1Sc1,5.1907
Au1C2Na1,1.5531
Ca2O4Sn1,2.446
Ga3Hf5,0.0
Ag1Pt3,0.0
K1Na2Sb1,0.7324
O7Sn2Yb2,0.0
Al4C3,1.3187
Ba1Cl1F1,5.45
Be1F4H5Li1N2,5.3882
Co2Sn1Zr1,0.0
Cu2O5S1,1.146
Mo1Pt3,0.0
C1H1K1O2,4.3206
F6Na1Rb2Y1,6.4612
Fe2Si2Zr1,0.0
Mo1O7Te1Zn2,3.3963
Li1Pt7,0.0
La1Sb1Te1,0.0
Cu11Sb3,0.0
Al1Ca1Pt1,0.0
C12O12Ru4Se4,2.1881
Cl6Pt1Rb2,2.09
Bi2Cs1Cu1S4,0.7473
C1Lu1Rh3,0.0
O7Ta2Th1,3.013
Ca2Pb1,0.0263
Al1Ni1U1,0.0
Cr2Si2Te6,0.6121
O7Sr3Ti2,2.3753
Ca1Mn7O12,0.0
Eu1In1Pd1,0.0
Cu2Fe1Se4Sn1,0.0
Cd1H2O4Se1,3.9324
Si3Ta5,0.0
Dy1Rh2Zn20,0.0
Os1Ti1,0.0
Eu1P1Sn1,0.0
F6Li1Os1,2.6774
Co3Si5U2,0.0
Bi1C1Ca1F1O4,1.0677
Bi2Mn1Ni1O6,0.9801
Au2Cl6Cs2,0.9237
K4O12Zr5,3.1804
K1P1Se5Ti1,1.249
Fe1Si1,0.0
C6I2O6Os2,2.3856
B2Fe2Y1,0.0
Ga3Ho1,0.0
Co2P2Th1,0.0
Ba7Cl2F12,6.0576
Fe1Nb4P1,0.0
Se1Yb1,1.4329
C8F4H25I1N2O2,4.5754
C2Cl14Si6,4.0164
Ag3P1S4,1.4312
Co12Mn5Y2,0.0
Nb1Te4,0.0
O1Ti3,0.0
O4P1Tb1,2.9626
Dy1Te1,0.0
F7K2Mn2Rb1,2.9703
Ca1Si1,0.0
Cr1Te3,0.5670000000000001
K2O8P2V1,2.4538
Ga2Yb1,0.0
Mg1Pd3,0.0
Al1Au2Mn1,0.0
I2O4,1.4852
In1N1Zr2,0.0
Hf2Rh1,0.0
Al2Gd1Ni1,0.0
Au1Dy1Ni4,0.0
Cl8Mn3Na2,4.0932
Cu1La1O1Te1,1.6685
Co1Cu2Se4Sn1,0.0
Ge1Ni1Y1,0.0
K4P6,1.0221
As1Os1Zr1,0.0
Ca1Si2Zn2,0.0
Co5P3Yb1,0.0
Br2Hg3Se2,1.3157
Ce1In1Pt1,0.0
Li1Nb1O4Zn1,2.887
H3O3P1,7.0879
Al23V4,0.0
F6Mn1Na1Rb2,1.7619
I2La2Te1,0.0
Br2Cd1H4O8,4.0085
Ag1Ho1S2,1.3534
O3Rb2,0.0
O6Pb3S1,2.9375
B2C1Rh2Y1,0.0
Gd1S2Tl1,1.5014
Co17Tb2,0.0
B3Ca5F1O9,4.2427
Al3Hf2,0.0
C10H14N8Ni1O2,1.3057
C4Cs1Er10I18,0.0
Ca1H2O5Si1Zn1,4.0931
As2H1K1O6,2.705
Ca1In4Ni1,0.0
Fe3O7Yb2,0.0
As1Cr1Rh1,0.0
Cs2F6Sn1,4.8193
Cu1H2O5Se1,1.7872
Rb4S14Ti3,1.6654
Na5O13P1Si2Ti2,3.0068
In24S32,0.0
Ag3As1S3,1.4258
As1B1Ba3O3,1.521
F2O6S2Sn1,4.2281
La1Ni5P3,0.0
I3La3P1,0.0
Co3Hf2Si4,0.0
Ho5Sb3,0.0
B1Dy3O9W1,3.4152
K3P1,0.2239999999999999
B1Cs3P2,1.6923
Pa1Pt5,0.0
Cl6Ga1O2Re1,2.0094
Ga1Mn1Pt1,0.0
Cu2In1Tb2,0.0
C1Mn3,0.0
B12Gd1,0.0
Au2Ho1In1,0.0
Fe1Mo2Na1O8,1.9842
C1Ce1Cr2Si2,0.0
N1Pd2Zr4,0.0
Mg4Zn7,0.0
Cu1Ho2K1Mo4O16,1.4126
Cl2Cu5O8Se2,1.0234
Cd2Cl1P3,1.2284
Rh2Si2Y1,0.0
Fe1S17U8,1.1617
Pt3U1,0.0
Ca1Pt2,0.0
Ir4La5Sn10,0.0
O1Pa1,0.0
Gd1Ge2Pt2,0.0
Ga2U1,0.0
C1Co3W3,0.0
Ag1Gd1Mg2,0.0
K2O9Si4,4.6355
Cl5N3S4Se1,2.3406
Cl1Cu6O8Y1,0.0
H15Th4,0.0
As2Pt1Rb2,0.7981
B1Ti1,0.0
Cu1Ho1In1,0.0
Na2Ni1O2,2.3481
Re2Th1,0.0
Ba1Sc2Te4,0.6654
Al3Ni2Y1,0.0
Ge1O12Pb2Se4,3.2992
Ba2Cu3O6,0.2491
B2Co3Sc1,0.0
Sb4Th3,0.0
As1Fe1Mn1,0.0
N1O2Si1Y1,4.0806
Co9Nd1Si4,0.0
Cu2Ge1Se3,0.0
Cu1Gd1,0.0
Al1Ru1U1,0.0
As1Cd1K1,0.2566
In1S2Ta1,0.0
P2Pt1,0.8759999999999999
Ce1Cu1,0.0
Mo9Se11,0.0
Pd5Ti3,0.0
Fe1Se5U2,0.0
Li2O5Si1V1,2.0719
Ir4Si10Y5,0.0
Cl7Mn2Rb3,2.9960000000000004
Br1,0.0
Ni1P2,0.6698
F13Na5Zr2,5.56
C4Cd1Hg1N4S4,2.4806
B4Cu1Ho2O10,1.7168
Li4O4Pb1,1.4474
Au1Th2,0.0
Br3Ga1,3.2741
Ba1Cu3O4,0.0
F3Mo1,2.6978
Dy1Ge2Ni2,0.0
Si1Ta2,0.0
Os1Si2,0.7329
O8U3,0.0
Fe2P2S6,1.6369999999999998
Cl5Rb2U1,3.1108
B2O4Sr1,6.3724
O3V1Y1,0.0
Au4Ca1Cd2,0.0
Co7Th2,0.0
C1K1N3O2,3.3303
B2Ba1F8,7.9858
I4Sn1,1.7705
Fe6Ge6Mg1,0.0
Cr1H8N2O4,2.8754
As6C8H34N16O34V4,2.139
Ba1Ga2Sb2,0.0
Co2Mn1Si1,0.0
Cl14H20Mo6O9,3.0517
Al2Cu1Mg1,0.0
K2S1,2.3233
Ge7Ni16Ta6,0.0
P2Zr1,0.0
Bi3Rb1S5,0.0
As6Cs4,0.4232
Mo2Na1O12P3,0.0
Mn1O5Se2,2.9130000000000003
Ce1Co1Ge1H1,0.0
Li2O7W2,3.5527
Ce1Ir2Si1,0.0
Cl9In5,3.0083
Cr4Cu1H4O16Rb2,0.0
Au3In1,0.0
Al1H6La1,2.1807
B12Dy1,0.0
C2Ce2Re1,0.0
H4Si1,5.8297
N1V3Zn2,0.0
Pr1Sb1Te1,0.0
Nd1Zn1,0.0
Mo3O12Tb2,3.4819
Ge1Pd2Y1,0.0
C7V8,0.0
La1Ni1Sn1,0.0
Au1Ca1,0.0
B1W2,0.0
Pb1Yb1,0.0
Bi2Rh3S2,0.0
Co2Tb1,0.0
Al1As2Li3Mo2O14,2.8217
Cl8Nb3,0.6968
P14Sr3,0.0
P5Sm1,0.0
Bi6Cl20Te4,1.3185
Hf7P4,0.0
C6Co1N6Na1Rb2,5.0626
B1Ba1F3O1,5.8785
Cl3Cr1Rb1,2.2155
Br2Cu1,0.0
Cr1F8H2K2,1.8837
B1Cu1S2,1.9361
Cu2Gd1Ge2,0.0
Al4Ce1Ni1,0.0
Cr8K2O16,0.0
Ba1Cl2Cu2O6Te2,0.0
Ba1Eu2Ni1O5,0.0
K1O8P1Sb2,2.212
F6Ge1K2,5.7209
Ni1Rh2Se4,0.0
As1Fe1La1O1,0.0
B1C2H10N5O3,4.541
Gd1Ni1,0.0
Cl4Mn1Na2,4.0241
Pd5Se1Zn1,0.0
Ce1Ge2Ru2,0.0
As2Ca1Ni2,0.0
Ca3O6Tl2,0.7297
Co2Lu1,0.0
C6Fe1H8N6O4Tb1,0.0
Ge3O9Sb2,2.9371
Cu3Na1O12Ru4,0.0
Bi1I1Te1,1.2292
Fe1Sc1Si1,0.0
Ru1Si1Tb1,0.0
Ag1Er1Te2,0.8652
Ge2Ru2Yb1,0.0
K4O18Si6Sn2,3.492
Ca2I1N1,2.3546
Bi4Ge3O12,3.4662
Cl1H4N1O5,4.9733
Br4K2Zn1,3.9148
Be17Ti2,0.0
Cu1Dy1Sn1,0.0
Cu1O1Pr1S1,0.0
Be1F4Tl2,4.4278
Mg5Tl2,0.0
Rb1,0.0
Ag1Ba1Bi1,0.0
B4Ir3Zr1,0.0
H8N2O8P2V1,0.0
Ho1Ni1Sn1,0.0
Cl1Cs1O4,5.4844
B2Ba3N4,2.5149
O7Ti2Y2,3.2875
As2Ni4Tb1,0.0
Cr2S3,0.5056
Rb1Si1,1.1362
Ir1P3,0.0
Au1Cs1K2O2,2.2899
Er1Ni4,0.0
Cl3La1,4.4715
Nb4O15Sr5,2.7368
Ba1Fe1O10Si4,3.2807
O2Pa1,0.0
F4Tc1,0.0
Cu4Mg1Y1,0.0
Li1Ru1Sn4,0.0
Ag2O2Pd1,0.3164
Ba2O6Pr1Ru1,0.0
C1Nb2S2,0.0
Cu1Ge1U1,0.0
C3N2,3.5011
Ca5Sb3,0.4206
C1Hf3Zn3,0.0
H2Mg2O3,3.565
Ce1Rb1S2,2.3962
Cu5Nd1,0.0
Cl1Zr1,0.0
Li1O6Sc1Si2,5.2631
Be13Sc1,0.0
B1Cr5Si3,0.0
B2Os3U1,0.0
Cu3Se2,0.0
Nd3O7Re1,0.3467
Cr1Fe2Ga1,0.0
F1O3Re1,3.0462
Pt2Sn1U2,0.0
Ca10F2O24P6,5.5236
N2Sb1U2,0.0
Li9O29P8V3,1.8455
Ag2F1,0.0
As4Hf7,0.0
Cu2O1,0.6532
Fe3Pt1,0.0
Ni1Pr1Si2,0.0
Pd1Sn1Yb1,0.0
Sb3Zn3.6,0.0
F4O1W1,2.7896
B12Cl1H12Rb3,4.936
La1,0.0
Gd1S1,0.0
As4Ca3Ge2,0.6025
Cd1Li1,0.0
Nd1Ru2Si2,0.0
Pd1Yb3,0.0
La1Os2,0.0
In1Se2Tl1,0.6923
Cl3Cs1Ge1,2.199
Er4O7S3Si2,2.6349
Ba1K2O12S12,2.736
N1Na5O4W1,3.1168
C1Er15Si9,0.0
H1Na1,3.7962
Fe1S4Sc2,0.0
Au2Bi1Tb5,0.0
C2Fe1N7Sr6,0.0
Eu1N1,0.0
Ba1Li2Mg1O8P2,5.5571
P2S7Zr1,1.6598
Ge1O6Sr1Te1,2.9553
Cu2Pu1Si2,0.0
Au3Ca7,0.0
Ge3Ho5,0.0
As1Ca1,0.0
Cl18Cs2W6,1.0915
In1S3Sb1,1.4927
Ga1K1O2,3.1314
Ir3W1,0.0
B2Co3Tb1,0.0
Co1Nd1Si1,0.0
Cu1Se7Si1Tb3,1.5594
Pu1S2,0.0
H11Na2O8P1,5.2388
Hg1,0.0
Cs2H10O24P6Re2,0.7604
Sb9V6Zr2,0.0
Rh3V1,0.0
Rh1V1,0.0
F6Sn2,2.2442
B3Er1Mo1,0.0
Al1Th2,0.0
Gd1Si5,0.0
Na1O3P1,5.127999999999999
Sr1Zn5,0.0
Ba2Ge2Te5,0.6146
Be6O24S2Si6Zn8,4.5022
Nb2Ni1O6,3.1208
Cs2N12Pd1,1.9194
Co1Dy1Ge1,0.0
As2Pt1,0.0
Ba1F2,6.6177
K6O26Si4Ta6,3.1537
Mn1O3V1,0.0
Si4Ti5,0.0
Pd4S1,0.0
Ba1K1O4P1,4.9629
Ce1Cu3Mn4O12,0.0
Bi2Se3,0.3901
I6Rb2Te1,1.4976
Cu10Hf7,0.0
B3O5Rb1,5.2909
B1Hf9Re4,0.0
Be1Ta2,0.0
C1F1O3Rb3,3.4701
O3Rh2,1.7278
Rh2Tb1,0.0
Au1Y1,0.0
C1N2Tl2,1.8886
Ga1Nb4S8,0.0
As2Ba1Rh2,0.0
C2Fe1U1,0.0
Bi2Ga4O9,2.9024
Mn2O4Ti1,1.7773
Dy3O7Re1,0.7777
P1Se4Tl3,1.4309
Cu1Sb2Ti5,0.0
La1Mg1Tl1,0.0
I5Nb1,1.0813
Al1Dy1,0.0
Ba2O6Ta1Yb1,0.0
Ba1H9I1O5,3.5684
O4Ru1Sr2,0.0
Ba2Dy1O6Re1,0.0
Al4Sr1,0.0
Al2Eu1,0.0
Al1Li1O6Si2,5.3557
Ge1Mg1N2,2.5882
Ge2Ni2Tb1,0.0
Co1,0.0
Ge9Li4O20,2.862
Fe4P12Yb1,0.0
Ir1N1,0.0
Fe2K2Na2O20Si8,2.6768
Ba3Nb2O9Sr1,3.688
C2H9N11O8,2.7725
Ca2O7P2,5.4227
Br3Pu1,0.0
Pd3Y1,0.0
K4S14Ti3,1.6263
In1Ni1Th1,0.0
B1In1Sc3,0.0
F4Mn1Rb1,0.8087
La1Ni1O3,0.0
Nd1Pd3S4,0.0
Cr1F6Na1Rb2,4.2737
Pd2Sb2Sr1,0.0
Se1Sm1,0.0
C3Cs1N3Se3,1.7522
Na2O4U1,2.9066
Er1H2,0.0
Fe1Li1O9P3,3.7117
Br1Fe1O3Sr2,0.8466
Be1I2,4.1243
Cu2Yb1,0.0
K2Mn1S2,2.2738
Ir2Zr1,0.0
Al4Ni3,0.0
Sb1V3,0.0
Ni3Si5Y2,0.0
Mn1O2,0.0
Bi2Ho6Mn1,0.0
Co2Ge2Nd1,0.0
In1Li1Te2,1.4206
Au1Ho1Pb1,0.0
Ru1Sb1Ti1,0.0
Ba2Ca2Cu3Hg1O8,0.0
Al8Fe5,0.0
Fe1Zn13,0.0
I5In1Sr2,2.7727
P1Pb1S4Tl1,2.0935
K2N6Ni1O12Pb1,0.0
As1Si1,1.1986
S3Sr1Zr1,1.1823
Ca1Ni2P2,0.0
Ba1Co2Sn8,0.0
Eu1Ge2Ir1,0.0
Co1Cs1F3,0.0
S2Y1,0.0
B1Mo1,0.0
Au1Lu1,0.0
F6U1,3.8224
P1S4Sc1,2.0453
C2Na2,3.3749
Os1P2,0.9187
Fe1O4Si1,0.0
Cu1Yb1,0.0
As1K1Ni1O4,2.8898
Re1Si2,0.0
Bi1Cs1F6,2.9058
Ba4Ir3O10,0.0
Au1La1,0.0
Bi1Ho1,0.0
As1Dy1,0.0
I1Pd1Te1,0.0
K2Nb5O15Y1,1.9039
Pd3Tb1,0.0
Mg1Tm1,0.0
Cd1Cr2H14N4O8,2.8695
Pd1Ti2,0.0
Cs1Ge1,1.3785
Cu4O9P2,1.1877
Cu1O7Sr1V2,1.983
Eu3O7Os1,0.0
O5U1V1,1.6043
Mn1Si1Y1,0.0
C1Cl1Cu1O1,2.5815
Mg1Ni2Sn1,0.0
C6Cs2K1N6Rh1,5.5405
Ru1Sc1Si1,0.0
O14Rb3Sb5,1.1686
Li2O2,1.977
Fe17N3Nd2,0.0
F6In1K2Na1,5.348
B6Co21Hf2,0.0
Br3C1F1,3.262
O5Te1U1,2.9410000000000003
Cs1H3Mg1,2.9296
C1Ga1Mo2,0.0
Cu12S13Sb4,0.0
Cl2Cu3O6Se2,1.1769
F2H1Na1,6.8301
Ca1Sn1,0.0
Cl2Sn1,0.0
Ge3La1,0.0
Ba2C2F3O6Y1,5.2658
Be12Pt1,0.0
Mn2O5Pr1,1.4333
B14Ho4Ni1,0.0
Mo1O6Te1Zn1,3.0155
F9U2,0.0
Al2Th3,0.0
Ag1K2Nb1S4,1.7358
Ba2Mn1O3,1.7205
Eu3S4,0.0
Ru1Si1Ti1,0.0
Au2Bi1Ho5,0.0
Gd6Zn23,0.0
Pb1Pu3,0.0
Sb1Te1Th1,0.0
Ga3Pt5,0.0
B2C2Mg1,1.3059
Ba3Cl2Fe2O5,2.237
B1Rh3Y1,0.0
Li2O12S3V2,2.9471
Eu1Zn13,0.0
B2Ce1Co3,0.0
H8N6O12Zn1,3.2565
Al1Na1O4Si1,4.4812
Ca2Cl1Fe1O3,0.6618
Co2Pr1,0.0
H4K2Na2O14P4,5.2398
Ir1P2,0.5159
Ba1In2Nd2O7,2.571
B1Ir2Zn2,0.0
S3U2,0.0
As4Br3C8Cu3H18N2O4,3.0226
Hf9Mo4Se1,0.0
Se1Ti2,0.0
Er1Ni1Si3,0.0
S2Tb1Tl1,1.5904
B7Dy3Mn1,0.0
Cu4Rb1Se3,0.0
Pt3Sn1,0.0
Ho1Mo6S8,0.0
H6Li1N1O6,3.2732
Cd1Ga1In1S4,0.4163
Cu1Fe1S2,0.0
B2Bi2O7Zn1,2.5956
Ag2Gd1In1,0.0
Ag1In1Te2,0.4045
Ni4Si7Ti4,0.0
Os2Si2Y1,0.0
Cl2Si1,2.0118
B3F6Na3O3,6.2446
Al4Ce3Si6,0.0
Ca1Co1F6Li1,2.8809
Br4Ga1Na1,3.4898
Cl1Er1O3Se1,4.3434
C1Ir1,0.0
Ca2Cl2Cu1O2,0.0
O2S1,2.8414
Co1Dy1Si2,0.0
Ni5Si3U1,0.0
Ge1La1Mn1,0.0
Ge1Li1O4Sc1,3.8994
Co1In8Pr2,0.0
Cr1Mg1O4,2.4071
Al1Cu2Mn1,0.0
B2Mo1O12Pb6,2.3681
Mg3Pt1,0.0
Sb1Y1Zr1,0.0
Ni12P5,0.0
Eu1Hg3,0.0
Sb3Ti5,0.0
Cl1Cu1K4O15V5,0.0
Mg1Y1,0.0
Ga1Mo4S8,0.0
Ca1Ir1O6Sr3,0.0
Fe2Ge1,0.0
Pd1Ta1,0.0
K1Ni1O4P1,2.9853
Ag6Ce1N9O27,2.9194
Ba5Cl1Mn3O12,1.7869
In9Ni4Y11,0.0
Al2H3O9P3,6.27
Ba4Nd4O15Pt1Zn3,2.443
F8N2O2Xe1,2.1602
Bi2O7Ti2,2.7755
Lu1Ru1,0.0
Bi1I3,0.0
Rh1Sn2,0.0
H1Na2O3P1,0.0
Pd1Sn2,0.0
Al1F6Na1Rb2,6.8031
Cl1Cr1O4Sr2,1.0949
Cd2O12S3Tl2,4.1314
In1Na1,0.0
Cl2N2S3,1.6965
Ag3C6Fe1N6,0.0
Mo1S2,1.2771
As1Ca1H1O5Zn1,3.1016
Mo3Rb1S3,0.0
Br6W1,1.1364
Nb1Ni1P2,0.0
Cl3Zr1,0.0
Ge1Mn1O3,1.7228
Eu2Ge1S4,1.9244
Cr2Hf1,0.0
C8F12O8Ru2,1.3834
Ce3Cu1S7Si1,1.6553
Ca1O6Si2Zn1,4.4895
C6Cu1H8N6O2,0.0
Pr3Te4,0.0
Ca1Pb1,0.0
Cu3Se4V1,1.0590000000000002
Ba2K8O24U6,2.8745
Co1Si2Sm1,0.0
F1Rb1,5.5444
La1Ru3Si2,0.0
Pd16S7,0.0
Ir2Nd1,0.0
Cu1Sb1Se2,0.7206
Cu1Er1O8W2,1.4433
B12Hf1,0.0
Al1Sb1,1.2271
C1Fe16Si7U6,0.0
Cl3Cs1Yb1,3.0729
Co1Ge1Tb1,0.0
Ba1Mn2O6Tb1,0.0
Bi1Zr1,0.0
Au1C2N2Rb1S2,3.0038
Ho1S3Sc1,1.9834
Ca9In1O28P7,4.4412
C2Co1Nd1,0.0
Li1Nb1O2,1.6572
Ni5Y1,0.0
Ag1K2S4V1,1.2061
Ba3Na1O9Os2,0.0
Dy1Ga2,0.0
Ge1Ho1Ru1,0.0
Ce1Ge2Ni1,0.0
Ba2Cu3Nd1O6,0.0
Nb2Ni1,0.0
Cu1In1Ta2Te4,0.0
B12U1,0.0
K1S2Yb1,0.0
Be17Ru3,0.0
N1Tc1,0.0
Gd1Mg3,0.0
Ga2Hg1Te4,0.6882
O4S1Sr1,5.91
Au1Gd1In1,0.0
Pr4Sb3,0.0
F4Fe1Na1,2.9994
F6Li1Ni1Sr1,2.0085
Si1Ti3,0.0
Ni1O4Sb2,1.9338
Ag1Dy1Te2,0.8778
Ba1Gd2Ni1O5,0.0
F1Na3O4W1,4.502
Nb1Pt1Si1,0.0
F3N3S3,2.5925
H2K1N1,2.0780000000000003
Cu1O3Te1,0.0
Al2Zr1,0.0
C1Y2,0.0
Ga1Ru1U1,0.0
Ca9Sb9Zn4,0.0
B4Os1Pu1,0.0
Bi1Cl4N3S4,2.0251
Nb7P4,0.0
Cl2Cu1O6Se2Sr2,1.7913
Ba2O6W1Zn1,2.9874
Er3Ru4Si12,0.0
In1Na3O4Rb2,1.977
Sc10.5906,0.0
S4Zr3,0.0
Cl1Li4N1,1.771
Al2Be1O4,6.1314
Hf1Ni1,0.0
Cu1F1H4O5P1,1.7203
Au2Ho7Te2,0.0
In2Ni1S4,0.0
B1Cl1Cu1H4O4,0.0
Cr2Mg3O12Si3,3.5782
Cu1In1Mo2O8,0.7201
P1Re2,0.0
Ge2Tb1,0.0
Ge4H4Na4O16Sn2,2.397
As2Mg2Zn1,0.0
Li2O8P2V1,2.4648
Er1Pd1Sn1,0.0
O5Ta2,0.4342
Cu3Se4Ta1,1.8038
Bi2O5Sr2,2.2722
Au5K3Tl1,0.0
Mn1Si1Zr1,0.0
Au1C4F12Li1O12S4,1.6357
As1H6N1O4,4.0167
As1Co1Nd1O1,0.0
Ba4Li1N7W2,1.9911
Ag3K3Se8Ta2,2.1594
In1Ni2Sc2,0.0
In1Ni2Zr1,0.0
Cr3O1,0.0
F1Mg1Na1O4S1,5.5939
C1Sn1Zr2,0.0
Ga1I3,2.3087
C2I7Y6,0.0
Al1N3Ta4,0.0
Sb2V1,0.0
Al1Nb1O4,3.6135
As2Co2K1,0.0
B8Nb7Ru6,0.0
C2Fe1H4O6,2.2115
F4Xe1,2.7105
La2Mo2O7,0.0
Sb1Th1,0.0
As1Fe1,0.0
Rh1Sb2Ti5,0.0
Al8Fe4Tb1,0.0
Br3Cs1Li2,4.2957
Mn1Ni1O3,1.5456
C2Cs1F2Ga1H6,4.2069
Cl2Cr1,2.3375
La5Tl3,0.0
Co2P2S6,1.2999
Al1Dy3Fe1S7,1.779
Ga1K1O14Te6,2.977
Bi2H16Na6O14,3.9423
Ge1Ho1Li1,0.0
Cl1O12Sr5V3,3.9298
Ge1Ni1,0.0
Ni1Tb1,0.0
Mg2Sm1,0.0
Ge1Rh3Y2,0.0
Ni1P5Ti2,0.0
Ho1Li1Sn1,0.0
H9N1O13Y4,3.213
Mn2Sc1,0.0
As12Ni2Re5,0.0
Au1Rb1,0.0736
Cl5Cs1Pd2,1.9541
Ga1Na1O6Si2,4.2568
Ba3Na1O6Ru1,1.4769
S4Y2Zn1,0.7464
Cl1Cs1,4.9953
Al1Cu1Te2,1.2869
O2Tc1,0.0
Al43Cr4Tb6,0.0
Cl4Cr1H18K1N6O8,1.2031
I14Mo6Pb1,1.9883
Ga3Hf1,0.0
Eu1Te1,0.7902
Cl4N1Re1,1.283
Ca1Mo1O4,3.3476
Ba1Mn3O6,0.0
Cd1La1,0.0
I5In1Pb2,1.8539
Al45Cr7,0.0
C4H9N1O4,3.2082
C6Cs2Mn2N6,0.0
F2I1N1O1S1,2.196
B2Ce3Cl3O6,4.4168
Mn1P1Rb1,0.0
Nb3O10U1,2.402
Nb5Se4,0.0
Os4Sb12Sr1,0.0
Al2Mg1O4,5.1112
O5V2,1.4079
B12Yb1,0.0
F1O1Sb1,3.3005
Cd2P2Se6,1.129
As1Mn1Nd1O1,0.0
Fe1O4V1,1.9091
Cl6W1,1.8452
Au1K3Se13,0.6554
Al2Ho1Ni1,0.0
B1Pr1Rh3,0.0
La1Tl1,0.0
H6Nd1O12P3,3.2217
Na1O12P3Sn2,2.8794
As1F5,4.5671
Cs4Fe1O3,1.3343
Pd4Zr3,0.0
Al9Mn3Si1,0.0
Ga1Ni2U1,0.0
Br1Na1,4.1148
Fe4O11Sr4,0.0
C1Ge1Nb2,0.0
C2Cl1N2Ni1Rb1,3.1037
Ge1Sc1,0.0
Cl2Cr1H12I1N4,2.7465
F3Sc1,6.5705
C1Ca4N4,1.8009
Cl2Zn1,4.6308
Al1Ge3Yb2,0.0
Hg1Pr1,0.0
Hf1Ni2Sn1,0.0
Ir1Sb2,0.354
Ir2Y5,0.0
Cd4S6Si1,1.5094
O8Pb1Re2,3.8298
Br2Cd1,2.8581
Ge2Na2Se5,1.5313
O9Te4,2.2302
O8Rb1S2Tl1,1.9786
Ni1Tb3,0.0
Na1O7P2Y1,5.2755
Ba2Cr1O6Ta1,2.3495
Ca2Nb3O10Rb1,1.8503
H2N2Na2O4,3.0117
Co4P3Zr2,0.0
Gd2O7Zr2,0.1483
Er1Ga1Ir1,0.0
Cu1K1Na2O2,1.7827
Cd1Ho2S4,1.153
K1S2Sn1,0.0
In1La1Rh1,0.0
Ga2Tb1,0.0
Cd1Ti2,0.0
N2Sr1Ti1,1.4463
Be13Ce1,0.0
As3Na1Zn4,0.3239
P4Rh6Sc1,0.0
Mo6S8Tb1,0.0
Al3Ti1,0.0
Ce1Ge2Li1,0.0
Be6Mn8O24Se2Si6,2.987
Cl18Nb6Rb4,1.1295
Re24Ti5,0.0
Cu3K3P2,1.4959
C1Cs1I14Zr6,0.0
Ga3Ir1,0.0
Ag1O2Rh1,1.654
Al3C3Ho1,0.0
Co7K4O14,0.2439
Cs1Cu5S3,0.9994
C2Cs2O4,4.1749
H5W1,0.0
Co2Rb1S2,0.0
Ca10.681,0.0
Br8Nb3,0.4697
Er1Ge2Pt1,0.0
Ho5Tl3,0.0
C2Ho1W1,0.0
Na4Sn1Te4,0.971
Bi2Cl1Er1O4,1.4394
Cd2La1,0.0
C5I1O5Re1,2.2912
Dy3Zn11,0.0
Cl5K1Sn2,2.986
Co1Mn1Si1,0.0
Ga2Ni3Y1,0.0
Ge3Pu1,0.0
Al8Si38,0.0
I2La1,0.0
Pb5Rh4,0.0
Cu2O5Y2,1.521
In1O7P2Rb1,3.9432
Al5Ba3,0.0
Ba5O15Ta4,3.1019
Au1F4K1,2.8813
Ca2O7Sb2,1.7361
Ge1K1O5Sb1,2.2334
H6Se1Si2,3.6874
K1S2Y1,2.3314
As2Ir1,0.7405
In1Li1Se2,1.6849
Mn1Pd2Sb1,0.0
Ge6Li1Ni6,0.0
Bi1Nb1O4,2.6421
As3Ba5,0.0
Ni1Rh2Sn1,0.0
Ge1Pr1Ru1,0.0
C2F1H10N2O8P1V2,2.7260000000000004
Au1Ba1Sb1,0.0
Ce1H2,0.0
Co3Fe4O24P6,1.8742
B6K1,0.0
Li1N1O3,2.9816
B3H6N3,5.351
Be4C6K6O19,4.7794
Ce5Si4,0.0
Cu1Mg1Sb1,0.0
Co1O6Ta2,3.0626
Al3Nd1,0.0
C6Cu1Fe1N6Rb2,0.0
Ge1Li2Zn1,0.0295
C1Ga1Sc2,0.0
Ba1Nb0.67O3Sr0.33,3.0267
Br4Cs2I2Pd1,0.843
P1Ta3,0.0
La4O12Ti3,3.2068
Nb1Rb3S4,2.5966
Au1Se1,0.0
Nd1Rb1Te2,1.359
Ca3Rh4Sn13,0.0
Co1Mn1,0.0
Cl4Cu1H4K2O2,1.6449
Ni3Pb2S2,0.0
Ni3Sb4U3,0.35
Al6Br2Ge6Li8O24,3.6479
Ba1Fe2O5Y1,0.0
Ba4Li2Si6,0.0939
Ce1Cu1Sn1,0.0
F10In3Rb1,3.6509
S18,2.4698
Al1Pt3,0.0
Al3Zr5,0.0
Sb3Zn1Zr5,0.0
La2Sb1,0.0
Ba1Na1O7Sc1Si2,4.5311
Al1Ba1Ge1,0.0
C2Cl2H12K1N2O4P1Pt1,3.1497
Pt5U1,0.0
H4N4,3.5944
Ca4Pd4Si3,0.0
B4La2Ni5,0.0
Er1Ge2Ni1,0.0
Cu3Mo2O9,1.1272
Sb2Yb1Zn2,0.0
Fe6Ge6Nb1,0.0
Cu1Nb2O6,1.8258
C1Cr3P1,0.0
Ca2Cu1P3Zn2,0.3047
Al8Fe4Th1,0.0
Ca1F6Sn2,3.5593
Cl14Ir2Te14,1.4003
Ca1Mn2O4,1.2693
Cu2In1Yb2,0.0
Ge3Nb5,0.0
Ag1As1Na2,0.7896
Rh2Y1,0.0
Ba2O10Si4,4.7362
O3Pm2,3.7054
Ca1Ga2S4,2.6423
Cl5O2U2,0.0
Tc1Ti1,0.0
Cl4H8Si5,3.7613
Br2Mn2Sb2Se4,1.0599
Be6Mn8O24S2Si6,3.141
Al2Fe3Si3,0.0
Br6Rb2Te1,2.0903
Cu2Nd1Si2,0.0
F3Mg1Na1,5.9285
P4Ru1,1.3632
Cd1Pd2Yb2,0.0
As2Ni2O7,1.5104
Sb1Sc1,0.0
O7P2Zn2,4.3859
Al1N1Na3O9P3,5.0104
P2Rh1,0.2491
Bi1Ca2,0.0
Al43Dy6Ti4,0.0
Cu9Nd1Sn4,0.0
Sm1Te2Tl1,0.0
As1Ni1V1,0.0
Eu1K1O4P1,2.9458
Hf1Sn1,0.0
Li4Mo5O17,3.0228
Cu1S4Ti2,0.0
Mn1O6Sb2,0.6059
F4Te1,3.9885
B13Dy4Ni1,0.0
Bi1Pd1,0.0
Ba1Nb1O8P1Te1,2.8557
Al3Au8,0.0
Hg2Se4Sn1,0.1464
S2Sn1,1.3672
Al1Pt1Th1,0.0
Al2Er1Ge2,0.0
Cl1N5S5,1.4968
K4P2Pd1S8,1.9188
B2Ca1H8,4.9489
Ca2Ge2H2Ni2,0.0
Al1B2Li3O6,4.8247
H1Mn1O3P1,4.3405
O7Sr3V2,0.2012
Fe1H6Sr2,3.0278
Ca1Ge2Ni2,0.0
O7Tl4V2,2.588
Cu4Ge4Ho3,0.0
B12P2,2.4904
Pd3Rb2S6U1,1.4902
Cl1Hf1N1,2.2039
Mo3O8Sc1Zn1,0.1968
Cu2Ge2Y1,0.0
Ba1C2N2S2,3.8461
Ni1Sn1Yb1,0.0
Fe3Th1,0.0
Nb2O6Sn1,2.1284
Cr1K3O8,1.8178
B1Lu1Pd3,0.0
Rh1Y1,0.0
Er1Ga1Pd1,0.0
Mg1Nd1,0.0
Eu1Si6,0.0
O5Si2Sr1,4.0732
C2Co1N7Sr6,0.7646
Cu1Si1Y1,0.0
Li2O5Si2,5.2436
Cl2Ni2O8Sr1Te3,3.0777
Ce1F3,4.7534
Ge2Rh2Yb1,0.0
Al2La5Ru3,0.0
Co1H4K2O10Se2,3.1529
Ca1Cl2,5.4449
Bi1K1O8W2,2.7794
Li1Pd2Tl1,0.0
In1K1S2,2.1297
Dy5Sn4,0.0
B2N4Nd3,0.0
Dy1H4K1O9P2,4.6743
C3Pr2,0.0
Mg1Pd1Yb4,0.0
Eu2I1P1,0.8407
O7P2Zr1,4.4732
Hg1Tb1,0.0
Al2Hg1Te4,1.1042
Na4Si4,1.1561
La3Pt2,0.0
Cl6K2Pu1,0.3081
Al43W4Y6,0.0
Al2Cu1U1,0.0
Ge1Mn3,0.0
Ba11Bi14Cd8,0.0
As2H3Li1O7,1.9624
Cs1Ga3,0.0486
As2Cu5,0.0
Nd1O4V1,0.0
Fe1Rh2Se4,0.2173
Mo1Zn7,0.0
I1K1O4,2.3318
Co1Ho1Si1,0.0
Ir3Ti1,0.0
Fe1V3,0.0
Sb1Zn1,0.1679
Cd2O7Sb2,0.6509
Ho6Mn23,0.0
Cs1I3Pb1,0.0
Gd1Hg1,0.0
Ni2Si1Zn3,0.0
Au2Sn1Tb2,0.0
La2S5Sn1,0.0
Ca1Hg1Pb1,0.0
O4Tb1V1,2.9659
Hg2Na1,0.0
Rh3Th7,0.0
Li2O7Sr1Ta2,2.5345
B6Cr1Sc2,0.0
H6O12P3Pr1,2.3342
Ag3O4,0.0
Li4Mo3O8,1.409
Pd1,0.0
O3Sn1Ti1,1.7288
Bi3Er5,0.0
Be5Hf1,0.0
As5S8Tl1,1.5664
Ni1O6Re1Sr2,0.3743
Xe1,6.2111
Ge2Ho1Ni1,0.0
Nb8Pt1Se20,0.0
C3La2,0.0
Cu3Sb1Se3,0.7488
Ba2Fe1O6Re1,0.0
In1Pt4Sm1,0.0
Ge5Nd1,0.0
Pt6Si5,0.0
O4Si1Ti1,2.1486
Mn2O3,0.0
Ba3Ni1O9Sb2,0.7745
O4Sn1W1,3.9241
B6Ho1,0.0
Ge2Pt2Th1,0.0
Ag1Bi1Se2,0.4387
Fe1Mn2N8Sr8,0.0
Ba1O8Te1V2,2.5109
Cl1H1,0.0
B1O3Yb1,0.0
B1Ce1Pt3,0.0
O3,1.1997
Ga2H3O9P3,5.275
As3Sr5,0.0
Co1Li6O4,3.195
O2S1Y2,2.9901
Ag3As1Se3,1.2365
H8Ni1O16P4Tl2,2.5132
Nb1S2,0.0
Ba1Hf1N2,1.2452
Al8Cu4Er1,0.0
Cs1H1Mn1O10P3,2.2761
Cu1Eu2O4,0.0
B1H7Li1N1,5.6633
Fe1Ge1,0.0
B1F4H2N3S3,2.2729
Cl3Gd1,3.9353
C6Cr1Cs2Li1N6,3.7778
Pd1S1Sb1,0.0
Tc6Te15,0.6117
Co3Dy1,0.0
Ge1Ti1Y1,0.0
Ir2La1Si2,0.0
C6Cr21Mo2,0.0
F6Na2U1,3.4221
Fe1H4K2O10S2,3.6167
Ba1Si1,0.0
C4Cl2Co1H24N8O8S4,3.7254
Cs1N2Nb1,1.7973
Bi9Ca9Zn4,0.0
H12N6Ni1O4,0.6446
Mn3N1Rh1,0.0
O7Si2Y2,4.5615
La3Pb13Rh4,0.0
Fe1Mo1O6Sr2,1.5162
As1Li1Mg1,1.3689
F6H8N2Si1,6.5713
Bi2O4Sr1,2.6891
Er1H1,0.0
Bi1Ce1Pd1,0.0
Nb1O3Sr1,0.0
Br6Hg7P4,1.3199
Bi1Pb1Pd2,0.0
Ir3Ta1,0.0
Ba2Ca1O6W1,2.8561
Ag1In1,0.0
Ag1Al2Pr1,0.0
Ag1Te2Y1,0.8745
Be1F3H4N1,6.479
P2Sn1Zn1,0.6787
Dy1Mg1,0.0
C3Co1N3Sr3,1.0322
La1Rh1Sn2,0.0
Dy2Mo4O18Sb2,3.1126
Cr1O5Pb2,1.8305
Cl6Mo1Tl2,0.0
Br2Re6Se8,0.835
Co1O4S1,4.0099
Co1Er1Si2,0.0
Au2Ce1Si2,0.0
Ba1La1Mn2O6,0.0
Ag1K2S4Sb1,1.4423
C3Ce2Mo2,0.0
C2Li2,3.306
La3Pt4,0.0
Cu2Fe1S2,0.0
Ni6Si2Tb3,0.0
C3Ho2Mo2,0.0
Cd1In2S4,1.1992
La1P2,0.3381
P4Ru1Si4,1.5808
Au1Cl3,1.2393
I1K3O1,1.0374
F2O1Se1,4.1516
Er2S3,1.1627
Ru3Si2Th1,0.0
Ag1Ti1,0.0
In1Mn1Ni2,0.0
Fe2La3S7,0.7964
I5Pr4Ru1,0.0
F1Gd1O1,4.5806
Al1Pt1Tb1,0.0
B7Co4Nb3,0.0
Pb3Th5,0.0
As4Ta5,0.0
Cl5Sb1,1.8558
H4O6Se1Zn1,3.05
Ba1S3Ta1,0.0
F7K2Pa1,3.9971
Hf2Tl1,0.0
I2Li5S3Sb1,2.5031
Fe1Ga8Tm2,0.0
O1Pr1Sb1Zn1,0.2617
Ag2Sr3,0.0
C4F1H12N1O4Os1,2.5624
Hf1Te4Tl4,0.4348
O7Pr3Sb1,2.6482
Al1F9H2O1Pb3,4.6619
O13Sr2Ti6,1.3471
Co1Dy1Ga1,0.0
C1Pr1Rh3,0.0
C2H2Na2O6,3.1734
Hg2I1Na1O2,1.3815
Cr2Hg1O4,1.5824
Cd1P4,0.6263
Cr1O4Tb1,0.7146
Fe2K1Se2,0.0
Cr2Fe3O12Si3,3.0149
Ba6Ga2P6,0.6027
Eu1In4,0.0
Cd1Hf1,0.0
Na1P1,0.8768
Au1Cu3Sn1,0.0
Fe1Ni1O5P1,1.8915
Cr5S6,0.0
Hg3O5Se4,1.8899
Dy2Te1,0.0
La2S5Zr1,1.1037
Ba1K4O9Si3,4.2213
Al1N3Ti4,0.0
Co2Hf1Si2,0.0
Ag2Nd1Si2,0.0
Br9Cs3Y2,4.025
F5Te1Tl1,4.4606
Bi1Nd1,0.0
Cs1Na1O3Ti1,3.7336
Al2O9Y4,4.3179
As1In1Pd5,0.0
As2H2K1O8Sc1,3.838
Cl2Co5O12Te4,3.1669
Ta1Te2,0.0
O4Pt3,0.0
Hf3Ni7,0.0
Rh2Sr1,0.0
Cu1Gd1Sb2,0.0
Al1Er1Zn1,0.0
Ba1Cd1,0.0
C1Dy3In1,0.0
Br4Cs1Ga1,3.3648
F3O4P1Sn3,3.7663
Al16Pd7Sc6,0.0
In1Pd2,0.0
Ba2Sn1Te5,0.0
Cu2O2Tl1,0.7024
Al2Pu1,0.0
As1Cd2Cl2,1.0197
Co1Pd2Te2,0.0
C1Ni1O3,3.0966
Fe7O10Si1,0.0
Cl1Gd1O3Se1,4.3453
Ga2Zr3,0.0
As2Zr3,0.0
Al1Si1Te3,1.233
Co2Ga1Ni1,0.0
As1Dy1O4,3.629
N2O6Sr1,3.7135
Cs1I3Sn1,2.3117
Na2O4S1,4.9761
Ca5Ge3,0.0
Bi1F6K1,2.9088
Ag6Ge2O7,0.2506
Mg3O6Te1,2.8942
Cu1La3Se7Si1,1.4951
F13Rb1Th3,6.644
As2Na2,0.7085
O6V2Zn1,2.4365
Bi24O40Si2,2.4215
Ba1Mg1Sn1,0.0
Al2N4Sr3,1.9085
Cu1Ga1Pt2,0.0
Br9K3Mo2,1.0849
Ir1Lu1,0.0
As1F6N5S4,2.4442
Ba2Cu3La1O7,0.0
Ho1Mg2,0.0
C1Ca1N2,3.5558
Ge7Nb6Ni16,0.0
Cu1Nd1O2,0.0
Dy1Ru2,0.0
Ba2Br2O1,3.3145
Rh1Th1,0.0
Fe1Na2O4,1.2168
Cr1F6K1,1.3351
Fe1O1,0.0
In1Li1O2,2.022
B2Er1Rh3,0.0
Co1Cu1O7P2,1.4132
K1O3Ta1,2.3223
H2O5S1Zn1,4.8567
Hf1La3Sb5,0.0
Cu1In1Nd1,0.0
Hf1Ir1,0.0
Au3Ge1Sr1,0.0
Ho3O6Sc1,4.3807
Ca2Cl1Cu1Nb3O10,0.0
In1N1Ti3,0.0
Cu1F4Na2,2.6242
Al1Ge1Sr1,0.0
C1Ca1H12O9,4.9139
Al1P1S4,0.0
Ba1Mo6S8,0.1485
Co12Ho2P7,0.0
Ge2Pd2Sr1,0.0
Al1C1Er3,0.0
Ga1Li3Na2O4,3.2993
Mo8Nd1O14,0.0
Ag1La1Mg1,0.0
Ni2Sn1Zr1,0.0
Co1K2S2,2.1099
As3Cd4Rb1,0.0
Dy1Pt2Si1,0.0
Fe1S4Sb2,0.9952
Cu1La3S7Sn1,1.692
Ge1Pd2,0.0
Hg1Th2,0.0
S1Sn3Zr5,0.0
B4K2O7,4.8099
Cs2I4O11,2.8786
Ba2Na1O6Os1,0.0
Mo2O16P4Sr1,0.9407
Cr1H5O5P1,2.8406
B4V1Y1,0.0
Be2Ca1P2,0.7307
Gd1O4V1,2.9365
In1Mo6S8,0.0
Dy1Si2,0.0
Sb2Te1,0.0
Cu3K3S8Ta2,2.4555
Ba1La2O7Sc2,3.7966
Pu1Sb2,0.0
Fe1O7P2Rb1,2.3136
Ir3Y5,0.0
B1Ce1Rh3,0.0
Ir2U1,0.0
Ga1Li1Mg2,0.0
Pa1Sb2,0.0
F15Mn1Na5Zr2,3.785
In2Rb4S5,2.1364
Al2Y3,0.0
H4O9P2V1,2.2866
As2S6Sn1Tl2,0.7170000000000001
Al6Fe1,0.0
Ge1Mn2O4,0.3568
Pb1Se2Ta1,0.0
Ba2Nb1O6Y1,3.0843
Au1Er1In1,0.0
Er1Li1O2,4.1293
Mn1Mo1O4,2.801
As2O9Pb2Ti1,2.59
Co1F6Na1Rb2,0.0
Ba1Hg11,0.0
C4Cr4U1,0.0
C2Co1Th1,0.0
C2U1V1,0.0
K2O4U1,2.8751
Mn1Ni1Sb1,0.0
Si1Sr1,0.0
C1Er1Rh3,0.0
Ba1Ni1S2,0.0
C4H16N2S14Sb8,1.3506
O5Sr2U1,3.1449
Dy3Ni6Si2,0.0
Cu3Mn4O12Y1,0.0
Na2O8P2Th1,4.6857
F1H6N1Na1O4P1,3.4705
Al3Ni2U1,0.0
Hf5Sn3,0.0
Mg17Sr2,0.0
Mn1Se2,0.6998
Fe2Mn3O12Si3,0.0
N1Rh1,0.0
Eu1F2,2.1001
Co1Nb1Sn1,0.0
Ca1Pd2Si2,0.0
C6Cr1O6,1.2999
Cu4In1Tb1,0.0
Co2Ge2La1,0.0
Cl3Cu1H4Li1O2,1.2727
Ho3Pt4,0.0
Ge2K2O6Zn1,3.1089
Ge1Hf1O4,4.0601
Ge2N2O1,2.5168
Al1Os1,0.0
Ba3O1Pb1,0.0
Li1Mn1O4,1.5055
K1Li1O7P2Zn1,4.6458
Li2Se3Te1,0.5334
Eu1Ir1P1,0.0
Al8Ce1Cu4,0.0
Ba3In2O6,0.9182
Hg1I6Tl4,1.1361
Er2O7Ti2,3.1084
Be12W1,0.0
C5Ir4,0.4923
Ho3La1S6,1.0304
Al1Ir1U1,0.0
Hf1N2Sr1,0.3161
Br2C6H18N4S4,3.3787
Li2Sr3,0.0
Cu4P10Sn1,0.609
B5Ba2Li1O10,4.9214
Br2Li5N1,2.086
H3K1N1O3P1,4.1174
Rh2Si2Tb1,0.0
Cu16Mg6Si7,0.0
Cl2Mg1O8,5.246
Cl4Hf1,4.1672
F6Pb1Zn1,2.5413
C2Ca1H10Na2O11,4.6268
Ge6Ho4Rh7,0.0
As2Fe2O5Sc2Sr3,0.0
In9Ni13,0.0
Si1Tb1Ti1,0.0
Br4K2Pt1,1.9772
Mo1O6Yb2,0.0
Ba2O6Sb1Y1,3.5403
Al2O6Rb6,2.6592
Ru2Sn3,0.0
Cu1La1Si1,0.0
Cu1Ga1S2,1.122
Nb2O7Sn2,1.0459
O6Pt1Sr3Zn1,2.9810000000000003
P1Ru1Se1,0.3313
Cd1Li2S4Sn1,1.7731
Ca4O1P2,1.2729
H2K1O6P2V1,0.0
Hf1O8Te3,3.8507
Cu2K1Se4V1,1.0643
Cd1Fe2O4,1.5426
Ag2Li1Sn1,0.0
Hf5Ni1Sn3,0.0
As2Ba1Ni2,0.0
Li15Pd4,0.0
O9S2Zn3,4.1937
Fe1Si1Tb1,0.0
Mg2Sb2Yb1,0.6498
Fe1Ni2O4,0.0
Au2F8Ni1,2.2345
Mg2O8Te3,3.4598
Gd1O1,0.0
O5P1Sb1,2.5342
Eu2O7Ti2,0.2856
Ba1Gd2O10Si3,4.6625
Ni3O6Te1,1.7084
Cu1Li2Sb1,0.5017
As3F1O12Sr5,3.9143
As2Cu3O8,1.1303
Cl4N4S4Te1,1.9059
Cu1O7Sr1Te2,0.0
In4Pt1Yb1,0.0
Al1C3Ta4,0.0
Cl6I1P1,1.7635
O4P1Tl1,0.7108
Ag3Ce1K2Te4,0.9785
As9Zr14,0.0
Co2Ga1Hf1,0.0
Ni2Pr1,0.0
Br3C1Li1N2Sr2,3.9829
Cd1O3Sn1,0.4537
Hf2P1Sb1,0.0
Lu2O3,4.0078
Cl1Mn1O3Sr2,0.0
Cd13K1,0.0
Ce1Pt1,0.0
Gd2O7Ti2,3.2742
As3Br1Cd2,0.7898
Cl4Te1,3.1412
Br3Cs1Mn1,3.1991
F4Fe1K1,2.7244
Mo1Pt2,0.0
Co1Li1O2,0.0
Ca1H5O6P1,4.5596
Ca1Li2,0.0
Gd1H2Na1O9S2,5.4779
Pu1Rh3,0.0
Ag1Er1Si1,0.0
Ge3Ni5,0.0
H3U1,0.0
Ir1La3O7,0.3313
Cd1Er2Ge2,0.0
Ba5Cl1O12V3,3.9612
Bi1K1Mn1,0.0
Fe1K2P2S6,1.7579
In1La1Ni1,0.0
Ni1Sn1Zr1,0.0
O8P2Sr1Zr1,4.0926
Hg1O14P4V2,1.0656
Ca2Ge1S4,2.498
Ge2Ni1Tb1,0.0
Br6Dy1Li1Rb2,4.1921
Al1Ni1Tb1,0.0
K1Mg1O4P1,4.592
Cu4Ni1Yb1,0.0
Ba1F7Ta1,5.8171
Cu6Th1,0.0
Hg1Ti1,0.0
H1N3Si2,3.9838
Al2Ca1,0.0
Ce1Cu2Si2,0.0
Ge2K2Pb1S6,2.1639
As4Ge1Te7,0.363
Ni1O10P2V2,1.8635
Cd1Cl3Tl1,3.2752
Cd1Cu2Nd2,0.0
Pb1U1,0.0
Al2O5Ti1,3.4311
C1H4N2O2S1,2.9514
Er6Mn23,0.0
B1F4In1,4.5543
Cr1O6Te1Y1,2.7781
Co2Cu1S4,0.0
Ce1Rh2Si2,0.0
Sn10Y11,0.0
Al8Mn4U1,0.0
Rh1Sm1,0.0
La1Pd3,0.0
B6Br1K3O10,5.2096
Ca1Co2Si2,0.0
Ge6Sr7,0.0
Se4Ti3,0.0
Cu1F6K2Na1,1.6931
Ni3Sn4,0.0
Ho1S1,0.0
Ca5Co2N4,0.8072
Cs1N3O4S2,2.645
C2H6O6S2Zn1,3.9555
Ba2H1N1,1.0934
Bi1Rb1S2,1.3503
Mg1Pd1Sb1,0.0
Ho1Mn12,0.0
Au1Ni4Sc1,0.0
Er1Te2,0.0
N1Ru2Zr4,0.0
B6Ba1,0.0
Cd1P2Si1,1.4128
C2Eu1,0.4881
N1Pd1,0.0
Al2Se4Sr1,2.9730000000000003
Ba2Er1Nb1O6,3.0934
C1Co2,0.0
H2K1O2P1,5.1321
Cu1Mg4Y1,0.0
Al1F6Li1Sr1,7.3277
Co2Sc3Si3,0.0
Au1Sn1,0.0
Cu2La2O5,0.0
As12Fe2Re5,0.0
B2C2Ho1,0.0
Al1H6K2Li1,2.4832
Ir4Pr3Sn13,0.0
Cl3Mo1O1,2.1089
B1Fe1Ta1,0.0
Cr1Cs1P2S7,2.0562
Ag1La3Se7Si1,1.5795
Rb1S8Sb1U2,1.7197
B10O21Pb6,3.2545
Ce1Ni2Sb2,0.0
Na2S2,1.2368
Lu1Pd2Si2,0.0
Hg2O3Se1,2.2985
Pd1Sb2,0.0
P1Rh2,0.0
Gd1K1Te4,0.0
I3Mn1Tl1,2.3126
Na1Si1,1.1541
Al2Zr3,0.0
Au1In1Y1,0.0
O7P2Rb1V1,1.6959
Hf5Sc1,0.0
Ca1Cr1O10Si4,3.2917
H2Mg0.875Ti0.125,0.0
Dy3Fe1Ga1Se7,1.3962
Br2O6Pb3Se2,2.9116
B2C1Ce1Ir2,0.0
Cl2Cs1Cu2I1,2.4821
Cl1Cu1H1O1,0.0
Fe2O6Te1,1.1176
Be1K1O4P1,5.2392
Mo1P1,0.0
Cu1Na1O2,0.8059
Er5S7,0.0
Al4Bi4Cl16Se4,2.6018
P1Tm1,0.0
Cu2La1Si2,0.0
Al6Cu1H16O28P4,0.0
Ba1Cu2O8V2,1.3779
C1F3Hg1O3S1,3.2936
Co1Si1Ti1,0.0
Er3P4Pd7,0.0
Cu1Ho3Se7Si1,1.6565
Ho1Si3,0.0
Er1In1Zn1,0.0
Cd3Zr1,0.0
Ge1Pd5,0.0
Pb4Tb5,0.0
C3Fe17Y2,0.0
Ag2Ge2Pr1,0.0
Ba4Mn3Nd1O12,0.0
Au1O2Rb1,1.7621
As2Pd2Sr1,0.0
Ba2Gd1Mo1O6,0.0
Dy1Ni1Sn2,0.0
Al1Ni2Tb2,0.0
As2H4O9V1,2.3413
Ba1Sn1Zn1,0.0
Ce1Mg12,0.0
Eu1Ir2,0.0
B24C1Mg2,2.5023
Al1Hf1,0.0
Ba3S5Si1,2.8106
Ag2Tb1,0.0
Br5La2,0.35
Er2Fe3Si5,0.0
Na4O16Th1W4,4.588
Al1Pr1,0.0
Cu1H4O4P2,2.3415
P1Pd3,0.0
C2Cl1Mg1Na3O6,4.2173
C2Cl1H8N1,5.3927
In1P1S4,2.3877
K2O4S1,0.0
Al4Li9,0.0
Cd1H2O2,1.8275
Ba3Cd2Sb4,0.0
Al2Ca1H6O13Si3,5.0345
Cl2N2S2Se1,1.7654
Co8Fe1S8,0.0
Gd1Zn5,0.0
C2Re1Tb2,0.0
C3H3O6Sc1,3.7167
Ba1O2Zn1,2.7836
As1Co1Rh1,0.0
O4Sr2V1,0.0
Dy1O4P1,5.8931
Al2F12Li3Na3,7.09
O4Sb2,1.8861
Au2Er1,0.0
Rh1Se2,0.0
Ni6P17Pr6,0.0
Ga2Sr1,0.0
Au1Ga1Zr1,0.0
Er1Ge1Ru1,0.0
As1Br1Hg3S4,1.5222
Cs1F3Mg1,6.7047
Ba2Eu1Nb1O6,0.0
Se1V1,0.7125
C3Y2,0.0
Ca2Nb2O7,1.7677
Ag1As1Se1,0.0
In3Ni2,0.0
Cl3Co1Tl1,2.5139
Al2Au2Dy1,0.0
Al1Nb1Ni2,0.0
Ag1As1Eu1,0.0
Ag10O13Si4,0.7714
Li5Na1Sn4,0.0
Fe2O8P2Sr1,3.3768
Pb0.33S2Ta1,0.0
Cu1Rh2Se4,0.0
Mg1Se4Tm2,0.0
Ag1F6Ti1,1.9688
Au3Mg1,0.0
As7Dy2Ni12,0.0
Cs1O12Se2V3,2.3299
Co1Gd1O3,0.9779
As2Ca2H4Mn1O10,2.616
Au1Sn4,0.0
La2Li2O10Ti3,2.5286
Ba3Cr2S6,1.0155
Au1Eu1P1,0.0
Ag1Cr1S2,2.0765
O12Te1Y6,2.7108
O4Se1V1,1.7217
Cr3Ru1,0.0
Co17Y2,0.0
I4Mg2O12,3.4681
As2Rh1,0.2208
Eu1Pd3,0.0
Cl3Mo1N1,1.8712
B1Na3O8P2,5.1733
Cs2Hg1I4,2.0078
F11Na1Ni1Zr2,4.9654
Gd1K1O12P4,5.3267
Dy1Pd1,0.0
Cl6Cs2Se1,2.7447
Cl4V1,0.9955
C4Er2Mn1,0.0
Ca5H1Sn3,0.0
P4Th3,0.1344
Ag1F30O6S16Sb1Te6,0.9464
Pu1Si1,0.0
Ho1Mn1Si1,0.0
Cu2S2Tl1,0.0
Al1Au1O2,0.9622
Os2U1,0.0
Co9Si4Tb1,0.0
Sn3Yb1,0.0
Cu1Ge1Mn2,0.0
Ta8,0.0
As1Co1Mn1,0.0
Cl1F1Sr1,5.9298
Ba2O7P2,5.1457
F4Mo1O1,3.9131
B2Ca1O8Si2,5.6591
Ga1Pu3,0.0
Ni3S2Sn2,0.0
Ga1S8Ti4,0.0
Bi1K2Sn1,0.0
Cr1Cu1O4,1.0843
C1In1Nb2,0.0
Cr2O6U1,1.2059
Ba1In2La2O7,2.6364
Br2C4H11N1,3.9373
Ba1N12P6Sr2,4.1549
Cl8O12Si4Sr8,5.1009
Pd2Si1Yb1,0.0
Ag1Cd1Sb1,0.0
Au4Hf1,0.0
Te1Tm1,0.0
B2Ir1V2,0.0
F6K2Ti1,5.2108
Co2Nd1P2,0.0
Co3Mo1,0.0
Mn1N3Sr3,0.0
Ni16Si7V6,0.0
C4Cu1H8O8,0.0
Al1F4Rb1,6.9501
Gd1Tl3,0.0
B6Lu1,0.0
Cu5Li2O14Si4,1.5982
K3S4V1,1.7799
Gd1Ir2Si2,0.0
Er1Li1Sn1,0.0
B6Ni12Sr1,0.0
O3Pb1Te1,2.6943
Sb2Se3,0.7661
Sb2Zr1,0.0
B1K3P2,1.649
B2Ba4N4O1,2.8052
Ru1Se2,0.8640000000000001
Mn1N2O6,2.7714
Mn3P1,0.0
F3Tb1,7.7423
Li2O14Sr1Ti6,3.2233
Br3La3Si1,0.0
Br1In1,1.1846
Co2Ge3Sc3,0.0
Cd3K2Se4,1.4777
Fe2Mo5Na3O16,1.0665
As1Se1U1,0.0
Li2O3Re1,0.7919
Au7I1P10,0.7518
B6Ba2Co1O12,0.0
As1Mn1Na1,0.0
In2Ni3S2,0.0
Rh3Zr1,0.0
Ag1Dy1Sn1,0.0
I2O6Pb3Se2,2.7185
La1Mg1Pd1,0.0
Fe6Ge6Sc1,0.0
C2H13Li1N4,4.5459
Ce3Co8Si1,0.0
O12S3Sc2,4.7330000000000005
N12P6S1Zn4,4.5708
Mo3Te4,0.0
La3Li5O12Ta2,4.0647
Bi1F7Kr1,2.4495
Mn3O6Te1,1.1997
B2Ho1Ru3,0.0
Ba1Co1K2N6O12,0.0
Er3Tl5,0.0
As2Cl13Sb1,1.1879
Ru1Sb1V1,0.6518
H2Nd1,0.0
O2Rb2,1.7635
Ag8S6Si1,0.9747
Cl9Mo2Rb3,1.4857
C2Cd1Cl3H8N1,4.1682
Ga1Hf1Pt1,0.0
Cl2Hg5O4,0.1785
H2Mg1Ni1,0.0
Al6Ge6I2Li8O24,3.1355
Mn1S6Ta3,0.0
C1Pt1,0.0
Al1Na1Si1,0.0
Ce1Ge1Rh1,0.0
Ge1I3Rb1,0.5529999999999999
Cd1Nd1,0.0
Os1Se2,0.259
F5O4Tc1Xe1,2.1089
F2Sr1,6.7798
B2Dy1Ir3,0.0
Cu1K1Pd1Se5,1.1615
Er1Te3,0.0
Na4S4Sn1,1.9182
Mn1P4,0.0
Fe2O6P2Sc2Sr4,0.0
Al1Cl4Na1,5.1733
Al4O1Si6Sr10,0.0
F9K1U2,3.6076
Au1Ti3,0.0
P3Sn1,0.0
Cl6Cs2Ge1,2.1983
B4U1W1,0.0
Al1Au1Yb1,0.0
Ca2Ga1Mn1O5,0.0
Ag3I1S1,0.9618
Se1Tb1,0.0
Mo1O4Sr1,3.6652
In1Mg1,0.0
Al1Cu2Hf1,0.0
Al2Br8Ti1,2.9716
Dy1Pd1Tl1,0.0
Ga2Os1,0.7167
Au1Cd1,0.0
In4Ti3,0.0
B4H16N2,5.7249
F6V1Zr1,2.4329
Al2Ce1Pd2,0.0
Ho1Ir2,0.0
Cu2Mn1Se4Si1,0.8898
Ca3Ga5,0.0
Er2Se4Yb1,1.1078
Ba3Nb6O26Si4,2.5687
Ho1Ir1Si1,0.0
Sb1Zr1,0.0
O7P2Th1,5.3833
Ag1Cl1,1.9594
Ge6Ru7U4,0.0
Gd1Ir1Si3,0.0
Cl3Ga1,4.1455
B2Mn1Mo2,0.0
H1O8Se2Tl1U1,1.2835
Cu3F4O12P4Rb2,1.719
C1H4N3Rb1,3.604
Al2C1Ca4H22O20,4.3084
Sb5Ti1U3,0.0
Cl6K2Tc2,2.2552
Hf1Sb1,0.0
Mn1Rh1Si1,0.0
Ce1In1Rh1,0.0
Ba3O3S4V2,0.9201
Mn1Rb1Sb1,2.0535
Pb3S15Sb8,1.5883
Co3Ho1,0.0
Fe3S1,0.0
Ba1Mn2P2,0.0
Na1O8P1W2,0.0
Mn2Si2Yb1,0.0
Al23Ni6Y4,0.0
B2Ce4N5,0.0
Cu1Eu1F1Se1,1.2698
Cu6Gd1,0.0
Cr1I3Rb1,1.5458
Pb1Se2,0.0
Cl1Fe1Mo1O4,1.946
Cu1Dy1Sb2,0.0
Dy1Ge1Ru1,0.0
C1Hf2In1,0.0
Ca1Cu3O12V4,0.0
Se2Si1,2.1076
C4Cs2O4,2.6864
Cu3S4V1,1.2808
Co1Ge1Y1,0.0
La1Li1Sn2,0.0
Eu1Os4Sb12,0.0
B3Ba4N6Na1,2.0496
Al4As8K12,0.4742
C18H8O18Os6Pt1,2.2182
Ge2Li2O5,3.0434
Ge1H4,0.0
As1La1Pd1,0.0
As1Hf9W4,0.0
O7Pb2Sb2,1.6235
B3Se10Tl3,1.3344
O6Se1U1,3.0296
Al2H4K1Ni1O14P3,4.1213
Cu4S4Sn1,0.0
Ho3In1N1,0.0
Al1C1Cr2,0.0
Ba1Er2F8,7.229
Ge2In1Li1Yb2,0.0
Cu1Dy2Rb1Se4,1.0678
Al20Cr2La1,0.0
B2Pd5,0.0
Tc2Zr1,0.0
Bi3In5,0.0
Au2Ba3,0.0
B2Li2,0.0
Ge1Mn1Pd2,0.0
In1Rh1Yb1,0.0
Ca1In2P2,0.4839
Ge7Mn6Ni16,0.0
Ge3Zr5,0.0
Sc9Te2,0.0
Er2O7Sn2,2.173
Li1Mn1O4V1,2.2311
Al1B1H3Na1O10P2,5.7813
Cl1Cu3O8Se2Y1,1.3065
Na1O4Ru2,0.0
Al1Li3N2,2.9381
Cd1Cr2Se4,1.6008
Au1Bi5Na2O11,0.9047
Ba1O5Se2,3.3775
Mn1Ni2Sn1,0.0
Al3Ru1Sc2,0.0
Cl4Cu1O12Pb5Se4,0.0
Cd1Ce1Pd1,0.0
Cr5Se8Tl1,0.2027
Co1Nd1Si2,0.0
Cl11P1W4,0.6173
Te1Yb1,1.2874
Cs3F7Mn1,1.5381
Br3Pr1,2.8
O1Ti2,0.0
Br1In5S5,1.1539
Ag1C2N3,3.8945
Be1Ca1F1O4P1,5.1581
Ba5Pb3,0.0
Cl1K1O3,5.4653
O6Re2Sb1,0.0
Ba2Ca1Mo1O6,2.1194
Mo6Se6Tl2,0.0
C3N4,3.772
Er5Ni2Te2,0.0
Cd1F6Ti1,4.9024
F2H4O1,7.0443
Ba2Br1Cu1O2,2.6195
Cd1I6Tl4,2.1871
Ba1C1Si1,0.3017
B4Mg1Os3,0.0
Au2Er1In1,0.0
Cr1H1O2,3.306
Na6P4Pb3S16,2.3332
Ag4Mn3O8,0.9257
Si2Sr1,0.0
B2C1U1,0.0
Se3Sn1Tl4,0.0
As4Se4,0.1059
Mo1Zn6,0.0
C2Cr1Sc1,0.0
Cd1Ce1Tl1,0.0
Gd1Si2,0.0
Li1Ni6Si6,0.0
Ca1Zn2,0.0
La1Rh1,0.0
Fe5O12Pr3,0.0
I4Mn2O12,2.8437
Cr1O6Sr2Ta1,3.1964
Cs2F6Zr1,6.7142
H1O8Rb3S2,5.2433
Br9Cs3Tb2,4.1296
Ge1La3,0.0
Ce2S5Sn1,0.0
Co1Ga8Ho2,0.0
Cd1O4V2,0.0
Cu2Ge2Nd1,0.0
C4I2O4Ru1,2.1795
Si3Y5,0.0
Cl2Nb1S2,1.8629
Ni1P1S3,0.0
La2Mn2O3Se2,2.272
Ba2Bi1O6Sb1,1.7767
C1Cu1N1S1,2.4282
P1Pd1Se1,1.0547
Dy1O6Re1Sr2,0.0
Co2Ge1Mn1,0.0
Ga7Rb1,0.0
K2Ni2O12S3,3.4739
Nd1Sb1Te1,0.0
Au1Ca1Ge1,0.0
Ge12La1Pt4,0.0
Fe2O5Rb4,1.9433
C1Pb1Sc3,0.0
Gd1Pd3,0.0
As1Na1O3,2.8379
Al3Pd2U1,0.0
Er1Ni5Si3,0.0
Cl1Cu1F10,0.2875
Ge3La1Ti1,0.0
Al4C1N3O1,0.1589
Co12Er2P7,0.0
Ni2Sn1Y2,0.0
B1C3F4H10N1,7.4024
As1Cu1O4Tl1,1.2011
Bi2Pd3S2,0.0
Bi1I6Tl3,2.4839
Mn1O7Te1V2,1.7526
As2Cr2Fe2O6Sr4,0.0
As1C1V3,0.0
B7Mn1Y3,0.0
Si5Yb3,0.0
N3O1Ta2,0.0
Cs3H1O8Se2,3.7174
Br2H10N2O2,3.5205
Ag2Pr1Si2,0.0
Fe1Pt3,0.0
S1Tm1,0.0
As1Y1,0.0
Ni2Pr1Si2,0.0
Sn3Th1,0.0
Au2Nb1,0.0
Ba1Mn2Sb2,0.0
Al20Ce1Cr2,0.0
Er5Sn3,0.0
Cr2La3N6,0.0
Pr1Sn3,0.0
Bi1O4V1,2.7616
Hf9S1W4,0.0
As3Co1Hf5,0.0
C1Cl1N5S3,2.2897
Co1In5Yb1,0.0
C1Ca1H2O4,5.2308
F12H1I2K1,4.5128
Al1.33B5.33Lu1.33,0.0
Se4Ti1Zr1,0.1312
Cs2F1O3P1,4.4036
Dy1Ni1Sb2,0.0
Dy1Ga1Pt1,0.0
Rh2Sn1V1,0.0
Ca1O3Sn1,2.9496
Bi2Th1,0.0
Ge6Li2Sr4,0.0
Co2P2Sr1,0.0
Cd2P2Sr1,0.8125
Ca1Mg2Sb2,0.8074
Al3Er1Ni2,0.0
Hf2La2O7,0.0
Cu1Eu1P1,0.0
Cu2Na1O2,0.9175
Ba2Co1O8P2,3.5497
Mn1O3Ti1,2.1939
Na1O8Rb3Ru2,1.4048
Ge1Ta3,0.0
Be3Nb1,0.0
Au1Ga1O2,0.2012
Dy1Pt2Si2,0.0
Rh3Si2Y1,0.0
Cu2Eu1,0.0
Cu8S6Si1,0.9587
Co1Ge1Ho1,0.0
Cu2Eu1S4Sn1,0.6899
C2Ca1O6Sr1,4.7895
Hg3Sr1,0.0
Bi4U3,0.0
Al12Ca8O24S2,3.7202
Ge2Ho2In1,0.0
Al1Ni2Ta1,0.0
As2Ba1Zn2,0.0
Ir1Sb1Sm1,0.0
Pr1Pt1Sb1,0.0
I4In2,1.76
Li1Mg8Si4,0.0
As1Ru1Te1,1.0590000000000002
Mn1Ni1,0.0
Al4Zr5,0.0
Nd1O4Os1,0.416
Si2Y1,0.0
Cu4Na1Sb2,0.0
Ca2N3P1,2.5916
Ce1Ga2,0.0
C6Cu5Na1,2.0874
Al2Ba7O19Sc6,2.5119
Er1Sn3,0.0
Cr3Te4,0.0
Li2O20P4U3,3.4168
C1Cr3,0.0
Er3Ge13Os4,0.0
H4Mg10O18Si3,4.9289
H2O8Pb4S1,2.7869
Ca1Fe1O2,4.4275
Ba1Be1O4Si1,4.6026
Ir3La5,0.0
Mg3P2,1.1048
Rh1Si3Y2,0.0
Cd2O7Ta2,2.1169
Mn2Sb1,0.0
Ba1O9Ti4,3.1942
In4Te3,0.087
Nd1Ni4Sn2,0.0
Ge2Li1Yb1,0.0
Co1Ni1Si1,0.0
La1N2O1Ta1,0.9477
Nb1P2S8,1.511
S4V5,1.2684
Co1Ta2,0.0
Ag1O4Tc1,2.341
Gd3Ge5,0.0
S2Yb1,0.0
B2Mn1,0.0
As1Cr1Ni1,0.0
O1Pb1Yb3,0.0
N4Se4,0.8037
Ni1Zr1,0.0
Ca1S4Y2,1.5312
Co1O3Sr1,0.0
Co7Ho2,0.0
La2Rh7,0.0
Cu5Yb1,0.0
Cu2S4W1,1.5744
Ni3Sn1,0.0
Co1N6O12Pb1Rb2,0.0
Fe1K1S2,0.0
B6Ni21Sb2,0.0
As2Ge1Zn1,0.1369
Fe23Lu6,0.0
Se3U1,1.1145
Ga2Ni1Yb1,0.0
B2Ba1O8Si2,5.4903
B5Ca2Cl1H2O10,5.013
Ag1P2,0.7696
H4I1N1O4,2.4219
Ag1K1O1,1.504
O1Zr2,0.0
H2O2P1Rb1,5.1545
Ge1Mn1Yb1,0.0
Al3C3U1,0.0
Ge2Mn2Y1,0.0
Ca1P1Pt1,0.0
Re6S11Sr2,1.36
Sn5Ti6,0.0
Ir3Nb1,0.0
O7P4S1,4.0652
Br3Cs1V1,2.3682
Dy1In3,0.0
Ca1Cu2Si2,0.0
Br2Hg3S2,1.4729
Ni2Sn1U2,0.0
Cd1Mo1O6P1,1.7987
Al17Er2,0.0
Cd1N3O6Rb1,2.3504
K1O5Te1V1,3.2728
Ba2Sb2Zn1,0.3773
Be1Co1,0.0
K1Na1Nd1O5Ta1,3.6201
I2Li1O8V1,2.6185
Cr1F6Nb1,1.4033
As1S1,2.0748
Cd1Nd2Ni2,0.0
Br1K1O4,3.0653
Ca1Ge1O8P2,3.8396
B4Cr1Gd1,0.0
Cu1Ho1Sn1,0.0
O1.09W1,0.0
Hf1Os1Si1,0.0
Mn1Nd1Si1,0.0
H7K1N3Na2O8P3,4.7813
C1Dy5Si3,0.0
Er5Mg24,0.0
C1Cs1N1S1,4.3242
Mo2O8U1,0.5559
Hf1Sb2,0.0
Al1B1Ca1O4,4.7094
Cu2Mn1Sn1,0.0
C6Cl3H21N2,5.3071
Gd1Pd1Sb1,0.0
Al1Cr2,0.0
Ni7P5Si2,0.0
As1F9O1S1,3.9099
Au6Pr1,0.0
C2Cl10Sc7,0.0
Al1Gd1Ni1,0.0
Al1Fe3,0.0
Ca2K2O12S3,5.3116
Br1C2H8N1,4.7066
Ba1Sn2,0.0
Au1Li3O3,2.0443
Cr1Cu1O2,2.5903
Br2Re6S8,1.0925
Nb1Te2,0.0
Ba1La2O5Pt1,2.8437
B3O6Rb3,3.9303
Cu4Mo6Se8,0.0
Ir1Si1U1,0.0
Rb1S8V5,0.6755
Cu1Ga2,0.0
Cu2Sn2U1,0.0
Al1Fe1S7Tb3,1.7901
Al3Fe1Si2,0.0
Bi2O7Ru2,0.0
Cr1Te2Tl1,0.0
C1H4Mo1N2O4,2.9289
Br2Cd2Hg2S2,0.0
H3Li1Sr1,1.8148
Te1Zr1,0.0
Ba1Se1,1.9488
Ni1P2Ta1,0.0
Co2Mg3Tb4,0.0
Ga1In1Se3,1.3730000000000002
Au1Na2,0.0
Co2Ga1V1,0.0
Mg3Ni2Tb2,0.0
Ir1La3,0.0
Cd1O4U1,2.6781
Se1Ti1,0.0
Ge1Na2O3,2.9531
Cl10Nb2O1Te4,1.2459
Co1P1V1,0.0
Au1Mn2,0.0
Ni1O4Se1,2.2177
N1Sn3Zr5,0.0
Cu1Er1,0.0
As2Ba1Pd2,0.0
Bi1C4N4Rb1S4,2.4685
Ce1In3,0.0
C1Cl2H3N1O2S1,2.6397
Cs1H3O2,4.7112
Ba4O16Si6,4.5183
C2Nd1Rh1,0.0
H1I1O3,3.2292
Dy2Fe17N3,0.0
La3Te4,0.0
C2Nd1Ni1,0.0
Fe0.4Re0.6,0.0
As4Pa3,0.0
Cl2F12Pb7,4.206
Te2Y7,0.0
Ga2Ni1Tb1,0.0
Cd1P1S3,1.7927
B1La1O3,4.3992
Cd4F6O1,2.056
Cd1Er2S4,1.1836
Co2O7V2,2.5785
Al2Au2Pr1,0.0
O5P1Rb1V1,2.7164
La1Te1,0.0
B3Co7Tb2,0.0
Ce1Pd2Sn2,0.0
B4Tb1,0.0
C4K1N3,3.7383
Lu2S3,2.5639
Al2Ga2La1,0.0
Nb5P1Si3,0.0
Ge2Hg3K2S8,1.5247
Cl4H18K1N6O8Ru1,0.0
As1Mn1Ni1,0.0
B2C1Ce1,0.0
Bi3Ho5,0.0
Cs2F10O1Sb2,3.8687
Y3Zn11,0.0
Dy1Ge1Li1,0.0
Ba2Cl1N1,1.1134
Pt1Te2,0.0
Co2Si3,0.0
O7Sn2Ta2,1.6339
H3La3O8V1,1.981
C3H24N9O15S3Sc1,4.6538
Cl3Eu3Li1O4Si1,2.4375
Mg1Tb1,0.0
Bi4Br2O9Te2,0.8813
Mn1O4Sb2,1.6616
Mg2Ni3Si1,0.0
Hf3Si2,0.0
Ga2Pu1,0.0
C5Cu1Fe1N6O1,2.3615
Gd1K1Te2,1.1107
In1Sr3,0.0
Cd1Cl3Cs1,2.6273
Cu1O6S2Tl2,0.7784
Al24Ce3Cu8Mn1,0.0
Ge1La1Ru1,0.0
Co6F18Rb6,4.0903
Ba1Se2,0.6224
K1S2Zr1,0.0
Ni1P1Rh1,0.0
Au3Ba4Ge20,0.0
Cu3O18Se6Tl2,0.0
Eu1S2Tl1,0.0
Ba1Cu1P1,0.0
B2Cs1O6Ta1,3.4259
Co17Yb2,0.0
Br5W1,0.6622
Ba1Br2,3.9155
O3Pb1V1,0.0
Cl6Na1Nb1,2.483
As1Rh1Ti1,0.0
O2Tb1,0.0
Cl10K4O1W2,1.3473
C1O7Si1Y2,4.7771
Ag2O7S2,3.2331
N1Ti3Zn3,0.0
Ga1Li2,0.0
C2Re1,0.0
O9Rb2Si3Ti1,3.6023
Cu6La4Mn1S10,1.6573
H1Pd1,0.0
Fe1Sb2Tb6,0.0
B6Gd2Re3,0.0
Mn2Sn1,0.0
Ho1Pt2,0.0
F6K1Rb2Sc1,6.4424
P2Ru2Y1,0.0
B1Pu1,0.0
Ni1Ta2,0.0
Al7Au3Yb1,0.0
B1Ce1Pt2,0.0
Li2O1,4.9035
Ag3O4Ru1,1.0807
Cd1Cu2Ge1Se4,0.0
Er1In1Pd1,0.0
Ba2Co1Ge2O7,2.698
Ba1Mg0.333Nb0.667O3,2.9085
Rb3S4Sb1,2.0213
Au1Rb1Te3U1,0.7166
Cl1H1I2K2O6,3.0557
B2Ni2Y1,0.0
Ba5F1Mn3O12,1.8219
B6Co12Tb1,0.0
Cl1H2Na1O5,5.2117
Ge3W5,0.0
Fe2Ge2Tb1,0.0
Co2Ge1,0.0
Li2Mn1O3,2.4527
Cu1Se2Tb1,1.0266
Cu1K2N6O12Pb1,0.0
Mn5O16Pb3V2,1.1736
Ho1In5Rh1,0.0
B12C2H26N8,5.2437
Au2Th1,0.0
B2Re1,0.0
Ag8Ca19N7,0.0
C2Co1H2N4,2.4885
Br2H11O6Sc1,4.2946
Dy12Fe32O2,0.0
Ag3C6K2N6Na1,3.4254
I2Mg1,3.6017
Cr1Ho1O6Te1,2.7393
Au3O2Rb5,0.9718
In1Mg1Ni2,0.0
As3Bi2K3O12,3.3166
B12H12I1Rb3,4.6091
Ge1V1Zr1,0.0
Ge1Os1Zr1,0.0
C1H1Na1O2,4.8579
Al2C1Ni1Ti3,0.0
Co9Si2Tb1,0.0
Eu1K1Na1Nb1O5,2.0946
H12Ni1O9S1,3.7586
As3H2Na1O9,2.6092
Lu1N1,0.1988
O10U1V3,0.0
Ba2Ce1Cl7,4.7423
Ho1Sn2Zn1,0.0
Ir1Mo3,0.0
P2S6Sn2,1.0623
Rh2Sn1,0.0
Al1Ce2Ru1,0.0
Bi1Sb1U1,0.0
Dy1Fe4Ge2,0.0
Cd2Na4O10Si3,2.8525
C1S2Ta2,0.0
In1Pd2Y1,0.0
Ag1Ge1La3S7,1.9576
B6Ni20Zr3,0.0
Mo3Se3Tl1,0.0
Pd3Rb2S4,1.5056
Hg1P1Pt5,0.0
In1Ni2Ti2,0.0
Cd1Gd1,0.0
In1Pu1,0.0
As2Ni4Zr1,0.0
Nb2Ni4O9,2.5821
Dy1Si1.7,0.0
Cl1O3Tl1,4.3266
Al1Tb3,0.0
Al1Zr2,0.0
Ba1Se3Ti1,0.0
B2C1Ho1Ni2,0.0
Ba1Li4,0.0
Sr1Zn1,0.0
Ag1O6Tl1V2,2.759
Be13Hf1,0.0
Ba2Cl1F3,5.7273
Mo6Te8,0.0
B1Ni3,0.0
Al3Lu1,0.0
Cd2Cl1H3O3,2.2584
Co2Fe1Si1,0.0
Cu2Er1Si2,0.0
In2Sb6Yb5,0.0
Cd1Ga2Te4,1.0913
Cl1Eu5O12P3,2.5899
Dy2Ni7Sn3,0.0
Ag1Ho1Te2,0.878
Al1Cs3Ge2O7,3.3869
Al1F6K2Na1,6.8304
B6Ni20Sc3,0.0
Co1Ge1,0.0
Cu1O2Sr1,0.0
Er1Ge6Mn6,0.0
B2Na4O5,3.7503
Ba1O4Tb2,3.2033
Ca1In1,0.0
Ga1Mo3,0.0
As1Cs1O5Ti1,3.187
Ag1C20Er1H14N6O10,2.5898
Cu1Ti1,0.0
B7Gd3Mn1,0.0
Cu2Rb2S4Ti1,1.8904
Cu2F1O4P1,1.4057
In2S3,0.3956
Cu1Pr3Se7Si1,1.3514
Ba1O3Pa1,0.0
Be12Ta1,0.0
Ag3P2S8Y1,2.2561
Fe17Y2,0.0
Bi1Fe2H1O9Si2,2.3607
Ge3O8Zn2,2.6637
Ge3La5,0.0
Au1Cu1Se4,0.0
Er6I10Ir1,0.0
Ag1Te2Tl1,0.0
F2H1K1,6.9147
Ba2Ho1O6Ru1,1.4580000000000002
Cl2H4Mg1O2,5.3435
H5O8P2Rb1,3.2719
Pd1Sb1Te1,0.0
Ge1In2Li2S6,2.0397
Ag1Gd1,0.0
Nb1S2Sn0.333,0.0
As1Na1Zn1,0.6588
Cr1F2,2.8187
Ce1Cu1Si1,0.0
Ca1Ge2,0.0
Al2Ca2Fe1H1O13Si3,2.4016
As4Ca1Na2O12,2.6167
Mg1Pd1,0.0
Fe1Ge2Sc1,0.0
C1Cr3Ge1,0.0
As2Ge1Mg1,0.5511
Dy4Fe1Ga12,0.0
F1H1Hg1O1,1.4564
K1O8V3,2.0598
Co1K2O12P4,4.4059
Al2Si2Y1,0.0
O6Pb1V2,2.4741
Gd2S5Sn1,0.0
K3Ni1O2,1.5413
Dy1Fe1Si1,0.0
Mo1O4Rb2,4.29
Er1Sn2Zn1,0.0
Cr3Ga1N1,0.0
Cd5Cu2,0.0
C1P1Ru2Tb1,0.0
N3Ta1Th1,0.2032
Nb3S4,0.0
Fe2O12Se4Sr1,2.1546
Os1Te2,0.1485
B1Ba1S4Sb1,2.3609
Ca1Ga2O4,3.0749
Cu2In1Tb1,0.0
H12Na2O9Si1,4.6813
Cl2O4Pb4,0.0
Fe1Se2,1.1666
Cs4Re6Se13,1.0289
Ag2Si2Sr1,0.0
Al8Er1Fe4,0.0
C6Co1Er1H8N6O4,4.936
Nb1Nd1O4,4.1983
Ag2O7P2Zn1,2.9705
In1Ni3,0.0
O4Sr1U1,2.5540000000000003
Ru3Ti1,0.0
Ho5Pb3,0.0
Li1N1Ni1,0.0
Mg6Si3.3,0.0
Cu3Nb1Se4,1.5572
Bi3Co1,0.0
Al1La3N1,0.0
Ni3S2,0.0
Ba3O9W2,3.45
Ag2Se1,0.0858
Se4Ti5,0.0
As1Cs2Na1O4,3.5199
Cu1S3Ta1,0.6209
Ag5Cl5Hg4P8,1.5764
Ge1Li1Yb1,0.0
Pt2Si2U1,0.0
Bi2O16Te2W3,2.9873
H4K2Mn3O12P4,4.4353
F3Y1,7.5731
As1Cu1Hf1Si1,0.0
Na2O11Si4Ti1,3.1783
Dy1Mg1Sn1,0.0
Pt1S2,1.3673
K1O8P2W1,2.3947
Co6Ge6Sc1,0.0
Ge2Te6Tl6,0.66
Rb1S2Yb1,0.0
F6Ge1Rb2,5.8168
K1Ni1P1S4,1.9616
Dy1Ge2Pt1,0.0
Ga16Ru7Zr6,0.0
B7Ho3Mn1,0.0
Al1Hf1Pt1,0.0
Ag1Br1Hg1S1,1.7245
Cu2P20,1.1804
Au1Ca1In2,0.0
Na2O3Zn2,1.9363
Cl6Re6Te16,0.8896
Au2U1,0.0
Ni13P3Sn8,0.0
Bi2Gd1I1O4,0.0
Cu2Eu1K1Te4,0.0
K4O10P2U1,3.0261
B2Cr1Ta2,0.0
Cs4O4Zr1,2.7375
Dy1Te2Tl1,0.6314
Bi2Cu1O4,0.836
Ag2Hg1O2,0.7844
As2P2S7,2.6363
Ho1Pd1Sn1,0.0
Ba2Ge4,0.4699
Pt1Sc2,0.0
Co1Ge3La1,0.0
P1Te2Zr2,0.0
Bi1F6Na1,2.877
Ni1Pd2Te2,0.0
Ge3O12Sb4,3.2317
Al1Au4,0.0
P1Se1U1,0.0
Co2Si7U3,0.0
Gd1H4N1O12P4,5.3411
Rh1Ti1,0.0
Ca2Li1Si3,0.0
B7Dy3Re1,0.0
C3H6O3,6.2205
C1Ga1V2,0.0
Co1Sn1,0.0
Mo3Rb1Te3,0.0
O12Rb2Sr1V4,2.7725
B1Tc3,0.0
Al4Ce1,0.0
C2Cs1Rb1,3.3711
Fe1Nb2S4,0.0
Eu1Mg1Pd1,0.0
Br3Cs1Ti1,1.789
F10Fe2H2O1Sr2,2.0161
Cd2Tb1,0.0
Ir1Te2,0.0
Al2Na6Te6,0.1555
Bi1Cs3,0.2221
B4Rh4Y1,0.0
Cu2S1,0.0
N2Si1Sr1,2.8613
H8Mg1O12P2Zr1,4.2883
Nb1Re1Si1,0.0
Mn1Pt1,0.0
Fe2Sb1Ti1,0.0
Cd2Ge7O16,2.1033
La1O2Rb1,3.3807
Br5K1Sn2,2.3456
Lu1Pd1,0.0
O7Si2Yb2,0.1444
Cs4S6Si2,1.7625
As1Cu1Se1,0.0
Ce1Os1Si3,0.0
C2Ru1U2,0.0
Ba3Cr1S5,0.0
Gd3S4,0.0
Ag1Dy1Ge1,0.0
Ba2Ge2Mg1O7,3.5553
Ho3Ni2,0.0
Al1C1Ce3,0.0
B4Ni1Tb1,0.0
Gd1K1O3Pd1,1.3214
B3Cl6N3,3.1347
Se8,1.625
Co1Ga3,0.0
Ir1Nb1Te4,0.0
C1O5U1,3.7879
Al4C4Th1,0.0
Al1As2Na3,0.9018
Hf1S4Tl4,1.5002
Ag1Au2F8,0.5834
C2H5Na3O8,4.623
O7Si2Sr2Zn1,4.2792
Cr1F6Zr1,0.0
Ba3P4Sn2,0.8054
Cl16O6P4Sn2,2.7969
O2Sr1,2.8682
Ce1Ge3Rh1,0.0
As6Bi1C8H24N2Rb1S12,1.8647
Ge1H3K3O2S3,2.9612
Bi2Cl1O4Tb1,1.3678
Fe7W6,0.0
Co1O4Sr2,0.0
Ge1Pt1Sr1,0.0
Ir1Pb1,0.0
K1O5S2Ti2Y2,0.0
Au2Bi1,0.0
H4Li1O7P1V1,2.1668
La3N6V2,0.0
Ag2In1Tb1,0.0
F6Na3V1,2.0729
Li7P3S11,2.59
Cu2Hg1I4,0.9407
Au2Gd1Si2,0.0
B4Mn2W1,0.0
Ba2Cu2O11Tb2Ti2,0.0
Ag1Mn1O4,0.0
Li2Mn1O4Si1,3.4557
Na1O2Tl1,0.62
Ca3Ga3O14Si2Ta1,4.0274
Bi1Cu3S3,0.9926
Pd2Sc1Sn1,0.0
Cu1Hf4P1,0.0
Ni3Si5Tb2,0.0
Cu1Li2Sn1,0.0
Ba1Pt1Si3,0.0
Bi2Pd3Se2,0.0
C3Fe7,0.0
Ge5Ho2Rh3,0.0
Cr1La1O6Te1,2.5905
Ca1Cl1H1,3.8508
Ge7Ni16Ti6,0.0
Ca1H2Mn2Na1O12P3,3.9103
Ge1S3Sn1,1.4327
Na2O7Si3,4.7019
Rh1Sn1Zr1,0.0
Ag3S3Sb1,0.0
In1Ir1Y4,0.0
As1Gd1,0.0
Ba1Bi1I1O2,2.9603
As1Hg3I1Se4,1.2471
C1Nd3Sn1,0.0
F3Na1Ni1,3.9762
Bi2Fe2Mn2O10,0.4461
Co1O2Pd1,0.0
O15Rh5Sr6,0.3468
Hg3U1,0.0
Cs1,0.0
Ni1S6Ti3,0.0
Sb4U3,0.0
Al2O12P3Rb3,4.4222
Al2Sm1Zn2,0.0
Al1Ti2V1,0.0
B2Co3Y1,0.0
Al1Ca2Cl1F2H8O12S2,5.516
As1Ni1,0.0
S3U4,0.0
Au1Ce1Sb1,0.0
Al9Fe2H1O24Si4,3.2288
C2Dy1,0.0
Cu2Li1Si1,0.0
Ba2La1O6Re1,0.0
I2N2S1,1.4951
O26Si4Sr3Ta6,3.2821
O8Rb1Sb1V2,2.7391
Cu4Er3Si4,0.0
Mo3Te3Tl1,0.0
Ca1P2Rh2,0.0
C1H4N3Na1O2S2,2.3586
Cu3Se2Tl1,0.3908
Hg1O3V1,2.0947
Er1O4P1,5.9282
B4Gd2O9,5.2317
C2Mo1Tb1,0.0
Ga2Te3,0.0
Cl3O12Yb1,0.1025
Al2Mg1Si2,0.0
Nb1Ru1Sb1,0.5958
Al6Cl2Li8O24Si6,5.2544
O8U1V2,2.6176
Gd1Ir2,0.0
Fe2Si2Tb1,0.0
Ba10N12Ti4,1.5562
Bi1Er1,0.0
H8La1O7P3,5.1992
Ru5Si3,0.0
Na2O13Ti6,3.3122
Cs4O3Zn1,1.7916
Hf1Te5,0.0
Se4Ta1Tl3,2.2639
P1Ru1,0.0
Cl2H12Hg1O14,3.4777
H2Pu1,0.0
Ir2P1,0.0
Mo1O2,0.0
As1F6Tl1,4.6057
C4Ni13Y4,0.0
Cl3K2N3O5Os1,2.4642
B2Co3Ho1,0.0
As2Ba1Ru2,0.0
C2Dy1Ni1,0.0
O14P4Sb2,1.9122
C2Ce1Ni1,0.0
Cr3Ge1N1,0.0
As1Eu1Pt1,0.0
Li7N4Ta1,3.2811
Co1Sc2,0.0
Cl1Cu1Te2,0.7259
I2P4Se3,1.7079
N1Ta1,0.0
Mn1O8Ta2Zn2,3.4629
Cu4Si4Tb3,0.0
Gd1Pt2,0.0
Cs2F6Ge1,6.013
B2Er1,0.0
C1In1Mn3,0.0
As2Ni1Zr2,0.0
Th2Zn17,0.0
C4Ho3,0.0
F11N1S1Sb2,3.5455
La1Nb1O6Te1,3.4455
F2H1N1O4S2,5.7349
H1O2Y1,4.671
La1Rh2,0.0
Te1Th1,0.0
Cu1Gd2O4,0.0
Cl2Ti1,3.6424
P4S3,2.8255
Cl1Nd1O3Se1,3.4332
Ag2Hg7I6P8,0.8855
Rh4Sn13Th3,0.0
N7Si4Sr1Yb1,0.0
Cu1O6Se2Sr1,1.5989
Si1Te1Th1,0.0
Ce1Cl3,4.2518
Co1Dy1Sn2,0.0
Cd1In2Te4,0.8859
Ba1Pd1Sn3,0.0
Ho1Ni10Si2,0.0
B2Hg3O6,2.6726
Ga2Mn2S5,0.2423
H7Na5O18Se4,3.3054
C3Cl6H5O5Ru1Sb1,3.2053
Ge5Ir4,0.0602
Pt2Si1Yb1,0.0
As3Yb4,0.0
Ba1Co4O7Y1,0.0
Bi5La3Mg1,0.0
Ba3Cr2O8,0.0
Be2Cs1F5,7.1610000000000005
F1N1Th1,2.1378
Cu1Si1Ti1,0.0
Gd2O5Si1,4.6404
B1F4H4N1,7.4784
Cu1F4K2,0.8505
P1Si1,1.5912
Fe2Mo4N1,0.0
Si2Yb1,0.0
Cr1S2Tl1,0.0
Cu5Gd1,0.0
Cd1Cu3O12Ti4,1.9273
Ag1Th2,0.0
Ba4Sb2Se11Si1,0.8865
Dy2Rh3Si5,0.0
Ba4Cl12Co2,3.3013
Co6Nd12Sn1,0.0
Ca1Mg2,0.0
O2Pr2Te1,0.0
K2S3Ti1,1.5319
Cu2P2U1,0.0
C3F3H12N1,7.2743
B1Tc1,0.0
Cu9In4,0.0
Ge12Mg19Sr5,0.0
Ba3Mg1O9Sb2,2.6497
Sb2Sn1Te4,0.18
B5Ca3La3O15,4.6833
Cl6Re1Se4,0.6019
C1Dy1Ru2Si1,0.0
B6Co21Mo2,0.0
Ca1H2K2O9S2,5.3914
K1O2Sc1,3.9488
Fe1Nb1Sb1,0.7499
Si1Ta2V3,0.0
Ce1In5Rh1,0.0
Ce2S5Si1,2.4101
Pd1Yb1Zn1,0.0
Br8Tb5,0.0
B1Fe2O12P3,2.3534
Pd3Sn1,0.0
La1Zn2,0.0
Ba6Fe8S15,0.0826
C1Co1Ho1,0.0
Au2Sn1Y2,0.0
Li5N4Re1,2.9305
Pt1Sn1Yb1,0.0
Fe1Ga1Ti2,0.0
Au3Hf1,0.0
N5P3,2.6031
In2P4Sr3,0.633
Ba2Sn1,0.0
Nd1Ru1Sn3,0.0
Ba2Cu1O6Te1,0.267
Ca5P6Pd6,0.0
Cs4S11Ta2,1.8293
Ho5In4Pd2,0.0
B2Na3O6Y1,3.6879
B2Ba1Ir2,0.0
B2Er1Ni2,0.0
Au1Bi1Yb1,0.0
Cd3Cl2O2,1.3086
Cd1Pr1,0.0
B4Bi2Cu5O14,0.0
Ag1Al1Te2,1.3626
Al45V7,0.0
Mo6Pr1S8,0.0
Ge2Ni2Sr1,0.0
Fe1Ge1Sc1,0.0
F6H12O6Ti1Zn1,4.0577
F1Ga1O4Sr3,3.6988
As2Sc3,0.0
Cs1Ga1S2,3.1012
Er1K1O8W2,3.4602
O8Sb1Tl1V2,2.713
Ir13Sc57,0.0
Ge2K4Se6,1.641
Mn1Rh2Sn1,0.0
B2Co5P1,0.0
Al1H4K1O14P4,5.6256
Ge1Ni1Zr1,0.0
Al43Er6Mo4,0.0
Al22Na2O34,4.5067
Ge2Ru1Tb2,0.0
Mo4O18Pr2Sb2,3.1859
F2I1K1O2,4.1651
Mn1P1Zr1,0.0
Ir1Mn1Sb1,0.0
Bi2Br1O4Yb1,0.0
Cl1Dy1H2O2,4.6456
Al2K6O6,2.8974
Pd2Ta1,0.0
As1Cd3Cl3,1.4826
Ca1O4S1,5.681
Mg24Tb5,0.0
H1Si3Y5,0.0
Al1Ni1Yb1,0.0
Ag7As1S6,0.7968
B6Co21Ti2,0.0
Al1Ce1,0.0
Pd20Sb7,0.0
Au1Br4K1,0.7265
C1V2,0.0
P3Ru1,1.3909
F3Tl1,1.2674
Nb1S1,0.0
Ho1Li1Se2,1.574
La1P2Rh2,0.0
B12Lu1,0.0
O6Pt1Sr4,2.4339
Li6N4W1,3.1463
Ba1S3Te1,1.9113
Li1Nb1S2,0.7236
Ca5Pb3,0.0
Br2Hg1K2N2O12,1.9587
As3Ba2Cd2,0.0
Au1Ce1,0.0
C1Co3Zn1,0.0
Co2Si1Ti1,0.0
Bi2Cs3I9,2.2851
Ba1Ca1O7V2,3.2246
Cl1La5Sn3,0.0
Ag3In1,0.0
P3Rh4,0.0
F3Fe1Rb1,0.0
Ge1Nd1,0.0
Cs1Li1O4S1,4.8342
N1Nd3Sn1,0.0
Cr1O7P2Tl1,2.787
Co1Ge1Te1,0.2668
Al1B14Ni20,0.0
H12N10O8Pd1,2.5792
O8W2Zr1,3.5516
Bi3Rh1,0.0
Ca3Ge13Rh4,0.0
B2Ru3Th1,0.0
Co2Yb1,0.0
Ag3Co2O6Sb1,0.5174
Al3Cl1Na4O12Si3,4.6896
C4Ca1Cu1H4O8,2.0194
Fe1Ga2Se4,0.9493
Ce1Hg1Pd1,0.0
Ni2Sc1Si3,0.0
As3Nb4,0.0
B1Lu1Rh3,0.0
As2Ba1Co2,0.0
Ca2Cu1,0.0
Ag1Sc1,0.0
B3Ca4Na1O9,4.0814
Mn1Zn1,0.0
Ir2Si2Th1,0.0
Bi2Br1Ho1O4,1.3876
Au2Be1,0.0
Ca1Ga2,0.0
Bi1Cl6Cs2Na1,3.7101
Ce3Ni2Si8,0.0
Ge4Ho3,0.0
Al1Rb6Sb3,0.2755
Ir1Th1,0.0
Cd1O4Pd3,0.0
Dy2In1Ni2,0.0
Al14Ca12O32,0.0
Ru2Si2Tb1,0.0
Ho1Sb2,0.0
Ge1Ni3,0.0
C1In1Pt3,0.0
Au5F21Ho2,2.1682
Cd1S4Y2,1.1465
Mn1S8Ta4,0.0
Ca1Rh1Sn2,0.0
Pt1Ti1,0.0
Ce3Pd5Si1,0.0
C2Co1Ho1,0.0
Cu1F1S1Sr1,1.8567
Ho1Pd1,0.0
Mg1Ni2Sb1,0.0
Ce1Ni2P2,0.0
B1C1Li1,0.8535
Al4C5Zr2,0.0
Au1I4K1O12,2.1226
Eu2O7Pt2,0.0
Fe4P12U1,0.0
Cd2Cs5Tl11,0.0
Dy1Ni5,0.0
Na5O5Ta1,2.5173
H1Ni2,0.0
Ca1Ni4O8,0.5077
B12Zr1,0.0
As3In2K3,0.6429
Au1F6O2,0.0445
Ba6N6O1Re2,0.0
Sm1Sn3,0.0
B1C4K1O8,3.4978
Fe1Nb4Si1,0.0
Cl8O2Si3,5.5713
Ba1Ge2O5,1.7442
As2Ba1Cu6,0.0
Er2O6W1,3.4865
Br1Eu2P1,0.8358
Ge1Ni2,0.0
Ca11Ga7,0.0
Ca2O7Si2Zn1,4.3317
K1O7Si2U1,3.0491
Cd1S4Yb2,0.0
Cs2O2Zn1,1.9427
Ce0.33O12P3Zr2,0.0
As1Ni1Pd1,0.0
F6H12Mg1O6Si1,5.6479
Co3Sb4U3,0.3406
S8Tl1V5,0.8132
Bi3Sr5,0.0
Li3O13V6,0.0
Cl2Pd1,1.4917
B1Na2O3Rb1,2.9592
Cu4Dy4K2S9,1.0899
Cu1Na1O1,1.5592
Cl6K3Mn1Na1,4.2062
Cl1Cs6Ho21S34,1.9665
B6Ni21Ta2,0.0
Cr2O6Re1,1.7288
Cd1Cs1Er1Te3,1.5731
Pr1Se1,0.0
B1K1Mg1O3,4.37
Ag1Co1O2,1.8904
Ho2Ni1Sn6,0.0
Au3Gd3Sb4,0.2745
Mn1O4Se1,1.842
Cd1O5Se2,2.9826
Ga1Ge5La3O16,3.0674
Au2Ba1F8,2.9617
Ga5Ir1U1,0.0
As1F11H1N1Te1Xe1,2.3572
Mo3S4,0.0
C1Cl6H2O4Pb4,3.5821
C2N2S2Sr1,3.8216
Nb3Rh1,0.0
Ca2Cl1O4P1,5.3814
Al1Cs1H8N4,0.0
Be1La3S7V1,0.4839
Ba3Dy4O9,3.2426
Cu1Ge1Ho1,0.0
Au1K1Te1,0.0
Mn1Rh1,0.0
B2Pr1Rh3,0.0
Ag1In5Se8,0.4004
Ge1Pb2S4,1.9928
Br2Co1O2Sr2,0.0
Ba4Er1O12Ru3,0.2853
Gd1Zn1,0.0
Cu1Pr1Si1,0.0
P4Se4,2.2322
Na2Se1,2.0584
Mg1Pd2,0.0
As2Eu1Pt2,0.0
Be1Ca1F1Na1O6Si2,5.2893
Co12P7Yb2,0.0
Rh1Sb1Tb1,0.0
Co2N1Zr4,0.0
C1Pr3Tl1,0.0
Ba1F3Li1,6.5663
Ag1F2,1.0258
S3Tb2,0.7359
Ag2In1Pr1,0.0
Cu3S2Tl1,0.6281
K5.978,0.0
Ce1Zn2,0.0
B4Nd1,0.0
Al1K1O8S2,5.5407
Er4Fe1Ga12,0.0
Co1Mo1O6Te1,2.9165
Fe1Ho1Si1,0.0
P1Ru1Ta1,0.0
Cu3P1S4,1.3551
Ba5In2Sb6,0.0
Ca1Mg2O12S3,5.6257
Al2Er1Ni1,0.0
I6Sn1Th1,1.7968
Cu1O3Ta1,1.4042
In1N1Nd3,0.0
Eu1Ga2,0.0
Al2Ca1O8Si2,4.7058
B4Co1Sc1,0.0
Mo1O11P3Si1,3.4472
B4Co1U1,0.0
Ba3S7Zr2,0.8198
Bi3Sr1,0.0
Ce1Ru1Si1,0.0
Cu1Sc1Sn1,0.0
Er5Ge4,0.0
Bi12Ga1O20,0.0
Co2Ga1Nb1,0.0
B3Ru7,0.0
As1Co1Li1O4,2.7494
B2C1Pr1Rh2,0.0
Gd2O11Te4,3.2267
La4Sb3,0.0
As4Mo5,0.0
Ca2P2Se6,0.0
Cs1H1O4Se1,3.6392
S4Yb3,0.0
B1Dy1Ni4,0.0
O1Ti2Zr1,0.0
F4K2Ni1,3.8196
I4O12,1.9063
I2Te2Th1,1.0512
Ge2Ir1Y1,0.0
K2O9Si3Ti1,3.6826
B1Fe1Nb1,0.0
Hg3Zr1,0.0
Pb3S12Sn3Y2,0.4772
C4Cl4H14N2Sn1,3.0106
Cu1La4S7,0.0
Au2In1Yb1,0.0
Co1Nb2S4,0.0
Ba2O6Ru1Tm1,0.0
B2H8Zn1,4.8908
Ge1Nd1Sc1,0.0
Mn0.25Nb1S2,0.0
In2Mn1Se4,0.0
Cu1Si1Yb1,0.0
Ba2Cu3Ho1O6,0.0
Cs2H4Mg1,3.0015
Cr1Er1O4,0.2328
B6Sr1,0.0
B4Os4Th1,0.0
C1Na4O4,2.4562
B2Co3Er1,0.0
Fe1I2,0.0
Ba1S3,1.022
Al1Be1H5,3.2691
Er1O2S3U2,0.0
Fe1Pr1Si1,0.0
Rh2Si2Th1,0.0
Cu3Mn4O12Yb1,0.0
Er6Ni2Sn1,0.0
Cl4Na2Ti1,2.7177
Br1O1Ti1,2.3
Au3Cs1Ga2,0.0
Al2Br6N2S2,1.6394
B1Mo2,0.0
In1O4V1,2.8952
Se2Ti1,0.0688
Sc1Tc2,0.0
Ba2Si1,0.0
B2Ca3O6,4.8108
Cl3Cs1V1,2.4061
Bi2Na1O11Sb3,2.3937
B6Ni20Ta3,0.0
Co12Nd2P7,0.0
Ag1P2S6Sc1,2.226
H6N2O4S1,5.4114
Cu6S6,0.0
Ba17O57Pt4Y16Zn8,2.613
Dy1Mg2,0.0
Be13Yb1,0.0
Cu1Hf1Hg2,0.0
Ag3O4V1,1.3736
O4Pb1Sr2,1.4054
Br4C4H8Si1,4.1813
C12Cl2H38N6O4,4.4667
B1F3Mg3O3,5.4045
Cl14H20O9W6,3.1935
Hg1Nd1,0.0
Ge1Li1O5Ta1,3.8508
Cl4Co1H16Mg1O8,0.0
Mn2P2Se6,0.9148
Re2Yb1,0.0
O3Pb1Zr1,2.7832
Ga1Ge1Mn1,0.0
As3Rh1,0.0
Ag1I1O4,1.0493
Ba3Li4Sb4,0.0
Li3Nb1O4,4.0161
Au1Yb1,0.0
Cs2S3Ti1,1.7004
Al6O16S1Sr4,4.385
Cu2Eu1Si2,0.0
Fe1Nb1Si2,0.0
Cd1Cl4Cu1H8O4,1.7686
N1Re3,0.0
Dy1Sb1,0.0
Ba1Li1Si1,0.0
S4Si1Tl4,1.9911
Ga3Sc5,0.0
Cl1F1O7Pb2Se2Ti1,2.8946
Fe5O12Yb3,0.0
In2Te3,0.0
O4U1Y1,0.0
Cs3Cu8Se6,0.0
O4Si1Th1,4.8618
As2Ca1Mn2,0.0
Re4Si7,0.1547
Cu1Ge1Yb1,0.0
Cu9Sn4Sr1,0.0
Ce1Mg1Sn1,0.0
Pt1Te1,0.0
Ce1Co1In5,0.0
Ga1Pt2,0.0
Ba1La2S5Zn1,1.4036
Ce1Co2N12O24Rb5,0.0
Na9Sn4,0.0
Os1S2,0.4352
C1Mn1O3,3.6051
Co1Ga2S4,2.2731
Mo2O8Pr1Rb1,2.7517
Co2Pu1Si2,0.0
N1W1,0.0
Pr1Pt1,0.0
Al2Bi6Ca5,0.0
In2Se4Zn1,1.1327
C1Co1Y1,0.0
Dy2O2S1,3.0032
Au2In1Tb2,0.0
Au1K1Se1,1.9022
As6Cu7Se13,0.0
Co4Ge12In1Yb7,0.0
C1H1O4Y1,5.0906
Pt2Pu2Sn1,0.0
Ba3N1Sb1,0.7051
Cs2Ge3O9Ti1,3.2206
N1Na1O2,2.411
Co1F6Pt1,2.5724
Ge1La2S5,0.4108
Ag4Pr3Sn4,0.0
Ir1Sn2,0.0
C6O8Tl4,2.9164
K1Si1,1.1831
As3Be3Cl1Li4O12,4.4403
Ag2La1,0.0
Al1Dy1O3,5.7524
Er5In3,0.0
C3Cl3N3,3.7439
Cu2Mo1O7Se1,1.3683
Dy1P2Ru2,0.0
I3Th1,0.0
Co2S6Ta9,0.0
Ba1O8Se2U1,0.0372
P3Re1,0.2891
Cd3Rb2Se4,1.4811
Se8Ti5Tl1,0.1434
As1Ti1Zr1,0.0
K1Mo3Te3,0.0
B4H16K1Yb1,0.0
Nd3O12Sb5,3.104
F4Hf1,5.3988
Fe5Li1O8,0.0
Hg1Pd5Se1,0.0
Al17Pd8Si4,0.0
Li10O9Zn4,3.0186
H24Li2N8Te2,1.3378
Co3Si1,0.0
Gd2Rh1Si3,0.0
Al6Br2Na8O24Si6,4.6079
Cu1Nd1,0.0
Cu2Hg1Si1Te4,0.1252
Ba1Zn2,0.0
C4F2H12I1N1O2,4.5025
O1P1Pr1Zn1,1.1883
Al1Ca1O5Ta1,2.6832
Hf2Nd2O7,3.7793
Li1Nb1Rb2S4,2.4504
Al1Co2Mn1,0.0
O1Ta4,0.0
Ni20P13Y6,0.0
O4V1Yb1,0.0
Fe1Nd1Si2,0.0
O4Os1,3.3655
Er1In1Pd2,0.0
W5Zr3,0.0
Al8Cu4Nd1,0.0
As6C8H24N2S10,1.9848
Ga1Pt1Yb1,0.0
B4Mn1U1,0.0
Co2Ge1O4,0.0
Ce1O4Si1,2.0285
C2N2O6S2,0.0
Nb1Zn3,0.0
H2K1Mn1O5P1,3.2187
Ba1Mn2Nd1O6,0.0
Lu1Ru2,0.0
Ba2Fe1O6W1,0.0
Ba1Cu1Nd2O5,1.8537
Cu4S3Tl1,0.0
B1Bi1O3,3.0993
Gd1H1O5S1,5.1781
Nb2Si5V4,0.0
N1Pt2Zr4,0.0
Cd4Se6Si1,0.8743
Ag1Er1Ge1,0.0
Al1Ho2,0.0
C2Fe5,0.0
Ir1S2,0.0
Er1Ni1Zn1,0.0
Ba1Cl2H6O11,5.3036
Rh1Sb1U1,0.0
C2Co1Tb1,0.0
Na1O6Si2Y1,4.7023
Eu2O4Si1,1.9984
Os1Sc6Te2,0.0
Co1Mo2S4,0.0
Co1In5La1,0.0
Cr1Dy1O6Te1,2.6483
Au2Cs2I6,0.6436
B1Nb1,0.0
Ge1Li1Rh2,0.0
Cr4H4K2O16Zn1,2.5917
N2O3,0.9371
Bi1Er1Ge1O5,3.3242
La2Mo1O6,2.7462
Cr2Cs3I9,0.9459
Ge2Nd1Pd2,0.0
Hg19Rb5,0.0
Mn5O8,1.0411
Ba1F4Mg1,6.7797
Mo1Se2,1.1802
Cu1Ni2Ti1,0.0
Pt1Si1Tb1,0.0
Ce1Sb1,0.0
Cr1F5,1.3916
As2Ca1Mg2,1.2626
Ba1Co2O5Y1,0.0
La2O7Sn2,2.0896
B3Ca1H7O9,5.4091
C3I6O1Y7,0.0
N1Nd3Pb1,0.0
Br8Li6Mg1,4.6807
Cu2Ge2Yb1,0.0
Al1Au2,0.0
C4Hg1K2N4,5.8375
Er1Ge2Os1,0.0
O4Pd2Pr1,0.0
F6Pb2,1.8946
Mo1O6Y2,2.0948
Cd1K1N3O6,2.3086
Ba1Mo1O4,3.982
Pt1Si1Y1,0.0
Bi2Pb3S6,0.6098
H4N2O8Pd1,2.4657
H8Mg1O14V4,2.1981
Cl13Li1Mo6,2.7598
Dy1Ni1Sn1,0.0
Ho3Os4Si13,0.0
H1Na1O7P2Zn1,4.9671
Al1Cs1O6Si2,4.7682
I2Th1,0.0
Fe2O12P4,5.0716
F5H2K2Mn1O1,1.4846
B3Be2O7Rb1,4.7938
Ag1Rb2S4Ta1,2.2981
Ho7I12Os1,0.0
K1O8P2Sb1,2.9496
Fe7H4O24P6,3.1111
F4O1Os1,1.3988
Nb1Pt2,0.0
F16Ge7,4.3563
Al1Na1Se2,2.1669
Bi3Ca5,0.0
Mg2O6Si2,4.6727
C2H12N6Ni1S2,2.9016
Fe5Gd1,0.0
B2Fe1Ir5Sc2,0.0
Si1Y1,0.0
Al2Cu1O4,0.0
Cl9Cs3W2,1.2913
C1Fe4,0.0
Ba3Si4,0.0
Fe2Nd1Si2,0.0
Ga1H1Si1Sr1,0.4434
Al1C1Ho3,0.0
As2Ba3O8,3.918
Mg1P2Si1,1.3716
Cs2F12K1Mn3,1.9926
Al3C5Zr3,0.0
B1La1O5Si1,5.1471
Ce5Si3,0.0
B1H1In1O9P2Rb1,4.1625
Au2Dy2Sn1,0.0
K2Te1,2.1442
Dy4Ga12Ni1,0.0
F14Sb4,3.8388
Al2Tb1,0.0
Nd1Pd1Sb1,0.0
Co1Li8O6,1.4434
Al16Ni7Sc6,0.0
H2Mg1O6Se2,4.1284
Ag1Hf1Rb1Te3,0.3569
Cl1Gd1H2O2,4.3951
Ba3O26Si4Ta6,3.2568
As1C1Nb2,0.0
F1O12P3Pb5,3.725
Cu1H16O20P2U2,0.0
Ce1Ge1,0.0
Ba1Pd1Si1,0.0
C8Cl4H24N2Pd1,2.4846
Be2F5Rb1,6.8504
Al2Ca3Ge3,0.0
Ba2Cu4Er1O8,0.0
Cl2Cu2O1,0.9325
Bi2O2Se1,0.4046
Ti1U2,0.0
Cs3F7Si1,5.6258
C1Cl1H3O1S1,2.637
Ho1Si2,0.0
Cl10P1Ta1,2.3244
Cs2O4Ru1,1.3364
Gd1Pd2,0.0
Ca3Cl2Cu2O4,0.0
Au1Ta3,0.0
Mo1Ni1P2,0.0
Cl2H12Ni1O6,3.943
Ge1Nb3Te6,0.0
Li2Pd1,0.0
H2Yb1,0.0
Co1Pd2Se2,0.0
Re1Si2Zr1,0.0
Dy1Ru1Si1,0.0
Cu2Si2Th1,0.0
Ba2Sb6Sn3,0.0
H2O4P1Rb1,5.3973
As1Cr1,0.0
Fe1Ge3La1,0.0
H10In1N3O14,3.5276
Fe5H7La1,0.0
K1P2Sb1Se6,1.7993
Ce1I3O9,3.0009
Ni4P2Tb1,0.0
Ag3O12P3Tl2,1.0328
Br9O4Pb8Tl1,2.89
Au1Cd1La1,0.0
B4Er1Ni1,0.0
Br2Cs2F2,2.5258
Pt1V1,0.0
N2Sr2Zn1,0.5613
H1W1,0.0
N1Yb1,0.0
Mo6Se8Sn1,0.0
Al3Hf4,0.0
Mn2O7Y2,0.8556
Cs1F3O1V1,2.3838
Dy5Ir3,0.0
B2Ni1W2,0.0
Cu1Dy1S2,1.8708
Pd1Tl2,0.0
Al3F19Pb5,5.1733
As3La1Si1,0.0
B6Co21Mn2,0.0
Os2P2Sr1,0.0
Be1H4N1O4P1,5.2355
Cu1Dy1Pb1Se3,1.3898
Be2Cr1,0.0
B2C1Dy1Ni2,0.0
I2O6Pb1,2.702
B4Cr1Pr1,0.0
Bi1O2Tb2,0.0
Cd1Pt1,0.0
Hg2O7Os2,0.0
Dy1O1P1Zn1,1.4215
P4V1,0.0
Rh5Y1,0.0
Cd1O3Ti1,2.6187
Cl12Ta2Te4,1.1584
C1Cr2Si1,0.0
Nd1Pd2Si2,0.0
N3Ta1Zr2,0.0
Bi3Na1O10V2,2.718
Co1N3,0.0
Ba3Na1O6Ta1,3.4725
P2Pd15,0.0
Ga2Ni1Y1,0.0
O4Pb1S1,3.9693
Cl1O12P3Sr5,5.0863
Ce1In1Pd1,0.0
C2N4S4,0.5965
Mo4Na1O6,0.0
Al3Ce1Pd2,0.0
Ce4Cr1S7,0.3811
Co9Cs9F27,0.0
Ba1F1O3P1,5.2587
Hg1Rb1Sb1Se3,1.06
Al3Nd1Ni2,0.0
Cu1Se2Tl1,0.0
Ba1Cu1O5Pr2,1.8516
B1S3Tb1,2.3148
B7Re1Y3,0.0
Ce4Sb3,0.0
Fe4H42Mg1O46S6,2.0025
La1Pb1Pd1,0.0
B2Ru1Tb1,0.0
Cd1Cu2Se4Sn1,0.0
Fe1Gd1O3,0.0
B1Fe3,0.0
C8Cs1,0.0
Bi2O10Te2W1,2.8704
Ce1Mg1Pt1,0.0
F6Ge1H12Mg1O6,4.5601
F3Mn1,1.4178
Fe2Ta1,0.0
Ce3Ga1,0.0
Co2K2O12S3,3.7924
C2N2S1,3.8498
Ce1Ga1O3,0.0
K1Mg1P1,1.6783
Ba1Ge2Mn2,0.0
Re2Si1,0.0
Na1P1Zn1,1.2009999999999998
Mg1O4P1Rb1,4.1051
Bi1C3H6N3S6,2.4914
In8Rh2Sr1,0.0
C1Ta2,0.0
F6Rb2Th1,6.2335
Ge3Ni1Tb1,0.0
Al2Ni1Zr6,0.0
Cs3Sb1Se4,1.4439
B2Cs3Li2Na1O6,3.4148
Te3Tl2,0.4846
Os2Pu1,0.0
O2Pr2S1,2.6478
Al2Mg1,0.0
Au2In1Ti1,0.0
Ga1Nd1,0.0
P1Ta2,0.0
Ir1Mn1Si1,0.0
Ag2O6Te2,1.5179
H1Mn1O10P3Rb1,0.9412
Mo1O4Pb1,2.7553
Na4O4Pb1,1.3183
Al1As3Ca3,0.7268
F6K2U1,3.4695
Cl5In2Pr1,2.5874
Au1Th1,0.0
Li1O2Yb1,0.1177
As1Br3Ca3,1.665
Mg1Ni1Sb1,0.0
Bi1Ga1,0.0
Ag4Sc1,0.0
Al2Cl8Se4,1.3937
Au1Bi1K2,0.8939
B4C1,1.5133
Al5O12Tb3,4.4742
C1Ga1Nb2,0.0
F1O1Y1,4.9305
Ag2Dy1,0.0
Al1Fe1S7Y3,0.0
C3F6,4.9107
Ce1In2Ir1,0.0
Ba1Cu2Te2,0.7799
Cr1Na1O8W2,2.1643
Cu2Li3O4,0.0
Cr1Si1,0.0
P1S4Y1,2.1242
Fe6Ge6Zr1,0.0
Cu3Sb1Se4,0.0
Ni1O3Pb1,0.0
Au1Mg2,0.0
Cl4Cs2O2U1,3.2293
B6Fe2U1,0.0
Cd1Ge1Li2O4,2.5232
Ce2Fe17,0.0
Cl8Hg2Pd1Rb2,2.4232
As1K3Se11Ta2,1.1857
H12N8O3P2,1.405
Rb2Sb4Zn5,0.0
Cs2F6Si1,6.9045
Nd1Ni2Sb2,0.0
As1Ca1F1Mg1O4,3.9282
Hg1O2,0.1258
H1La1N1O4,0.0
Cl1O12P3Pb5,3.3597
I4Si1,2.8119
Al3Ca4Mg1,0.0
Ba1Bi1Cu1,0.0
Er3Sn7,0.0
Lu1Ni2,0.0
Ba1O9V4,1.1226
Dy1Pd3,0.0
Sn4Zr5,0.0
Eu1Zn1,0.0
Be2O7Si1Y2,5.1588
K4O4Pb1,1.6839
Fe2In1O4,0.0
F9Mn2O2,0.612
Al2Lu1,0.0
F6Rb3Tl1,3.1642
Co1In2S4,1.3128
C1Fe6W6,0.0
Os2Pr1,0.0
Ga3Ni2,0.0
C1H9N4O4P1,5.0044
Nb3Sb1,0.0
Al1F5Tl2,4.0612
Co1W1,0.0
Er2Eu1S4,1.4204
Ge1Ho1Pt1,0.0
Ag1Mn3N1,0.0
I9Nb6S1,0.5389
Ni1Sb1Ti1,0.0
Ba2Nb15O32,0.0
Ag1O4P1Zn1,2.4742
C4Cl2O4Rh2,2.5766
Au1Sb2,0.0
Ni0.33S2Ti1,0.0
Ba1Cr1F6,0.0
Rh2Sm1,0.0
Br3O1P1,3.0634
Al1Ti2Zn1,0.0
Eu1F1Mo1O4,0.263
Ca1F6Pd1,2.6127
Si1Sn3Zr5,0.0
Bi1Nd2O2,0.0
Pt1Tb2,0.0
Cu1Li1O4V1,1.3594
Au1Li3S2,2.4692
Sb3Sr2,0.0853
Ga7Pt3,0.0
H2Nb1,0.0
Ag2Hg2O12Te3,0.7387
Ba1Ni1O5Yb2,0.0
Bi2K1,0.0
Ce1Pt1Si1,0.0
Nd1Pd3,0.0
Ni2Tb3,0.0
Al1Na3P2,1.3954
Cs4O4Sn1,2.2168
Al1Ni1Ti2,0.0
Mo15S19,0.0
Ce1Cr1Ge3,0.0
O7Sn2Tm2,1.7741
B6Co22In1,0.0
I5K2U1,2.5557
C3H8N4O5S3,3.475
K2O2Pd1,2.0419
In3S5Tl1,1.7734
Pr1Zn3,0.0
Co1H8I2O10,3.827
B3C1Ca4Mn3O15,1.6615
Li1S2Y1,1.9215
Ba5P4,0.9265
As1Be1Na1,1.2805
H4I1P1,3.6838
P2V1,0.0
Ca1Cl2O4,2.5965
Lu1Os2Si2,0.0
Fe1Ge1Si1,0.5115
F2Fe1,2.6339
In1Li2Pd1,0.0
As2Ge1,0.513
Ge4Ni9Pr1,0.0
Er1S2,0.0
B2Er1Ru3,0.0
Na1Ni1O2,1.1071
Ga1La1Zn1,0.0
La2Se9U2,0.0
I10La6Os1,0.2005
F4Nb1,0.8407
Ni1P3Si2,0.0
K1O7P2Y1,5.2073
Fe1I3O9,2.4042
Ba1Rb1S4Ta1,2.595
Ho5Ir4Si10,0.0
Sb2Sm1,0.0
Nd1Rh1Si3,0.0
Bi2O10Pb2V2,2.9357
Al2Dy1Si2,0.0
C3Hg1K1N3S3,2.1203
Gd3Rh1,0.0
Cl1Cu1La1O7Ta2,0.2466
Eu1H4Mg1Ni1,1.4979
Ag1Sm1,0.0
Ag1O3V1,2.7578
Nd2S5Sn1,0.0
Cu3Ho3Sb4,0.2881
Nd2S5Zr1,0.9543
C6H18N4O7S2,2.5892
Ge6Pt1Yb2,0.0
As3Ba5Cl1O12,4.0015
Pt1Sb1,0.0
Ge2Nd1Pt2,0.0
Mg5Pd10Si16,0.0
Ge1Pr1Sc1,0.0
Li3O4Sb1,3.0613
Hg3Tl1,0.0
I7Nb3Te1,0.6731
Fe1Sn1Ti1,0.0
As2Rh2Sr1,0.0
Ce3Ge13Os4,0.0
Al2H10Ni1Zr6,0.0
Ge3Rh2S3,0.0
Al8Fe4Yb1,0.0
Dy2S3,0.5939
In1Pr1Pt4,0.0
Ga1Y1Zn1,0.0
Ag1Nb3Te4,0.0
As1La1Ni1O1,0.0
Ag1Ca1Ge1,0.0
Ba8Si46,0.0
Ba1In2,0.0
Al10Fe2Y1,0.0
Ga5Lu3Ni1,0.0
Gd2O6W1,3.4389
B3Ge1O7Rb1,4.464
Cl2Sr1,5.2221
B6Fe3Pr4,0.0
La1O3Yb1,0.6135
Ge2Mg1O7Sr2,3.5524
Cd4Ge5H1Li1O15,1.9404
B6Co12Pr1,0.0
Ag4Mn1S6Sb2,0.2618
Al3Ce1Ni2,0.0
Ce2H1Li1O3,1.6379
Sc1Te1,0.0
Cu2O5S2Sc2Sr3,1.9663
Mo1Rb2S4,1.6779
Ba1Cu2S2,0.698
B6Co20In3,0.0
H2N1Na1,1.99
Ge4La4Li1,0.0
C10Fe22Mo12,0.0
Ni2O12P4,3.9987
Na6P4W1,1.3528
B2C1Ce1Rh2,0.0
Ag1Cd1O4V1,2.5884
Ba1Ce1Cu1Se3,0.9443
Ni1Yb1,0.0
Br3Cs1Fe1,3.0876
Be1F4Na2,6.39
Al13Cr4Si4,0.0
Al1H6Li1Mg1,3.3655
Br5C2La4,0.0
Er1Li1Se2,1.6244
C2H10O10V1,0.0
Ga1Mg1Mo4O7,0.0
C2Mo1Nd2,0.0
Cr11K3S18,1.2063
Br6Pb1Rb4,3.9035
As2Zr1,0.0
As7Er2Ni12,0.0
As1Ca2F13H4,4.8038
La2Ni1O4.15,0.1826
Eu2Ga2Ge1S7,1.4155
As4Ca5H10O20,3.8273
Ba3Hg10In1,0.0
Al1Ti3,0.0
I3La3Ru1,0.0
Al2K6Te6,2.1469
Cu1H2O2,1.3408
Cl2O5Sb4,2.6454
In4Pt1Sr1,0.0
Sb1V1,0.0
Al2B4Li6O12,4.8994
Ba1P2Pd2,0.0
La2Mg1Ni2,0.0
Gd1Sn3,0.0
Mo4O15Tb2,3.2243
H8N2S8,0.2759
Mn3Sb1,0.0
Cu2Hg1Sn1Te4,0.0
Ir3Tb5,0.0
Pt1Se2,0.0
Ni1Sc1Sn1,0.0
Ba2Br2Cu3O4,0.0
Bi3Yb4,0.0
Cs2O15Si6U1,3.5868
Ge12Pr1Pt4,0.0
Fe2H1O9Sb1Si2,2.3984
Ge3O9Rb1Ta1,3.4318
C8Co2O8,2.8336
F2O2S1,5.8814
As1.01Ce1Se0.99,0.2591
Al3Fe2Si1,0.0
Cu1Li2O2,0.9097
Ba3Bi1O9Ru2,0.8786
Ge1Ir1Nd1,0.0
Cl10K4O1Ru2,0.9192
Cs1Fe1O8S2,2.1275
Ba1F4Ni1,4.0553
Bi12O20Si1,2.4188
Ba1Cr1O4,2.9151
Cd1Er1,0.0
Ge2Pd2Tb1,0.0
Co1Ge2Tb2,0.0
Er1Zn1,0.0
Hg3S4Tl2,1.6149
C1Si3Y5,0.0
H1Na1O4Si1Zn1,3.919
Ge2Rb2Se5,1.4909
O9Ti5,0.1304
Cu1Er1Sb2,0.0
C1H3N1O3Zn1,4.1783
Mn1O4Rb2,0.5381
Li2Nb2O7Sr1,1.9486
B4Co4U1,0.0
B7Cl1Cr3O13,2.5976
K2Mn1Te2,2.0995
Ba2Si46,0.0
Ga1S9Sb1Tb4,2.2077
As2F2O1Sr2Ti2,0.0
Pu1Ru2,0.0
Cd1O6V2,2.28
Ag5Ge1O4,0.3423
Au1Pb2,0.0
As1Ga2Rh5,0.0
I1N1Zr1,1.2338
O5Pb1Se2,3.2102
Ga1Rh1Y1,0.0
Fe2Rb1S3,0.3451
Pd4Pu3,0.0
Cu1I1P4Se4,1.7506
Rb2Se1,1.8005
Si6Tc7U4,0.0
As1F6I5,1.3823
F25K1Th6,6.87
Cu1H1I1O4,1.802
Ga3Na3O12Te2,1.8954
Si3Tb5,0.0
Hg2O4Se1,1.36
B4Co4Er1,0.0
Bi2Hg1S4,1.2233
Cl3Tb1,3.8003
Al12Cd8O24S2,2.7932
O7P2Si1,5.7707
Na2S1,2.4898
Ba1Mn1Sb2,0.0
Cs2F6Fe1K1,0.0
O14Sr5U3,2.9730000000000003
Ca4Hg9,0.0
Br7Hg6Sb5,0.9636
B7W1Y3,0.0
As1K1Li2,0.6951
Mg1Pt1,0.0
H4Mg2Ni1,1.6614
Al20Cr2Sm1,0.0
Al20Sm1V2,0.0
Ni3Se4,0.0
As2Co1,0.0
Ge2Pt2U1,0.0
C2H6K2N2,0.0
Ag1Cs1N2O6,2.8760000000000003
P1Th1,0.0
Ni1Se4V2,0.0
Ag1As1F6Se3,1.8648
Cu9H2O20P4,1.0258
Al1Ba3Sb3,0.4714
F9O6Y7,2.625
As1F6H2Li1O1,4.1844
Ru1Sb1Ta1,0.8867
Al12Tc1,0.0
Dy1Pd2Si1,0.0
O5Sb2,0.0
Co7Ge6Ti4,0.0
Be12V1,0.0
Eu1Mo6S8,0.0
B1Be2F1O3,6.3568
As1F5H6N2,2.6773
Ga1Nd3O6,2.9809
Cr1Cu1Se2,0.0
Ce2S5Th1,1.4761
Fe1Hf1P1,0.0
Co1Gd1Ge2,0.0
C6F12O6Os1Sb2,4.7409
La3Ni4Si4,0.0
Cl6N3P3,4.1139
Y1,0.0
As2Fe2Sr1,0.0
Li1Nb3O8,3.1634
Ba2Co1O6U1,0.0
O2Rh1,0.0
Au2Ge2Th1,0.0
K2S7Sb4,1.5494
Li2Sn5,0.0
Ca1Cl6H24Mg2O12,5.1117
B3O9Sc1Sr3,4.8506
F2H5N1,6.9343
Fe1Ge2Na1O6,2.5647
K4O7P2,3.7506
Cr1Na1O2,3.9408
Cs1O8V3,2.0518
O14P4Pb1V2,1.8659
La3Si2,0.0
B2Cu1O6Pb2,1.6512
C1Fe2Si1Th1,0.0
Br6Na1O2W2,0.0
Cu1Er3S7Sn1,1.3348
Dy2Tl1,0.0
Ca1Zn5,0.0
Ag1Cu4Nd1,0.0
O3Sn1Ta1,0.0
B7Fe1Y3,0.0
Cl1Cs1N1O4Tc1,2.2967
B2C2Ce1,0.0
Ca1Ge2Pt2,0.0
H2K3N1O7S2,4.643
H1Li2O8P2Sc1,5.0158
F6O2Sb1,1.3621
Fe5O12Tb3,1.6824
Mg1Ni1Tb1,0.0
Cd1F6Sn1,3.5813
Ho1Se2Tl1,1.2472
Dy1Li1S2,1.9242
Ho1Pt2Si1,0.0
Cu1Sb1Yb1,0.0
Al18Mg3Ta2,0.0
Co1Cr2S4,0.0
Ca6H6O13Si2,3.6801
La1Pt1Sn1,0.0
Al3B4Nd1O12,3.9379
B4Ce1Cl1H2O8,5.5147
Cl2H1K3O6Pd1S2,2.4806
Cu4Ge4Tb3,0.0
Al1H4Li1,4.578
Ce3Pb1,0.0
As1Nd1Pd1,0.0
Re1S2,1.3025
O5Ta1V1,2.2223
Sn5Sr3,0.0
Sb2Se4Tl2,0.0
Cl3Dy1,3.828
C2Cl2H4Hg1N4,2.301
La1Sb2,0.0
Ba1Cu1La1S3,1.1649
Ce1Ru2Si2,0.0
Rb2Te3,0.6543
Ga1Pt1Zr1,0.0
C6H17N1O2P2,4.4076
Er2Eu1Se4,1.2076
In3Sr1,0.0
Mn2Nd1Si2,0.0
O3Si1Zn1,4.1238
Fe1La1O1P1,0.0
Ba1C4Ce2F1Na1O12,4.2019
Al4Er1Ni1,0.0
Ni2P1,0.0
Au1Pr1Sb2,0.0
Co3Ga9Ho2,0.0
Cl4Co1Li2,2.8357
Cu1Dy3Se7Sn1,0.9021
Nd1Ni2,0.0
Te2Zr1,0.0
Gd3Pt4,0.0
C1Ge1V3,0.0
Ba2Ca1Ir1O6,0.8953
Bi2Cl1Dy1O4,1.4395
Cl1F3Sn2,3.5422
C2Er1W1,0.0
Ni11Sc3Si4,0.0
Be13La1,0.0
Nd1Ni1P1,0.0
Bi1Mn1Na1,0.0
C2Cu1K1,2.358
Fe4P12Pr1,0.0
B1Ni1,0.0
As1Rh1,0.0
Ir1Y1,0.0
Fe1Te2Zr6,0.0
Cl3Cs1Mn1,3.6364
Hf1O7V2,2.6438
Lu1Ni1Sb1,0.0
Cu2Na2O11Si4,1.8972
Ge4Ni4Sc3,0.0
As2Ce1,0.0309
Ho2O11Te4,3.236
B13C2,0.0
Dy1Ge2Mn2,0.0
Ag6Ba1O4,1.0606
Ge10Tb11,0.0
Ir1Na1O3,0.0
Gd3Ir1,0.0
O8Sn1Te3,2.591
O8Pb1Se2U1,2.8009
Mn1P1,0.0
Pd1Rb2Se16,0.907
Al43Cr4Dy6,0.0
Ge4Hf3Nb2,0.0
Sn1Ti3,0.0
Ag5Ba2S6Y1,1.6829
Cs3P7,2.3641
Al2Eu1Si2,0.0
Ge1Pd2Tb1,0.0
Ge2Pt2Y1,0.0
Ge2Mn2Yb1,0.0
As4Ba4Si1,0.9866
Ca1Mn28,0.0
Bi1I1O3Te1,2.3425
Cs2Cu5Se4,0.0
B1S3Tl1,1.6813
H2N2S6,2.9614
Al9Ba1Fe2,0.0
Cu1F1Na1O4S1,1.6118
N1Pm1,0.0
Mg2Pt1,0.0
S2Sb1Tl1,1.615
Ag1Mo6S8,0.0
Cu1In1P2Se6,0.5455
Si1Tc1,0.0
Ge1In1Li1O4,2.3442
Al1Gd3Mn1S7,0.7968
Al4Ca1H2O12Si2,4.5317
Mg1Pm1,0.0
Fe1P2,0.9044
C4Cs2H2N4O2Pt1,2.5964
O7P2Sr2,5.1169
Ga1I3La3,0.0
B4Ho1Mn1,0.0
Li1O4Ru2,0.2346
Cu1Zr2,0.0
Ca1Fe3O5,0.7217
B6Co21V2,0.0
Al3H3O10Si2,5.4663
F6Te1,4.3747
Al1Ir1,0.0
Ag1Cu4Er1,0.0
Al9Er1Ni3,0.0
Cu2Fe1S4Sn1,0.2336
B2C1Rh2Tb1,0.0
Co1Ga1Ti2,0.0
Ag2As4Hg7I6,0.7406
F6H8In1N2Na1,5.1269
Ba2O6Re1Tb1,0.0
Ga1Mg1Pr1,0.0
Si1U3,0.0
In1Pd2Yb2,0.0
La3Tl1,0.0
Ag1Ce1Pb1,0.0
I4In1Na1,2.4738
B2Mo2Ni1,0.0
C2F6H12N6Ti1,3.2109
Be1C1N2,3.8531
Co1Rb2Se2,1.9648
O5P1Rb1Ti1,3.3063
La1Ru2,0.0
As1C2Cs1H6Se2,2.2279
H1K1O3Se1,4.2349
Bi1Pd3,0.0
Cs5In1P4Se12,1.2626
Br1In1Te1,1.8109
B2La1Ru2,0.0
Er1F3,7.6989
La2Rh3Sn5,0.0
Ac1Cl3,5.0778
Ba1H7Re1,1.0019
I1O4Tl1,2.0324
Mg23Sr6,0.0
Nb1Ni1P1,0.0
Ho1In1Ni1,0.0
Cl1H2Ho1O2,4.6708
F4H12N4Si1,5.0693
Cd1V3,0.0
F1O4S1Y1,5.8381
Mn1Sn2,0.0
In1Mg2,0.0
Cr2Ni1O4,0.0
K2Mo1O3S1,2.9715
F3Mn1Na1,2.7260000000000004
Al2B2K2O7,4.5918
Cu3H4Mo1O8,1.1872
Li3O4U1,3.0831
I4Te4,0.7568
Nb1Se3,0.0
Fe2H3O9P3,2.4691
Ba1Hg1Sn1,0.0
Cr1Fe1P1,0.0
K1Sb1Sn1,0.2278
N2Ta1,0.0
Co2K5N12O24Y1,0.0
Ba1Cu2O8P2,1.4327
Al1Pd2Pr1,0.0
Pd4Te1,0.0
F7H1K2Zr1,6.3229
Ca4Li2O13Si4,4.4449
La1O1Sb1Zn1,0.1615
Cl1Co1O3Sr2,0.2572
As2Ca1Pd2,0.0
Ba2Pb1,0.0
Ag2Cu2O3,0.0
As2Na4O7,3.2115
Br2C1Gd2,0.3924
Au2Nb3,0.0
As1Co1,0.0
H6N1O2P1,5.0703
Os4P12Pr1,0.0
H1O5V1Zn2,3.0245
Sn3Y5,0.0
Re2Sc3Si3,0.0
Ga3N5Sr3,1.4435
Li13Si4,0.0
K2O5Ti2,3.727
La2S5Th1,1.5035
B1H1Na2O3,3.8244
N3Tb2,0.0
Li1Mo1S2,1.0556
Ca1Na2O4Si1,3.3771
C1Tb3Tl1,0.0
Mg1Ni4Y1,0.0
Li2Pt1Sb1,0.0
La2O6Re1V1,0.0
Ga3Tm1,0.0
C1Ca2F2O3,5.1687
Ir1Tb3,0.0
Ca1K1O9P3,5.0537
Ho1I1S1,2.7137
Fe1Li1O7P2,2.4535
Ag1Hf1,0.0
C3Ir1,0.0
Ca1Hf4O9,4.4459
Ag1Ni1Se2,0.0
B6Cu3H2O13,1.3789
Fe1In2S4,0.0
Mn1Pt1Sb1,0.0
Cu1Pr1Sn1,0.0
Ge12Ni19,0.0
Ni1O2,1.5319
Cu2Er1Ga1O7Sr2,0.0
Er2Fe14Si3,0.0
Br14Ir2Te14,1.2559
C3U2W2,0.0
Eu3Pd2,0.0
C1H1Li1O2,5.0310000000000015
Cl16Ru2S6,2.028
Ba2Cl7Gd1,4.6563
B7Co3I1O13,0.0
Ag1C2H9N2O2,3.56
Fe2O14P4Pb1,2.4154
C4Cl2O4Os1,2.3809
O18Sr1V13,0.0
Ag1C2N2Tl1,3.3979
Ge2Nd1Ni2,0.0
Sb1Yb1,0.0
Ba1Mn28,0.0
As1F6I1Se6,1.5593
Ge1Na1,0.6795
As1K1Se2,1.5678
Ba1O18V13,0.0
C5Ti8,0.0
La4N2S3,1.0816
Bi3Fe1Mo2O12,2.4431
Ge2O7Sr2Zn1,3.3413
C2Si1,0.0
Co1F1H4Na1O6S1,0.0
Pt4Yb3,0.0
F6Li3Ti1,3.355
C1Er3Tl1,0.0
As1Cu1S1,0.0439
Ga3Os1,0.6497
Br10C2La6,2.093
C3Cl3H10N1Sn1,3.3922
Mn2Pu1,0.0
Be17Hf2,0.0
Ag4Lu1,0.0
As2Cu2Sr1,0.0
Mn3O4,0.5439
C1O3Tl2,2.9469
I1O3Tl1,0.0
Ba4O9Ta2,4.0923
C6F9H13N4O8Ru1S1,2.5812
F6Fe1H12O6Sn1,1.2389
B2Co1Nb1,0.0
Ce1Re4Si2,0.0
K1O8Sb1V2,2.7609
Bi5Cl12Ga3,1.803
Al20Ca1Cr2,0.0
Al1Mn2V1,0.0
Hg1Pd1,0.0
C1H2N2,4.5395
Bi3Ni1,0.0
B2Ho1Ir3,0.0
Ag1F11Pd1Zr2,2.8378
Br4Si1,4.0852
Au2Nd1Si2,0.0
Cs1Pr1S2,1.9283
Cd1H3N1O5,3.2961
Co7Ho12,0.0
Se2Th1,0.7249
Lu1Rh2,0.0
Ho2Ni3Si5,0.0
As2Co1O6,2.2258
Ba1Cd2Ge2,0.0
Pt4Se6Tl2,0.584
Cu2La1Sn2,0.0
Na10P6Sn2,0.2426
As2Sn1Zn1,0.0
Bi2Br1Dy1O4,1.3449
Gd2Tl1,0.0
Ba2C2Co1F2O6,3.9828
F5H8N1,7.3262
Ir3Sc1,0.0
As2K3Nd1S8,1.6840000000000002
Br1H4P1,4.0279
Cu9Dy1Mg2,0.0
Bi1F6Li1,2.7524
Co1Ta1,0.0
Li1O3Rb1Zn2,2.5859
Nd2O2Te1,1.6104
Hg1In2Se4,0.6679
Ca4Cl6O1,5.2228
Cd2Er1,0.0
As2O9V3,2.4572
As1Te1U1,0.0
Ir7La2,0.0
Al1Li5O4,4.6689
Al14Ca13,0.0
Ir1K3N6O12,0.0
As1Br3,3.1141
F3K1V1,1.8088
C1Cl1Gd2,0.0
Ag4Dy3Sn4,0.0
Pt3Ta1,0.0
Ag1Ba1O9P3,4.3204
Ge2Nd1Ni1,0.0
K3Nb1Se4,1.9661
Ag2O4Se1,1.3808
O4Se1Si1Tb2,2.6461
Ni5P3Sr1,0.0
F6Fe1Na1Rb2,0.0
Al1Re1,0.0
O4Sr2Ti1,2.4478
Ba5Cl1O12P3,5.0571
Hg2U1,0.0
Co17Dy2,0.0
Al1Au2Ti1,0.0
Cs1H6Li2N3,0.5914
K1Pb2,0.0
Li3S3Sb1,2.3585
B6O18Sc1Sr6Y1,4.6782
Au2Bi1Dy5,0.0
Cd1Ga1Pr1,0.0
Ag1C2K1,2.7517
F12O1Rb2Zr3,5.3234
K2Sb4Se8,1.0995
Br12Te1Zr2,2.428
Al1H8N4Rb1,0.1965
Dy3Ga2Mn3Si1,0.0
Cd1H1N1O4,3.1311
Ni1Sb1Sc1,0.0
F3H2P1,6.4323
Li1Ni2Si1,0.0
C2H8N6O6S2,3.4377
Co1Ga12U4,0.0
Ge2La5Si1,0.0
Mg1Mo1N2,0.7104
Al1Nd1Pd2,0.0
Bi2Mn4O10,0.7229
K2P2Se6,1.408
As2Ga1K2Na1,0.8371
Cu20Sn6,0.0
Pt23Si11Yb3,0.0
N3U2,0.0
Al2Ba1Ge2O8,3.4689
Ga1Ni1,0.0
Gd1H2,0.0
F14H18N6Zr2,5.5959
Pd17Se15,0.0
Al12O24S2Sr8,3.3438
Ce2Zn17,0.0
Co3Nb1,0.0
Ca1Cu3O12Pt4,0.6796
B4Dy1W1,0.264
Br9Os2Rb3,1.0751
Al1H4Th2,0.0
B2Ir2Zn1,0.0
P1Pt5Zn1,0.0
Cu1Nd1Si1,0.0
P2Ru2Sm1,0.0
As4Hg1I2S4,1.6798
Br2Cd1Sb2Se3,1.1284
Dy1K1O12P4,5.3362
Cs3Er2I9,2.8589
Cu2Ge1Mn1S4,0.8818
Ge6Ru7Sc4,0.0
Al1Ca1F6Li1,7.6448
H1I3O8,1.4563
Dy1Ge2Ru2,0.0
F2Li1O8Si2Y3,5.2467
Os1S1Sb1,1.3007
Fe1Li1O10Se4,1.7238
Ge1Na2O5Ti1,3.6118
In2Mn1Te4,0.5116
Ga2O9Te3,3.7624
Ca1Cd2P2,0.9252
Cu1Na2O7P2,1.8733
Co1Si2,0.0
As2Ca1Cd2,0.3132
Li1S2Ti1,0.0
Ge2Mn1Pd3,0.0
Co1La4S7,1.7971
Ca1In2Ni1,0.0
B3K1O5,5.5004
Al3Zr2,0.0
La2O12W3,3.7917
As2Ni4Y1,0.0
Ba2Mg1O6W1,2.9121
F6Pd1Zn1,2.0598
Cu1La2S4,1.6962
Er1Mn1Si1,0.0
O19Ta6U2,2.6452
H8N2O8V3,0.0
La1O3Tl1,0.3224
Ge1Nb3,0.0
Co7La2,0.0
B1Gd3O9W1,3.3849
Ag1Nd1,0.0
P1Pt1Tb1,0.0
Ag1Hg1O4V1,1.801
As3Ca3Ga1,0.3699
O3Pd1Sr2,0.9534
Co3V1,0.0
Be12Fe1,0.0
N5Nb1Sr5,1.1113
Dy3Ge3Ru2,0.0
Cl2Hg3Se2,1.7767
Ag2Al1Sc1,0.0
Br3C2Cd1H8N1,3.455
Na1P1Sn1,0.5369
Cu4Hf3Si2,0.0
Ge1Ni1U1,0.0
Cr2Nd1Si2,0.0
H8Mn5O12S1,1.1582
Ca3Cr3O16P4,3.152
Au4Sc1,0.0
Be17Ta2,0.0
Nb3Pt1,0.0
B2Mn1O6Sn1,2.2208
Li8O6Pb1,2.3445
C2Dy2Re1,0.0
Co1Si1U1,0.0
Cs2F4Hg1,2.0283
K1Li1Se1,2.511
As1Ho1Pd1,0.0
Al1Ba2C4Li1N8,4.144
C4H8I4Sn1,2.9810000000000003
Al1B6Yb2,0.0
Ir1Zr1,0.0
Al1Ho2Si2,0.0
Ag1H2Ni3O12P3,3.3159
In1Sc3,0.0
Cu1K1S1,2.2557
Al1Cl8Nb1,2.2817
Ho1Zn2,0.0
Br7Mn2Rb3,2.1931
Be2Fe1,0.0
Br9Cs3Ho2,4.2156
Ge2Rh2Tb1,0.0
La2O6Te1,2.9344
Ag1Ga1,0.0
Cl3Cs1Cu2,2.4011
Fe2Sn1U2,0.0
Ba5O17Re3,0.0
F6Fe1H8N2Na1,0.0
Cs1Nd1O2,3.0005
Cs1Er1S2,2.1533
As1Ca1Cu1,0.1148
O6P2Zn1,5.0495
Co1Se2,0.0
Ga2La2O1S6Zn1,2.5814
C1Cl1La2N3,1.6678
Ba1Ge3Mg4,0.0
Ag3Pt1,0.0
B2Ce1Os2,0.0
Ca3Cl2Fe2O5,0.5095
B4Cr3,0.0
Ba2O4Pb1,1.2224
Al1Cu1Gd1,0.0
H2Pr1,0.0
Dy1Pt2,0.0
O6P2Sr1,5.4245
Cd3Sb3Tl2,0.0429
As1Cl13P1Sb1,2.119
Ir7Mg44,0.0
Ba2Cu1O6W1,0.9062
Au1Nb3,0.0
Mn3N1Pt1,0.0
Nd1Pt1,0.0
Cl4F6P1Sb1,4.4993
Fe23Yb6,0.0
Ba2Cu2Nd2O11Ti2,0.0
Cd1K2N12,2.8502
Al1Y2,0.0
B1C1F6K1,6.9962
Ga5Ni8Zn36,0.0
Al1Br3,4.1311
As5Ba2In5,0.1168
F7O3Os2,1.2503
F3Ta1,0.0
As1Pd1Se1,0.0
Cu1La1Pb1,0.0
Cl12Zr6,0.0
Pd2Sn1Tb1,0.0
Li1Mg2Tl1,0.0
Ba1Tb2Te4,0.782
B1F4Na1,7.8271
Sn1Yb1,0.0
Cl1Fe1Li1Mo1O4,2.2292
La2O5Pd2,1.8389
Ge5Ho3,0.0
Ge1K1La1S4,2.3426
C4F12Ge4Se6,2.4062
B2Er3Ni13,0.0
Au1Cs1,0.7526
Na1O3V1,3.0137
La2Se5U1,0.8707
Eu1Na1O4Ti1,0.2072
Bi2O4Pd1,0.9511
Al3Er2Ge4,0.0
Co1Na1O4P1,3.5993
Ba1Ga4S7,2.5660000000000003
Bi2O6Ti1Zn1,1.5109
Pd1Sn4,0.0
C6Fe1H6K4N6O3,4.5415
In4K4Sb6,0.8370000000000001
B1Co1Mo1,0.0
Al1F4Tl1,4.2369
B2Ir2Sr1,0.0
Ba2Cd2K1Sb3,0.254
Al1Mg1Si1,0.0
Ag2Cl4Pd1,1.8782
O9P2Te2,3.4124
Pd3V1,0.0
K2Mn2O15Si4Zn4,2.1074
F6Nb1V1,0.0
Cu1La1O8W2,1.7559
B13Co1Ho4,0.0
Cs1O2Y1,2.8353
Br4Li2Mn1,3.6643
Te2Tl1Y1,0.6155
Eu2Li1Si3,0.0
S3Ta1,0.0
As2Eu2,0.0
Os2Th1,0.0
Cl1H8N4P1,4.7552
Cl4K2Zn1,4.6885
Al8Fe4La1,0.0
C1Se2,2.5657
Ag1Mg1,0.0
Ba3Ni1O9Ru2,1.1901
B4Co1Gd1,0.0
Be1La3S7Sb1,1.4992
Ga1Ni3,0.0
Fe6Ge6Tb1,0.0
Cl9Re3,0.9206
Ge3O9Ti1Tl2,2.7433
Dy1Ga1Pd2,0.0
Ag1As1Hg2O4,0.8752
C2Cd1Cl2H8N4S2,3.5557
Ba3Br2Fe2O5,2.2038
Li2Ni12P7,0.0
Au2Ho1Si2,0.0
C3H10N1O9P3Sr1,4.7732
Be1F4H8N2,6.6158
Ba3P2S8,1.9814
Al1Zr3,0.0
O4V2Zn1,0.0
Al1La3,0.0
K2O8Pb1S2,4.4575
Br3Ga1La3,0.0
B4Re1U1,0.0
C3Nd2,0.0
Er1P1,0.0
Cu2Pb1S4Si1,1.5419999999999998
Au1Er1Pb1,0.0
Pd1Pu1,0.0
Pd2Si1,0.0
Br6K2Sn1,1.0436
Ca1Ga1,0.0
Be12Pd1,0.0
Bi4Pb1Te7,0.3768
Co1O10P2V2,0.0
C1Ho9O4Sb5,0.0
B2Ba1O6Zr1,4.1376
Na1Nb1Se2,0.522
C4H4Mo2O8,2.0718
Br9Cs3Mo2,1.2678
Co1O6Pb2W1,1.9623
Ho1Te3,0.0
Cr2F5,1.2586
F4H3K1,7.3222
Nd1S2,0.0
Au3Sr7,0.0
H1N3,4.0066
C2Cr1H12N6O4,1.3755
Nb1Ni2Sn1,0.0
Ni1Sn2Tb1,0.0
F6O9Si2Ti1Y4,3.2647
Cl7Nb3Se5,1.2743
C1Ca7H4O23Si6,4.5524
Mg3Tb1,0.0
C19Y15,0.0
Mg1O4Rh2,2.1913
Hf1Ru3,0.0
Er1Rh3Si2,0.0
Bi2Cu1Zr6,0.0
As4Ba4Ti1,1.114
Ir1Tm1,0.0
Cl1Er1Mo1O4,2.61
B1Cs1Se3,1.6356
K1P2S6Sb1,2.2608
Eu1Tl2,0.0
C6Mo1O6,3.2341
Rh2Si2Y3,0.0
Au1Br1Se1,0.3828
Mo4N1Ni2,0.0
Al6B5F3O15,6.1047
Hg1O4S1,1.3513
Cd1O4Rh2,1.8886
Ba1Cl4Zn1,4.9
Er1F1O1,5.1809
O12Pr3Sb5,0.0453
Ba1Be1La2O5,3.8196
Ho2S3,1.4639
Cu1Fe2Ge2,0.0
Cd1Pb1Yb1,0.0
Se1Th1,0.0
Al3Zr1,0.0
Te6Zr5,0.0
Er1Fe2Ge2,0.0
Fe1Hf9Re4,0.0
Nb2O7Sr2,2.7947
Ge3Nd2Zn6,0.0
H16Mg7Ti1,0.0
F11Nb1Xe1,2.5687
Ni5Si3Y1,0.0
B6Hf3Ni20,0.0
Os7Sc44,0.0
Mg1Pb1Sr1,0.0
H8Na2O12S2Zn1,5.0346
Cd4Cl6O13Te6,3.2913
O4Pr1Ta1,3.5744
Ag3C6Fe1H6N8,0.0
Ba1Hg2,0.0
Ce3Sn1,0.0
C2Ce2Cl1,0.0
In1K1O2,2.2089
Cu3O12Pb1Sn4,1.2768
S1Se1,0.0
Gd1K2O8Rb1V2,3.3642
Au1C16H24N3O4S2,2.3401
F2K2O5P2,5.0323
As1Ba1Pd1,0.0
H12O18P4Sr2,5.3501
Cd1Mo1O4,2.3377
Br4Cs3Li1,3.8723
B1Co1,0.0
N1Re2,0.0
O1,1.2933
C4Cd1H12N6O2S4,3.597
As2Ba2Zn1,0.6743
H4K2N2O2Si1,3.8205
Au1Cl8P1,1.7781
Al1Cs1O16P4Zr2,4.3384
B4Gd1Os1,0.0
Ga1Rb1S2,2.5091
Eu3In1O1,0.0
B2C6F8Fe1O6,4.3797
Ce1Mo6Se8,0.2067
H10Mn1O9S1,4.1221
Al4C6Hf3,0.0
Hg4I3Sb2,0.7319
Co1Si1Tb1,0.0
Li4O4Si1,4.7803
Cs1Ho1Te3Zn1,1.4581
O11Re2V2,0.0
Ca5Pt3,0.0
F1Li1Ni1O4S1,3.1846
Pt5Ti3,0.0
Cr2S8Tl1V3,1.0316
Ag1Er1P2Se6,1.9226
Au2Dy1,0.0
Cs1Fe1O2,1.9463
Al4Bi4Cl16Te4,2.152
Cu1Hg2Ti1,0.0
Dy3Fe2Si3,0.0
Mo4N14Sr10,1.3919
C6Cs2K1Mn1N6,1.4046
Ce1Ni9Si4,0.0
Fe4Sc1Si2,0.0
Nd2O5S2Ti2,1.5759999999999998
Br3Mo1Te6,1.2806
Hg11K1,0.0
Mo3N1Pd2,0.0
Au1Br8Te1,0.7962
C12H24N4O9Ru1S3,2.7339
K2Mg2O12S3,5.5605
Fe3H6Na1O14S2,2.1462
B6Mn3Ni20,0.0
Al8Fe4Ho1,0.0
Br3Ti1,2.6145
Mo4Na4O16Th1,3.9061
La1Mo2O8Rb1,3.834
Ge2La1Ni1,0.0
La1N5Si3,3.3864
Os2Si2Tb1,0.0
Ir1N6Na3O12,2.5849
Cd1Ce1Cu1,0.0
Be12Nb1,0.0
O2Rb1,0.0
La3Ru4Sn13,0.0
Cr1Nb1P1,0.0
Er3La1S6,1.0236
H2I2O1Sr1,3.62
Ca4F2O7Si2,4.6744
C2Pr1,0.0
Er2O13Te5,3.0031
Al10Fe2U1,0.0
Cl2H6N2,5.4634
Fe2O6W1,1.761
Bi1K1Li6O6,1.5192
Hf2Ni3P3,0.0
Ni1Sb2Tb1,0.0
B4W1,0.0
F4Ni1Rb2,3.868
Na2O4S2,2.3388
Au1Si1Y1,0.0
F1H3O4S1,5.4884
B1Er1Pd3,0.0
Ni7O24P6Tl4,2.8331
Ag1Bi2Cl1Se3,0.7955
Cd1Sb2Yb2,0.0
Au1Bi1Li2,0.0
F6Fe1H12N3O3,3.3252
Au2Ca1O4,1.8413
Al1Cl7Te1,3.2907
Co4Nd1P12,0.0
N4O3Si3Y2,2.7868
Fe1Sb1Se1,0.0
Gd1Rh1,0.0
C2Mo1Y1,0.0
In1K2Li1Mo3O12,3.6815
Ge3Sb5Yb8,0.0
F5K2Sb1,4.6773
Au3In2,0.0
Ga1H4Sr1,0.0
C2K1Nd1O6,3.0914
Co4Ge7Sc4,0.0
Dy1O9P3,5.5902
Cr1Ge3Nd1,0.0
Al8Ca2O15Pb1,3.9727
In4O7Rb2,1.6182
C4Cu1K3N4,4.2524
C3Mo2U2,0.0
Gd1H3,0.0
Al2O12S3,6.0201
In2K4P4Se16,1.2338
Br2Cs1F1,1.7449
Al2As4Sr3,1.1469
Mn1O6Sr2Zr1,1.3895
Al1P1,1.6291
Ba2Hf1S4,0.8668
Mg3Nd1,0.0
Ba2Ca1Cu2Hg1O6,0.0
Au2Ca1F12,1.705
Ni1O6Pb1Sr3,1.1471
Co1La1Si1,0.0
C1K1N3O6,2.1168
Au5O2Rb7,0.888
As4Nb1Rb7,0.7757
Cs4Ge2Se8,1.6163
H4K1Li1N2O6S2,5.3243
Mg3N2,1.5127
Sc1Zn12,0.0
Br10Ir1Tb6,0.0
Al4Bi2O9,2.7985
Ce1P5,0.0
Al8Be1Mg3O16,5.2368
Cs2Te2,0.981
Cl18W6,0.0
Rh1Sb1Th1,0.77
Cl3Mg1Rb1,4.5941
Ge1Hg4S6,0.3735
As12Ce1Os4,0.0
K1O4P1Sr1,5.1137
Al1Hf1Ni2,0.0
B3Ir7Zn5,0.0
Br3C3H9P2,2.6219
As1Rb1Se2,1.6234
Mo1O6U1,3.0111
As1Na1Ni1O4,2.6732
K3O8Ta1,3.0012
K2P2Si1,1.2015
Mn2Sn5Yb4,0.0
As1Zn1,0.5037
Ba1Mg2Sb2,0.8467
Cd1Se4Yb2,0.0
Cu2Ho1,0.0
F6Li1Sb1,4.8318
H2N6Na4O13Ru1,2.4809
Fe1H1Li1O5P1,2.2395
Ge1Te1U1,0.0
Co1Na3O2,1.3027
Gd1O6Ru1Sr2,1.3899
Cl6Re1,0.0
Lu1Tl3,0.0
N1Ti2,0.0
Co1Cr1,0.0
Ni2Pu2Sn1,0.0
Cs1F7W1,4.3334
Cs2Hf1I6,2.201
I22Mo6Nb4O1,0.2371
Ba1O5Pd1Y2,2.3661
Ni2P4Zr9,0.0
Ag1Cd2Ce1,0.0
Br4Hg3Te1,1.9065
Cd4I3Sb2,1.153
Cu1N6O12Pb1Tl2,0.0
In2Mn2O7,1.2881
As1Cl3F6S3,0.0
Cu1Ga2O10Se3,1.4349
Cd2Eu1P2,0.491
C2F6H18N8O2Si1,5.0071
F2K1O2P1,5.2295
Cd1Li1P1,0.0
As1Gd1S1,0.0
Fe2O5Te1,1.6897
La1Na1O6Se2,3.943
Ba2Cr7O14,0.0
F4K1Mn1,2.1424
I1In1Te1,1.7447
Nb2S11Tl4,1.3369
Cl7Nb3Te1,0.9007
Ge2Ni7Zn6,0.0
Ba2Hg1,0.0
Ag1Ce1Si2,0.0
Ge3Pr1V1,0.0
Al2Ca1Zn2,0.0
Li1O3Sb1,2.1418
Ga1Pd1Tb1,0.0
N2O2S4,2.2865
Hf1Se4Tl4,1.2595
As4Cl1Cu1S3,1.7607
Ni1Sn1U1,0.0
Br17Nb6Rb3S1,0.5454
Cr2Ga1S4,0.0
Ga2Mo1O10Se2,3.5224
Co3Th1,0.0
Ba1Ca1O9P2V1,2.3732
La1Pd3S4,0.0
Gd1Na1O4Ti1,3.1108
B1V1,0.0
C3H7N1O6Zn1,4.7517
Co3H2Y1,0.0
Cr3Rb1S5,1.262
Co3La2,0.0
Ba3Ga3Nb1O14Si2,3.5536
Be6Fe8O24S2Si6,0.0
Au3Cd1,0.0
Cu6O10Sr4,0.0
Dy1Ge2Ni1,0.0
B1Fe1O4Pb1,1.8865
Cu1K3O2,1.8022
Cs1P1Pb1Se4,1.5993
Mn3Nb2O9Zn1,2.2575
Ru1Sn1U1,0.0
Al8Mn4Y1,0.0
Cl9P1V1,1.4883
Gd1In1,0.0
Ba2Mg17,0.0
Ba4K1O1Sb3,1.016
Ba1O6P2,5.2728
As1O4Tb1,3.6578
Al2Ca3H12O12,4.1044
F5K1Na1Nb1O1,4.7093
Cr2F9K1Pb1,3.0519
Cd3Sc1,0.0
Li2N2Na4,0.5022
Er3Ge3Ru2,0.0
C4Fe1Tb2,0.0
Pt1V3,0.0
B6Na2O11Zn1,5.0199
Ga3Pd7,0.0
La3O7Ru1,1.2162
F6K1Nb1,5.5885
I3O9Tl1,2.2071
Al7Ca3Cu2,0.0
Cu1Li3O3,1.3089
H12N4O8S2Zn1,3.7512
As2O7Sr2,3.3287
As2Eu1Ni2,0.0
Ba1Ni10P6,0.0
La1Li3Sb2,0.0
Al3La5Ni2,0.0
Li3O4V1,4.0073
Hg1Zr3,0.0
Ga1Rh1Zr1,0.0
Nb1Pd1Te5,0.0
Al4K1Na3O16Si4,4.5126
Cd1O4W1,3.0818
Ce1O8S2,1.4556
Al12Mn1,0.0
Fe3N1,0.0
Eu1Pd1Zn1,0.0
C3Cl3Ga1H9O1P1,4.8803
Ce3Pt3Sb4,0.4417
Lu1Sb1,0.0
As1Ni1Ti1,0.0
Ag1C4H12N1Se5,1.1868
Ba2Gd1O6Sb1,0.0
Al1N1Pr3,0.0
C2H4N4,4.718999999999999
P12Ru19Tb5,0.0
Fe1S5U2,0.6091
C1H7N3O3,3.3804
K1Nb1Nd2O6,3.4818
As2Ce1Rh2,0.0
N1Os2Zr4,0.0
Cu2Ge1Hg1Se4,0.0
Au1C4H12N1,2.9299
Ce2In1Pt2,0.0
Ce1Ir1Sn1,0.0
H1Ni1O2,0.0
F7Mn1Rb3,1.6061
Cl14Hg1Mo6,1.9382
Pd3Sm1,0.0
Ga1Pt1Sc1,0.0
Ga3Pu1,0.0
B1Na1Pt3,0.0
Cd2Th1,0.0
Ca3In1,0.0
Co9Si2Y1,0.0
Ca1Na2O8S2,5.4666
Mn1Na1O2,3.2672
Ge1Lu1Ni1,0.0
Bi2Mg2Sr1,0.462
F6K2Zr1,5.5477
Fe1Li1P1,0.2308
Ca2N2Zn1,0.6862
Cu2S7U3,0.8773
F4K2O1Te1,4.891
Ca2Li2O10Ta3,0.0
Ga2Y1,0.0
Au2Ge2Sr1,0.0
F6K2Na1Rh1,3.267
In3Na7Se8,1.2252
Na2O3S2,3.891
Ca4Mn3O10,0.3032
Nb6Sn6Tb1,0.0
H2Ho1,0.0
Cl2O1V1,1.0114
O9P2V1Zn2,2.6504
Ba3S7Sn2,1.9546
Ba1Sb2,0.0
C4U1W4,0.0
B2Co2Er1,0.0
Au1K1O8S2,1.5442
Bi1Ca1Li1,0.5572
Au1Ho1In1,0.0
F4Li1Mn1,1.87
La2Li2Si3,0.0
F10Na1Sb3,4.9577
Er3Ga5O12,3.4546
Ag1Ca1Sb1,0.095
Cl6Na3Y1,4.9269
Cl7H15N6Ta2,2.3085
Al1B1Li2O4,4.8441
Pr2S5Sn1,0.0
Cu15Si4,0.0
As2Cu4K1,0.0
Ba3Cu1O9Ru2,0.9031
O10P2Pb2U1,2.7457
Ce1O8Se2,1.742
Cs1O6Os2,0.0
Fe1Nb3,0.0
Br2F10Ge1,2.8416
Cr1Sb3Yb1,0.0
Ge1Na1O4Y1,1.5619
Au1Ho1Sn1,0.0
Cu2Tb1,0.0
Eu1Ge1Na1O4,0.2844
Au1Tb1,0.0
Au1Cl3Cs1,0.0
Br6Rb2Sn1,1.1372
Ge1Nd1Ru1,0.0
C4H1O4Rb1,2.704
Ca10.6758,0.0
C1Cl1N1O2S2,2.6942
Ca2O8Se3,3.4324
Cs1Cu1F4,1.8165
Au1S1Ta5,0.0
As12Os4Pr1,0.0
Ba1O4Se1,3.6919
Cu1O4S1,1.1982
Dy1Pt1,0.0
Al2Sr3,0.0
Ag1Ce3Se7Si1,1.4625
Ag1In1P2Se6,0.8170000000000001
Ca3H2Sn1,0.1418
Pt1S1Sb1,0.0
Ba2Li1N1,0.0
Ho2Ni2Pb1,0.0
As4Ge1Sr4,0.7536
Al2Cu1Ir1,0.0
Cu5Eu1,0.0
Hg1O8P2Pd2,1.6481
Mo4Na5O16Tb1,3.8274
Al18Ni5U4,0.0
Eu1F1O1,0.2043
Al2W1,0.0
Mo1Na2O12Te4,2.5177
C1Nb1Ru3,0.0
Ba1Hg2Tl2,0.0
Be1F4Rb2,6.6511
Cd2I1P3,1.1359
Au1F6Li1,2.104
Ca1Li1O4P1,5.0507
Si1Th1,0.0
Ge1S1,1.2001
O14Rb3V5,2.2216
As2Pd1,0.0
Er2Se4Sr1,1.4335
Li8O6Tb1,0.0
Ge1Na1Nb1O5,3.1793
O12P4U1,3.4957
Co1Rb2S2,2.1535
Ce5O16Zr3,2.3895
Sb3Si1Zr5,0.0
Au3Ga7Yb1,0.0
C4Os1Sc3,0.0
O12Re1Sc6,0.0
Na15Pb4,0.0
Ce1Pd2Sb2,0.0
Ge4Na4S10,2.4646
Ag1Cl1O3,3.3003
Al9Fe2,0.0
Mo1O4Zn1,3.6616
Cu9La1Mg2,0.0
B1Ca1H1O3,4.9367
Ce1H8O7P3,4.966
As1N2U2,0.0
Nb4Ni1P1,0.0
C2F3Li1N4Pr2,3.2129
F8Na3Ta1,5.0915
Be13Pa1,0.0
In1Mo3Te3,0.0
Ba4Sb4Se11,1.0963
Ba1Mn2Nd1O5,0.0
Hg2O7V2,1.3306
Al2Ga2Yb1,0.0
F6Hg1Rh1,0.0
Cu1H6N1Na3O13P2,0.0
Au2Dy1Si2,0.0
Ba2C3Ce1F1O9,4.6149
Al1C1Y3,0.0
Dy7Ir2Te2,0.0
Ge13Ru4Yb3,0.0
Al1Co1Mn2,0.0
As2Ru1,0.4795
Ca1H1Na1O4Si1,4.5049
H5K1O8P2,5.6103
Mg1Zn5,0.0
Cl5Fe1H2K2O1,2.1667
Co1F3K1,0.0
Hg3Rb2S8Sn2,1.5592
Bi2Cl1O4Yb1,0.1083
Cs1N1O2,2.3291
Al2C3Ti5,0.0
Al3Cu2Ni3Zr12,0.0
Ge1Ho1,0.0
Cs2F6K1Mo1,3.2826
Ba1Cu1O10Si4,2.3643
Cr2O6W1,1.3301
Co1Y3,0.0
Cs2N12Sr1,3.9941
Ge2Ir2Tb1,0.0
Co1O6Sb2,0.8757
Br1H1O1Sr1,4.3147
S4Tl4Zr1,1.5037
H2O4S1,6.0201
N1Ru1,0.0
Al1F6H18N6Ru1,4.3818
Hg1Na2O2,1.6599
Pd1Sn2Yb1,0.0
As1Pd1Zr1,0.0
Ca3Ga3Rh2,0.0
Ge1Ho1Mn1,0.0
Fe2Hf1,0.0
Cl10K4O1Re2,0.8194
Cl3Cs1Sn1,0.9854
F6Fe1Sn1,0.0
Al5.15Mg3.15,0.0
Co1Mn1P1,0.0
H14Ni1O11S1,2.5647
Al1H6Na3,0.0
Cd1Pd1Pr1,0.0
Al1La1Si2,0.0
Be1Se1,2.6684
Gd1Ge1Ir1,0.0
F3Ru1,0.6959
I1O1Rb3,0.6325
Ag1Cr1Se2,1.5625
Cr1Nb2,0.0
Cd1Mo1O6Te1,3.1205
F4K1Mo1Na1O2,1.8448
B1Pd3,0.0
Cl1H4N1O2,3.0568
Cr3Li9O29P8,3.0576
F7Mn1Tl1Zr1,4.8116
C4Ir1Sc3,0.0
C1Ge3Tb5,0.0
Cu1O6Sr2Te1,1.2749
As1Bi1Mn1O5,2.468
Cr3Pt1,0.0
Ba4Ga2S8,1.8979
Fe2Mg1O4,0.7408
K2N4O12Pd1,2.5697
F6Hg2Ni2S1,1.7934
Mn2U1,0.0
Cs1Sb1,0.5526
Br3Cu1Rb2,2.4193
Ag1F1H12N4,3.4777
Al3Os1U2,0.0
Er3Se6Sm1,0.0
Be1H8O8S1,5.4534
Co1Rh2Sn1,0.0
Sb2Ta1,0.0
C3Gd2,0.0
Er5Sb3,0.0
Al20Pr1Ti2,0.0
Cu2Ge1Li1,0.0
Cl3Cu1K1,1.1407
Dy5Ru2,0.0
Al2Mn1S4,0.0
Cu3H2Mo2O10,0.8654
O12S1Si3Yb5,0.0
Al1I7Te1,1.868
In1Nb1S2,0.0
Fe17Nd2,0.0
C2N3Rb1,4.1578
Lu2O7V2,0.8849
Ce1Na1O7P2,5.0343
H7N1O6,3.5736
Co1Fe1Ge1Mn1,0.0
Cs1H4Li1O5S1,4.5041
Fe2Pu1,0.0
Ga3K1,0.1667
B2K2O6Zr1,3.4039
K1O4Tc1,3.2635
C1Cl4N1O1Sb1,2.1563
O10P1Sb5,3.133
Ca1Nb1O3,0.0
Cl4I1K1,2.3007
Ca1F4Pd1,2.2216
Cd1Cs1La1Te3,1.5997
H2Hg2O11Se2Zn2,1.6399
Br4Ga2,2.9496
Dy5Pt4,0.0
H2Li2O5Se1,3.9959
O23Rb6Si10,4.0259
Al3Cu1Pr1,0.0
C8Cl18H24N2Nb6,0.7153
Ba4Cd3S10Tb2,1.9228
Ge6Li1Pr2,0.0
As1I3La3,0.0
H1Li1S1,3.5416
B2Cd3O6,1.618
Mn1Na6O4,0.9058
Cd2H8N16,3.3176
Al1Gd3S7Ti1,0.0
B3Cr5,0.0
Ba1Co1Dy2O5,2.7807
Ce1Mg1Tl1,0.0
O8Rb1V3,2.0663
Ru2Si2Sm1,0.0
C6Cd1Cs2Fe1N6,4.6859
F1Gd1S1,1.0746
In1K1O7P2,3.9817
Ba3O20Si4Te1Zn6,3.244
Ba1N6,3.8027
Au1Cl1,2.2841
Ag1P1Sr1,0.3619
Al2Ni1Tm1,0.0
Ca11N8,0.0
F6K2Mn1,3.221
Bi1Ni1Se1,0.0
Dy2S4Zn1,2.3982
P1Pd6,0.0
Cr1O4W1,0.7723
Ce1Pd1Sb3,0.0
P1S4Sr1Tl1,2.052
Ni1O3Yb1,0.0
Dy2Ni17,0.0
B6Ba2Mn1O12,4.0913
Cu1Na1Te3Zr1,0.0718
Al1Nd1Ni1,0.0
Er2O7V2,0.8635
B1Ge3Nb5,0.0
C4Cl1H12N1O4,5.4277
Ba1Cd0.333O3Ta0.667,3.6033
Ni1Th1,0.0
Cl1O4Pb1Re1,3.4416
H2Mn3O10Se3,2.8109
Ce2Co5Fe12N3,0.0
Cs3S4Sb1,2.1269
Hf3P3Pd4,0.0
B3Ir7Sn4,0.0
C4Co1Hg1N4Se4,2.1694
As1H1O5Pb1Zn1,3.3683
Cr1O4V1,2.0747
Cu1Hf2Na1Se5,0.5599
Bi2Cl1O4Pr1,1.2897
Er1P1S1,0.1115
Co2K9S7,0.0
K5Te3,0.2099
Ba2Ir1Nd1O6,0.0
Ba1Zn1,0.0
H2O4U1,2.9133
As2Ca2Cd1,0.7214
Lu2Mn1Se4,1.0341
O4Se1Tl2,3.2424
B4Lu1,0.0
Ba2Ge2O8Ti1,3.6586
P1Pu1,0.0
K3O3Sb1,3.2404
Au1Ca2N1,0.0
F6Mo1Na1Rb2,3.4893
B2Ba1O6Ti1,2.8853
Pt1Tl3,0.0
Ca3O1Sn1,0.0
Cs1F6Re1,0.0
Cd1Cl3K1,3.579
Ni5Pr1,0.0
Al2O12Si3Sr3,4.4379
H2Na3O6Os1,1.1903
Ce2Ge2In1,0.0
H24Ni1O24P2U2,2.7214
B1Fe1O3,1.8807
Ca5Pd2,0.0
Fe1O2Sr1,0.0
Ag4I1O4P1,1.2809
Be3F12K2Zn2,6.5599
As3Hf2Ni3,0.0
K4O3Zn1,1.8656
Ag1Eu1Sb1,0.0
O3Rb2Sn2,1.2824
Ga2Mg1S4,2.0185
Ge4Ho4In1Ni2,0.0
Al1Er1,0.0
Co1H1O5P1Zn1,3.7025
Cu1Zn1,0.0
Li1O5V2,0.4016
Ga1O6Y3,3.7068
Cu1Tm1,0.0
Eu2Ge1Se4,1.1479
Se4Si1Tl4,1.4379
Cu3F12H24O12V2,0.9515
Ba1Ge2Li2Mg2,0.0
H8I1N4P1,1.0341
Gd1O9P3,5.4341
Pt2Si1Tb1,0.0
Al1Ni1Pu1,0.0
Ba3O9Ru2Zr1,0.0
B1I3,2.6885
Ag3C1N3O6S1,2.6086
Br2Ga6Na8O24Si6,4.093999999999999
Cr1P1S4,1.2708
Er1Ge3Ni1,0.0
Ag10Br3Te4,1.0639
S3Sn2,0.6513
Ho1Sn2,0.0
Cu1Er1Pb1Se3,1.3374
Eu1N2O2Si2,2.31
C8H24N2O4S1,3.8867
In3Pd2,0.0
Ag1Nb1Rb2Se4,1.1704
Mn1Pd1Sb1,0.0
Al2F16Sr5,6.9324
C10O10Re2,2.7060000000000004
Co1S17U8,0.7272
La1Ni3Rh2,0.0
Ca1Ir3Si7,0.0
Be1Ge1Na2O4,3.6561
Cl2Hg3O2,0.2432
Cu1In2,0.0
Ru1Sb1Te1,0.625
Al1Bi2Br1Cl4Te2,0.9446
As1Li1Mo2O9,2.4898
Au2C10Cl8S8,0.2141
Cu2S3Si1,1.5881
La1Rh1Zn1,0.0
N3Rh1,0.0
K1O7P2V1,1.751
Gd5Si3,0.0
H8N2Ni1O10,0.0543
Li2O6Sn1Te1,1.8603
B1Be2,0.0
Fe1K1Se2,0.2485
Mo1Pt3Si4,0.0
C18Mn13Y10,0.0
In1Li2Rh1,0.0
Ba1Fe2Se3,0.9067
Al2Th1,0.0
N1O1Se2Tb3,2.0748
Cs2Te5,0.3231
La1Ni1Sn2,0.0
F1O1Tb1,4.9388
Al1Ce1Pt1,0.0
Br1Cu1Hg1S1,0.7317
In2Sb6Sr5,0.0623
Dy1Ge2Ir1,0.0
H1O4P1Sn1,3.3813
Na2O3S1,4.9314
Li2Mn1O2,0.0
Ag1Gd1Si1,0.0
Ge1Li1Y1,0.0
Cd3Cl7H8K1O4,3.5157
Ge10Ho5Ir4,0.0
As1Li1S2,1.0546
Hf1S5Tb2,1.1752
Al5Br2La4,0.0
Mo2O12Y5,0.2946
Cs1F6O18S6Sb1,2.5857
B6Ta5,0.0
S2Si1,3.0329
B4Ca1O7,6.3119
Al8Co2Pr1,0.0
Ge1Na1O5Ta1,3.4204
Ca4Nb2O9,3.5131
As1F10H2Tl1,2.0047
Mg1Na2O4Si1,3.786
Mo2S2Sb1,0.0
Ag1B2,0.0
Fe5Nd3O12,1.7411
Fe2Si2U1,0.0
Fe1H3,0.0
B6Fe3Ni20,0.0
Co1Hf1Si1,0.0
Cu1Pt1,0.0
Mn2O7Sb2,0.0
Nd1Se1,0.0
K2Mn1O4,0.473
Al6Au1Si4Tb2,0.0
C2Gd1K1O6,4.0778
Ca1N1O2Ta1,1.6646
Te2Y1,0.0
Au1Nd1Sb2,0.0
Au7Rb3,0.0
C1Hf2Sn1,0.0
Ag1C4N3,3.5748
Cl2O3Te1Zn2,3.7399
O3Si1Sr1,4.6146
As2Eu1Pd2,0.0
Gd1Rb1Se2,1.267
C2Cu1H4N2O2S2,0.7463
Cs3Hg20,0.0
Al1Na1O2,3.8214
B1Cl2H4K1Zn1,5.0041
C4N3Na1,3.5477
Ge3Y5,0.0
La1O9Ta3,2.9698
Ca1Pd1Sn1,0.0
Co1Ge3Nd1,0.0
Bi1Na1,0.0
Ba3O1Sn1,0.0
Ba1Nb1S3,0.0
Li1Pb1Pd2,0.0
Cl1Pr1Te1,0.4313
Ba4O6Pt1,2.0019
Cl2H13N5O2Ru1,2.303
B2Eu1Rh3,0.0
As1Te1Th1,0.0
Au1Mg1,0.0
Co2La1Si2,0.0
C3F9H18La1O18S3,6.0187
Na2Se3Sn1,1.178
Be2K4O4,1.1387
Cu1Ni1Sb2,0.0
Cd3Sr5,0.0
H4N2O3,3.2845
In1Y1,0.0
Ba2Cu2S5U1,0.9163
Cl2O6Pb2Pd1Te2,1.9383
C4Co1K1O4,3.9054
K2Mg2O7Si2,4.9641
K4Pd2Se20,1.1302
Ba1S3U1,2.2421
C15Dy12Mn5,0.0
Ce1Se3Yb1,0.0
Ga2Pd1Tb1,0.0
K2Mo1O6Se1,3.4168
C10Cu2H18N2O10,0.5043
B1C4Li1O8,3.3092
Os2Y1,0.0
Re2Sm1,0.0
Fe3S4,0.0
Ba1Mn1S2,1.543
Dy1Ir3,0.0
Br2Gd2Ge1,0.0
Cu1Ge1Mg1,0.0
Bi8K2Se13,0.8013
B2W1,0.0
In11Sr3,0.0
B2Ca1Li4O6,4.7387
Al2Tm1,0.0
S4Sn1Tl4,1.4743
C2Th1,0.0
In2Ir1Sr1,0.0
Co4Sc5Si10,0.0
Co3La4O10,0.0
Pt1Sn1Y1,0.0
Co1F6Rb2,0.0
Pt3Se8Ta2,0.7767
C4H8O8Zn1,2.6924
Cr3Sc2Si4,0.0
Al51Ca4Cr7,0.0
Mo3Na1Te3,0.0
K4Sn9,1.1019
Ga1Tm1,0.0
F2O1Pb2,0.8934
Ho1Pb3,0.0
Ag3N1O3Se1,0.6065
Ba2Cl1H3,2.0925
Ir2Tm1,0.0
C1Co6W6,0.0
Au1Er1Sn1,0.0
Ag2Th1,0.0
B6Tb1,0.0
H2K2Mn3O10V2,2.4302
Cu1Nb2S4,0.0
Cd1H4Na2O10Se2,2.9479
C2K1O6Yb1,0.1617
P5Tl1,1.1671
Br4Th1,3.0472
B1H8N1,5.5327
C2Cl8N1Nb1,2.514
Cs9O4Sc1,0.0
As3Hf1Na5,0.7147
Er1F5K2,5.7778
Cs3F3Mo2O6,3.9403
H2Ni1O5S1,3.5113
Ho3Pd2,0.0
Cu3F4H2O2,1.6403
Ge3Mo5,0.0
I1,0.0
Li1Mg1Pt1Sb1,0.0
Ge4K2O9,2.9395
Ba1C2F2O6Pb2,4.0591
Hg1S8Sb4,1.1273
H1O10P3Pr1Rb1,4.5654
Al1Ni1Zr1,0.0
Ni4P2Zr1,0.0
Cu2H12N8O10,0.5146
F6Na1Rb2Ti1,0.0
Pd1Te1,0.0
Mn1S4Yb2,0.0
Ge1Se2,1.4427
Mg1Se2,1.6364
Nb2P5,0.0
Ba1F1I1,4.0153
Sb1Ti3,0.0
Rb2S4W1,2.0944
Fe2O12S3,2.1533
As3Cu4Yb2,0.0
Ir2Pu1,0.0
Cl1Hg3I1S2,1.3893
Ba4Li1Nb3O12,2.787
Al1B4Cr3,0.0
Ge2Ni2Y1,0.0
Ag8S1,0.0
Br6Pb2Pd1,1.7329
Fe1Na3O12S3,1.9342
In1Ir1Tb1,0.0
As1Cu1O4Tl2,1.777
Br2Sr1,4.3180000000000005
Cu4Ge4Yb3,0.0
Sn3Tb5,0.0
C1N2Pb1,1.7016
Bi2U1,0.0
Br4Os1,0.2871
Ga1Y1,0.0
Al4Tc1,0.0
Al1Cl4Cu1,3.164
Ge4Ho4Li1,0.0
Rh3Tb7,0.0
Au1Li2Sn2,0.0
C2Sr1,1.6312
Dy5Pb3,0.0
Ce1N1O2Si1,2.5115
Ag1C2Cl2F6N2Sb1,3.8385
F2Pd1,1.7963
In3O12Sb5,2.408
B1Ce1O3,4.3874
As1Er1,0.0
Ir1Mg3,0.0
In1P3,0.0
B2K2La2O7,4.0894
Er1Ge3,0.0
Ge1Y1Zn1,0.0
B4Ga3Nd1O12,3.5924
Au2Ga2Sr1,0.0
Sb1Se3Tl3,0.9541
Au1Ge1Tb1,0.0
Br1H2Li1O5,0.0569
Ga5Ni1U1,0.0
Ca3O6Te1,1.7385
As1Cr2,0.0
K19.206,0.0
Ge2K2O7Pb2,3.1528
Ge8Na15P1Sn1,0.0
Ge1Mg1P2,1.4898
As2In1K2Li1,0.6511
F6O2P1Sb1,4.4162
Br1Mo1Te4,0.8476
Hf1Se3Tl2,0.6529
K3O14Sb5,1.2052
K4P2Se6,1.8868
Ga2Ge1La2S8,1.722
Cu2Th1,0.0
Bi2Fe1Tb6,0.0
Pt1Yb1,0.0101
Au3C6H6La1N6O3,2.7155
Cs1K2,0.0
Na1O2Ru1,1.0443
K1Nd1O8S2,3.4729
Cs1Te4,0.429
Cr2Hg1S4,0.4267
Li1Pr1Sn1,0.0
Au1Cl1F3P1,3.7832
Al1Ga1Yb1,0.0
Ni1O6U2,2.7918
H1I1Li2O1,4.3277
Co1Ge1Nb1,0.0
Cl1H2Nd1O2,3.881
Ag13O6Os1,0.0
Ca2Ge1O4,3.5653
Ge7Ni16Sc6,0.0
O9P3Pr1,3.9855
Ca12Li6N16O3W4,2.6632
Be1Cl2H8O4,5.3322
B2Ca1O4,6.0643
Al2K2Sb3,0.9474
Cd1S2,1.2558
I3O9Y1,3.5341
Ni1O3Pr1,0.0
Fe1K1O2,1.5221
H2La1Ni1Sn1,0.0
Hf1P1Ru1,0.0
La2O2Te1,1.9087
Cu2Ga1Sr1,0.0
In5Na24O15,0.0
Cu4Dy4K2Se9,0.9206
C4Ho4Ni13,0.0
Au1Ho1,0.0
Eu2O5Re1,0.0
K2S3,1.2573
Gd1P1Pd1,0.0
Al20B4O36,4.9411
La3Ni1O6S3W1,0.0
Cl4Ga2H2,4.8179
Ba2Ca1Co1F14V2,2.0851
As1La1O1Zn1,0.8035
S3Ti1,0.6993
Fe1Na3O8P2,2.2665
O4Si1Sr2,3.9342
Co2In9K1,0.0
Er1O14P5,5.4563
C2Ni1Pr1,0.0
C2Mg1Na2O6,4.3983
Cr5Na1Se8,0.7689
Gd1H2I3O10,3.5665
F5Fe2H4O2,0.8794
B2Be1C2,0.22
Lu1Se1,0.0
Ge4K6Nb6O26,2.6203
Tb2Tl1,0.0
Mg1O6Pt1Sr3,3.014
Ni1P3W2,0.0
Cr4Cu1In1Se8,0.1
In1Ni2Sc1,0.0
F3Ho1,7.7361
Cr2Se3,0.0
Na1O12P3Sn4,3.7432
Cl2H12N4O8Zn1,4.4466
In3Ir1,0.0
Ag5K1S3,1.2897
Ag3Au1Se2,0.4228
Ce1P2Rh2,0.0
Cl4Fe1Rb1,2.5302
Fe1H6Mg2,3.2485
Na2Re3S6,1.4551
Eu1Ge2Ni2,0.0
Zr1,0.0
Al3Pt2,0.0
Mn2O7Tl2,0.0
Ga12Pt1Tb4,0.0
K1O12P3Th2,5.038
Ir1Sn1Zr1,0.0
Br1Cu1P4S3,1.8792
Lu1Ni2Si2,0.0
Ce1Mn1Si1,0.0
Mn1Se4Yb2,0.0
C3Ca2Na2O9,4.785
Al1Pt1Sm1,0.0
Cl18P2Ti2,2.2411
Mg1Se17U8,0.7477
Mg2Nd1,0.0
Ba2Mo1O6V1,0.0
Dy2In1Pd2,0.0
H1Mg16O32Si8,0.0
Al1Pd1Yb1,0.0
Ba1Cu9Sn4,0.0
Ge2Ni5,0.0
Ba3N1Na1,0.0
O4Sb1Ta1,2.4378
Cu1H12Mn2N4O8,0.0
Ho4O7S3Si2,2.6247
C1Cl1La1N2,3.3873
C4O4Rb2,2.6721
Ag1Dy1S2,1.4265
Cu1La1,0.0
Pd1Pr1Sb1,0.0
Ba3Ir2La1O9,0.0
Al4Ba1,0.0
Ce2Ge3O9,2.4641
Ba2Mn3O2Sb2,0.0
C5Cu1H11N1O6,0.0
As1Se3Tl3,0.7588
Au1K1S5,1.7932
S2Tl2,0.8016
Ge2Ho1Pd2,0.0
H7N3Na2O8P3Tl1,4.4510000000000005
Pr3Pt23Si11,0.0
Bi1H1O7Sr4,1.2619
B6Ba2Ca1O12,4.9619
I4O12Zn2,3.2698
Al1Cs2F6Na1,6.6896
Be22Re1,0.0
Bi1Ce2O2,0.0
Co2Na5S5,0.0
Mo6S8Y1,0.0
O5Sb5Tb9,0.0
C6Fe1H4N6,4.5111
As2Hg1O6,0.7446
C4Cr1H4O10Rb1,3.4204
Li2O3Si1,5.0798
Cl18Cu2Nb6Rb2,1.1171
Cd2La1Pd1,0.0
Fe2O3Pr2Se2,0.0
Al1Ce1H6,0.0
Ba4H0.666Nb2O9.333,3.4469
B2Co3O6,3.1551
Cl1I1Sn1,2.514
K2S3Te1,2.3082
Ag1N1O2,1.9892
Ag1La3S7Si1,1.9253
C2Cl2H4N4Zn1,4.7302
Ge2Ho2Mg1,0.0
B2Ca2O5,4.7467
Ce1S6Y3,1.0349
B1Rh3Yb1,0.0
B1F4N1O2,2.9035
Cr1O7Rb1V2,2.1109
Ag1C2H4N3S2,0.0
Cr1H1,0.0
Ga6Y1,0.0
Co3O6Te1,1.3973
P4Zr7,0.0
Sm2Tl1,0.0
Br4C6Cd1Hg4N6S6,1.7358
Gd1Ni1Si2,0.0
Bi9Ca9Cd4,0.0
Mn1O4P1,0.3261
Be13Dy1,0.0
O8P2Sr1Zn2,4.4318
Os3Sn7,0.0
La4P9Rh8,0.0
Ag2Ge1S3,0.9904
C6H16N6O6,3.0167
Ga1Li2Pt1,0.0
Cl9In7,2.2329
As1Cr1Fe1O3Sr2,0.0
C2H9K1Mg1O10,5.0318
Ir3Si5,0.9462
Ba1S3Sn2,1.2592
H3La1O3,3.6173
Au1F11U2,1.3006
Dy1Ga1,0.0
Ti1Y1,0.0
F6Ge3O9Yb4,0.0
Ge1Rb1,1.0515
Ru4Si3,0.0
Ir1Lu1Si1,0.0
Cl2,2.478
Al1Cr1La3S7,0.0
Al2Cd2Cl8,0.0
Ga2Mg1O4,3.2910000000000004
As2Ce1Pd2,0.0
Br5Ce2,0.5982
Cl6Cs2In1Li1,3.3181
Ce1Os4P12,0.3336
As1Ba1O6V1,2.6658
Ge2Ir2U1,0.0
Br4Cs2Mn1,3.6064
In1Ni1O6Sr3,0.0
As3Cd4K1,0.0
Cd1Ce1Ni4,0.0
Al2Ru1,0.1204
Li1Mg1O4P1,5.4354
Ga12Ho4Ni1,0.0
Nb3S6Ti1,0.0
Ca1Ge1Li2O4,4.0553
Ba2Cu1O5Tl1,0.0
Re1Si1,0.0
Ca4O8Ru2,0.9857
In1K1Te2,1.0303
Ge1Tb1,0.0
Mg1Nb2O6,3.6942
Zn1Zr2,0.0
As1Mn1Pd2,0.0
Ni4P16W1,0.0
Dy2Rh1Si3,0.0
Bi2O6U1,2.0174
Si2Ta1,0.0
Ag3In1O8P2,1.9943
Hg1O3Se1,2.4812
Ca1Na1O4V1,3.6752
Ho1In1Pt4,0.0
F8Li1Na1Yb2,1.1559
Cs1F5Pd1Rb2,2.9475
Cs1P3Zn4,0.3846
Nd1Pb3,0.0
F11Pr1Zr2,3.9601
C2Cr2V1,0.0
As1Er1O1Zn1,1.1206
Ho1In1Pt1,0.0
Fe8Rb24S24,1.3495
C7H7N1O5W1,2.5237
Mn2O7Sr3,0.0
Co2Mg1,0.0
B6O13Zn4,4.0432
Al1Y3,0.0
Ba1Gd2O7Sc2,3.6151
P1Ta1,0.0
Ga2S4Sr1,2.7178
Ce1Pd1Zn1,0.0
Mg1O2,3.7333
Au1Tl2,0.0
As3La1Zn3,0.0186
Ca1K2N6Ni1O12,0.0
Ba1Mn2O7Tb2,0.0
Ag1Y1,0.0
In1La1Pd2,0.0
Bi2O7Pt2,1.0682
F4H2K1Mn1O1,1.7396
Nd1P1S4,2.1991
H2Tb1,0.0
Ag1As1S2,1.7361
Ce1O3Sr1,2.9309
As4Br7Hg6Yb1,0.0
C1Co1Er1,0.0
Au1F4Li1,2.597
As2F16Mg1Xe2,2.9651
Hf2Mn1,0.0
Cd3O5Si1,1.1058
C3Gd2Mo2,0.0
Ba1Ga1Ge1H1,0.0915
C2H8N6O7,2.3745
Co1H6O8Se2,3.4022
La4O7S3Si2,2.6271
Ga1Li1Te2,1.6449
La4O22Si4V5,0.0
Br6Hg1Tl4,1.7648
Ba2H4Pd1,1.5853
C2Ir1U2,0.0
Cl3Pt1,1.2142
Al8Fe4Lu1,0.0
C1Sn1Ti2,0.0
F22Sr5Zr3,5.3504
Ag1Cu4Yb1,0.0
Au2Br11Cs3,1.0883
Hf2Ni3Si4,0.0
Ca1Nb2O4,1.3227
C6Co1Er1N6,4.7845
C8Ga2H26N4,3.4513
Al3Li1,0.0
Fe1Se0.875,0.1825
Br3Ce3Ga1,0.0
H2Mg3O4,3.7768
Al6Ca4O16S1,4.6735
Cs1La1Nb2O7,1.8248
C4Cu1H4Na2O10,0.0
Be1H4Na2,4.5755
C2H6Mn1O6,3.8983
B4Co11Dy3,0.0
B7Fe1Ho3,0.0
La3Pd4,0.0
Cl3N1Se2,1.4067
Br1La5Sb3,0.0
Mo1N2Na4O2,2.2291
Cl5Pr1Rb2,4.0185
Ce1Rh1,0.0
F6N3P3,5.6849
N4O14Rb2U1,2.3757
Ag3As1O4,0.4311
Rh5Si3Tb1,0.0
Nb2P1,0.0
Bi6Cr2O15,2.3493
Ba3O9Ru2Zn1,1.0376
S4V1,0.9547
B2C1Nd1Rh2,0.0
Ca1H1Ni5,0.0
Ca5Zn3,0.0
Cs2Mn1Se2,1.9771
Ge1Mn1O4Zn1,1.0224
In1Ni2U2,0.0
B2Gd2Ge1O8,4.4294
Al2As3K3,1.1933
S4Sm3,0.0
Al1H1Li1O5P1,0.0241
Ga1N1Nd3,0.0
C4Ni1Sc3,0.0
Ge2Ho1Rh2,0.0
Al4Mg19Zn15,0.0
Cl2O6,1.1919
Au1Ga1Hf1,0.0
Fe1Ga8Lu2,0.0
Be3O4Sr1,4.127
Cr1O6Ta2,2.3571
Eu2O3,0.3961
Al1Cu1Ti2,0.0
Ru2Si1,0.0
I1La3S8Si2,2.6722
Sb2Y1,0.0
Cd1Co1Tb4,0.0
Cr2O8Sr3,0.0
K2Te2Zn1,2.2178
B1Hf1Rh3,0.0
Cu1O3Si1,1.6845
N2Rh1,0.0
Hf5Sn4,0.0
Co1Si2Y1,0.0
Ho1Na1S2,2.3109
Ba3S8Ta2,0.8104
Ni1O8Re2,3.7998
F6Na2Si1,6.9888
C4H6Hg1N4O2,3.8718
Be5Sc1,0.0
Ca3Ga2Pt2,0.0
B2Fe5P1,0.0
Sb3Sr5,0.3927
As1Cd1Li1,0.0
Cl1Cu1,1.0221
Be13Lu1,0.0
Gd1Rh2,0.0
Cd2H1Li1O7Se2,3.5762
Ag1Cu1S1,0.4702
Al8Cu4Tb1,0.0
Er2O4S1Si1,2.8099
Ca2Cl1O4V1,3.4466
Ca1Mg1Ni4,0.0
Al1C1Co3,0.0
Ba1Ga2Pt2,0.0
C8Ge4H24Mn1N2S10,2.4992
Na3O1P1S3,2.8719
Cs2F6Na1Y1,6.8359
Er1Rh2,0.0
Ge1Mn1Nd1,0.0
La4Mn1O1Se6,1.2291
Al2Ba1S4,3.6494
C2Gd1Ni1,0.0
Al2Ni1O4,0.0
As4Ca3In2,0.2153
Rb2Se15Th7,1.4456
Cl12O2S2Ti2,2.9037
In1Zr3,0.0
C12Co2N12Zn3,5.1892
Cr1S1,2.1008
Na2Te2,0.4921
Fe1K2Li3O4,2.9664
F4K1Tl1,2.3097
Cl12Te4W2,0.3157
Eu1Pd2,0.0
Cu1F4Sr1,2.7510000000000003
Al2Si2Sm1,0.0
Ba2F5O8Si2Y3,4.8449
Ag2Mn1O8Sr1V2,2.4108
Al1F6H12N3,5.7311
Au1C4H12Na1O12S4,2.0862
Co3Er2Si5,0.0
In1Pt5Si1,0.0
As6Sn2Sr5,0.0
Cu1La3Se7Sn1,1.163
H3K1Si1,2.5037
Cs2H8O10Sb2,3.234
O12P3Rb1Th2,5.0003
H2O6P2Zr1,4.148
Ba1Sb3,0.0
Br4In2,2.3423
Cl10U2,2.2316
Bi2Pd5,0.0
Cd3P3Pr1,0.0
B4Tb1W1,0.2635
P2Ru2Th1,0.2294
B12F12K2,2.6283
Be5Fe1,0.0
Pd2Sb1,0.0
F2H1Rb1,6.6766
Ca1P1,0.3378
Na4O4Sn1,1.8651
C2H4Mn1O6,2.7488
Fe2K3O4,0.0
In4P8Rb12,0.478
Cs1F5Tb1,0.0
Ge3Ni1Y1,0.0
B1Co4Ho1,0.0
Cs1S6Sb1,2.0816
B4Cu1Li6O10,0.0
Ag1N3,2.3008
Mg1Nd1Ni4,0.0
Cu1K1Nd2S4,1.1276
K3Na1O8S2,5.2604
As4Th3,0.0925
As2C1Cl4H2,3.4128
Ni16Si7Zr6,0.0
Pd1S1,0.2778
Br10W4,0.9902
Ge1Hf1Pd1,0.0
Hg1Li3,0.0
Er1In1,0.0
In2Li3,0.0
Co5Ga1Y5,0.0
Co4Sb12Sn1,0.0
O4Pb2Pt1,0.6811
Ca1Na2O7P2,4.9524
K2Pt1Se2,1.2836
Sc2Si4V3,0.0
Co3Sb4Th3,0.0
Ba2Cu5F14,1.9301
Ti1Zn16,0.0
Cs2I3Li1,3.8253
Ge1Rh1,0.0
K1Te2Y1,1.3094
Mo1Na1O8P2,2.595
Er5Ge10Ir4,0.0
H6In1N1O6P2,3.957
Eu1I2,3.0917
Ca1Cu2O7Sr2Tl1,0.0
Cl1N1Sr2,1.9362
Bi2In4S9,1.6633
Dy4In1Rh1,0.0
Cd1H1O3P1,3.4975
Bi1Er2O2,0.0
Pb3Zr5,0.0
B1C4Cr1F5H6N2,2.9821
Ba1S3Zr1,1.0191
As2O7Ti1,2.9499
C4Cu1Hg1N4S4,1.2296
N2O5,0.6579
Au4Mn1,0.0
Cl8N6Sb2,1.9282
Cs1O4Re1,4.2228
Cu1Ge1Nd3S7,1.7815
Cr1Fe3,0.0
Cl11Cs1Hg5,2.733
Dy2Ge4Nb3,0.0
Cu3O8Pb2Sr2Y1,0.0
B4C3Ni4Y3,0.0
Ce2Rh3Si5,0.0
F1H1Hg1O3Te1,2.9188
Al1C1Pt3,0.0
Ca3Tl5,0.0
Cu1O8Tb1W2,1.7389
Ag1C2Dy1H2O9S1,3.4908
Cr2Fe1O8Rb1,1.8942
Ag1Na1O1,1.3073
F2Fe2H1O3P1,3.3234
Ge1Na4O4,2.8157
K1Mo1O6P1,2.7074
Ca2H1Na1O9Si3,4.8515
Hg2Tb1,0.0
Ga1Tm1Zn1,0.0
Fe3N1Pd1,0.0
Ge3Sc5,0.0
B4Cl5La4,0.0
Nd1Rh2,0.0
Cr2I1O4P1,0.7788
Br4C8O8W2,1.8956
Al0.4C0.2Ta0.6,0.0
Ge2Rb2S5,2.3646
Nb4Ni1Si1,0.0
Ge1Ni1Tb1,0.0
As2Mn1S5Tl2,1.577
Cd2Ir1Na3O6,0.4652
Mn2Se4Si1,1.121
Ru1Si2,0.4152
Ru1Zr1,0.0
Nb1P1,0.0
Fe1Ru2Sn1,0.0
Yb2Zn17,0.0
As1S1Th1,0.0
Fe3Se4,0.0
La7Ni16,0.0
Cu2Sc1Si2,0.0
O7Pr2Sn2,2.1716
Al5Na1O12Ti2,3.0864
Si3W5,0.0
La2Ni3,0.0
Cl6Cs2Ti1,2.7465
In1O4P1,2.8757
Pd4Th3,0.0
Rb4Sb4,0.7043
Br6Pd1Rb2,0.5408
B4Ba2O11Sc2,3.7117
Ir2S3,1.1024
Se3Sm2,0.0
Ca3O12Sc2Si3,4.2268
Cr3Li1O8,1.9933
Pt1Si1Ti1,0.0
Al1Ho1Pd1,0.0
Fe7Th2,0.0
Ag2O6P1V1,2.1849
F6Pb1Sr1,0.0
In2O5V1,0.0
Ga3Ni1U1,0.0
Ge2Ni2Th1,0.0
Ca1O4Tl2,0.0486
Au1Br1,2.0518
B6Co21Sc2,0.0
C2F6Na2O4Sb2,3.0761
Al7Au3Lu1,0.0
Cl1Cu1H3N1,2.3612
Ce1Rh1Si3,0.0
Ba2Cu3Lu1O6,0.0
Ba2Cl1Co2F7,3.938
Fe3O8P2,3.2045
As2Cd1O6,1.9918
Pd2Si2Sr1,0.0
Gd1Pd1,0.0
Ba1Ni1Sn3,0.0
Li5Tl2,0.0
Cs2Te1,1.7636
Br1K3Mo2O7,2.9904
Al1H6O12P3,5.4806
Cl4Hg3S2Zn1,1.3119
O6Rh1Sr3Zn1,0.4132
C1Ru3Th1,0.0
Ag2Eu1,0.0
Ba2Cu2La1O8Ta1,0.0
In3Rb2,0.0
Ca2Fe1H8O12P2,3.9734
Na5Nb1O5,2.6118
Cr3Os1,0.0
F21Sb4Xe2,0.9141
Eu1F4Mg1,2.7069
I9Re3,0.8684
B6Os1U2,0.0
Hf5Si3,0.0
Bi1K3,0.1788
O9Rb6Te2,0.8625
Ir3Zr5,0.0
Ag1O3Sb1,0.6067
C6Cl6H20N2Te1,3.1529
C4N6Ni1,3.0263
C1F5H7N4Zr1,4.3024
Ag2Ba1Ge1Se4,0.3686
Mg1Pd2Tb2,0.0
Bi1Ca1O5V1,3.232
Pt1Sn4,0.0
Au5Rb1,0.0
I3Ti1,1.9703
Cu3Er2Rb1Se5,1.3611
Bi2Ho6Rh1,0.0
C6Fe1N6Pb2,3.7027
B12Sc1,0.0
Co7Dy2,0.0
Os1Sb1Se1,1.2411
As1Tm1,0.0
As2Li3Nd1,0.1347
Pd2Zr1,0.0
Be2Nb3,0.0
Cl11Cs1Nb4,0.6633
F3La3O9Si3,5.332999999999998
Nb1Pt3,0.0
B4Cr1Y1,0.0
B2Ir5Mg2Mn1,0.0
F2La3Nb1O4Se2,1.8769
Bi1Gd1,0.0
Rh1Sn1U1,0.0
Pd1S4U2,0.7741
Sc2Si4W3,0.0
Be2Mo1,0.0
Eu2N8Si5,1.2858
B2C1Er1Ni2,0.0
Cd1Dy2Pd2,0.0
Ge2O7Yb2,0.3601
Co1K3O2,2.2163
O1Rb2,1.3072
Pd3S2Tl2,0.0
B4Ho1Mo1,0.3231
Ba2Zn1,0.0
Cu1H3O7V2,0.2667
C2Ca1H6N4O4,4.6835
Ca4Ir1O6,0.0
Sn1Sr1,0.0
Cd1K4P2,0.8259
Mo2O9Zn3,3.3185
Cd3O8P2,2.3165
Mg3Mn1Ni2,0.0
C1Pu1Ru3,0.0
Ba2O6Pb1U1,2.1499
C8Er1H8N8O4W1,0.0
Ga1O4Rb5,1.8613
F6Ge1Li2,5.9779
As2Cu1Tb1,0.0
H1Na1O1,2.8128
Bi4Cu4Mn3,0.0
Ba1F4Mn1,3.3405
B4In5Ir9,0.0
Cu1Nd1Sb2,0.0
Na1Nb3O8,2.4026
Te4Ti5,0.0
B1H8N2Na1,5.1582
H7Th1Zr2,0.0
Ba1F3H1,5.504
Cs1Mg1O4P1,4.4143
F6Ti1Zr1,0.0
Co4Sn1U1,0.0
Cu9Mg2Nd1,0.0
Ba1C4H8N4O4Pt1,2.2124
As4Ca1Rh6,0.0
Be1Ti1,0.0
B7Re1Tb3,0.0
Ba3Mg1O9Ru2,1.0333
Ca8In3,0.0
Mg1O6Pb2Te1,2.2442
O1Ta1,0.0
Cl6Se4Zr1,1.3488
Ni2Sb1Ti1,0.0
Be1Ga1La3S7,1.1291
Hg2La1,0.0
Li1O2Pr1,3.0593
H3La2O9P3,5.4958
La1O9P3,5.4716
Ce1H1O5S1,4.6145
N18W1,1.8939
Na4O4Ti1,3.2579
Re3Si5Y2,0.0
Ca3Hg1,0.0
Te2V1.04,0.0
Fe3O6Rb5,2.1254
Au2Gd1In1,0.0
Al2Pd5Pu1,0.0
Ba1Cu3H2O10V2,1.1999
Cl6Nb1Rb2,0.8901
Ir1Si3,0.0
B1H5In1N1O9P2,4.053999999999999
F5Sb1Sr1,4.7676
Au1Na1O2,1.3159
Cl1Fe1O7Te3,2.0779
As2Lu1Ni4,0.0
Br1H5O2,4.3572
K1La1O2,3.6501
C1Gd2N6Si4,2.8628
Ge1Na1O5Sb1,1.9312
B2Os1Sc1,0.0
In2Pt1Sr1,0.0
Al8Fe4Hf1,0.0
I3Nb10Se40,0.0
Ba2Sn6Yb2,0.0
O5P1V2,0.0
Ge4Tb5,0.0
Li15Si4,0.0
B6Pu2Ru1,0.0
Ce5P12Ru19,0.0
H2O4Sr1Te1,3.8467
As1Cd1Pt5,0.0
B2Be2Ca1F1K1O6,5.2486
Cl2N2O4Pd1Rb2,2.1268
F6Ni1Rh1,1.3412
C6Fe21W2,0.0
Cs1H2N1O3S1,5.112
Cl1Ho1Mo1O4,2.6252
Si1Tb1,0.0
Ge2Mn5,0.0
Ag1Ba7Ga5Se15,1.9932
Ag2In1Nd1,0.0
Gd1K1O8W2,3.0503
Dy1S2,0.0
B10Ni19Y3,0.0
N2P1U2,0.0
B24Fe80Nb12,0.0
Dy1Zn12,0.0
Br2H12Ni1O14,0.8862
Fe2Ge2Th1,0.0
Ni2Sc1Si2,0.0
Bi2I1Lu1O4,1.4814
B2O8Si2Sr1,5.4879
As2Cs2Se9Sn1,0.6587
Ga3Nb1,0.0
Al1Cu1Yb1,0.0
Mo6Pb1Se8,0.0
Cl5H3Ir1K2N1,2.6663
Br1H1O1Pb1,3.1058
Mn1Na1O4V1,2.5507
Ca1Ni2Si2,0.0
Bi4O12Si3,3.9172
Cu2O5Yb2,0.0
Ga1Rh1Ti1,0.0
Br2O6Pb3Te2,2.5136
Br1O4Tl1,3.0192
Mn3O8P2,0.0
C3Ce2,0.0
H7N2O5P1V1,2.5328
Cu1N2O6,1.1463
Cu1Na1Se3Zr1,0.4212
Cl8Li6V1,3.6302
Ga2K6Te6,1.5597
Al3Er2Fe14,0.0
Fe1Ge1O3,0.8486
Cr1Ga4,0.0
Ho1Ni1Sn2,0.0
K1Li1O6P2,5.2919
Ba1Co1La2S5,1.2405
Ba1O2,2.2298
Ni1P1Ta1,0.0
Br1H4Na1O2,4.2496
P1Sn1,0.0
Al1Mg1Y1,0.0
Li2Mo1O4,4.292
Cs1K2Sb1,0.8783
Ba1Ca1Fe4O8,1.5908
Ge1Li1Ni2,0.0
Ge1Ru1Sc1,0.0
Ba1S4Tb2,1.7475
Cr1Li2O4,2.9446
Ge3Ir1La1,0.0
C4K2N4Pd1S4,1.9364
As2H4O13V3,1.3615
N1O1Ta1Zr1,0.0
I4U1,1.6652
Sn7Tb3,0.0
Cl2N4S4,2.5553
Ru2Zr1,0.0
Rh3Te2,0.0
Ho1Pd1Tl1,0.0
Ba1Br1H1,3.1962
Ba2F6Ni1,3.8748
Al1Ca1F5,7.1474
B2C1La1Ni2,0.0
Co1H2Mo1O7Se1,2.7561
Mo1O8V2,1.1882
B1C1Th1,0.0
Fe1Nb2Se4,0.0
Hg2Mo2O7,2.2641
Al2Ca1Ga2,0.0
Ce4Ge3S12,0.0
As6Be2Ca3O20Si2Ti1,3.0497
F21Rb5Zr4,5.6193
Cu4Si4Y3,0.0
C1H1O2Tl1,3.5038
N4O8Zr7,2.7844
Ba2Ge1S4,2.2396
Cl1F8Nb1,3.3889
Cr1O6Sr2Zr1,0.0
Au1Cd1Yb1,0.0
Er2Ge5,0.0
Ba3Co1O9Ru2,0.9724
Dy1Mn2,0.0
As7Mn6Ni16,0.0
Fe1Nb1Te2,0.0
Pd13Te3,0.0
Au1Er2,0.0
Al3C3Er1,0.0
Ni1P1W1,0.0
Br2Hg2O6,3.1851
B1F1H4N1O4P1,5.7403
Al9Ca1Co2,0.0
N2O14S3,1.4883
Al1Nd1Pt1,0.0
B6Co21Ga2,0.0
Al1Rh1U1,0.0
Cu2Si2Yb1,0.0
Cl6Rb2Te1,2.6925
Co1Cr2Se4,1.2548
Li1Mo2O8Y1,3.2283
Cu4Ho3Sn4,0.0
Ag3Au1Te2,0.578
C1Ga1Mo4S8,0.0
S7Sb4Sn1,0.7638
Al1B1Mg1O4,6.0053
Ho2Pt1,0.0
Er1Pd2Sn1,0.0
B6Co21Re2,0.0
Fe1Ga12Ho4,0.0
Co7W6,0.0
C1Cu1H6N2O3,1.6473
Ca5O14Te3,1.6844
Ga3Ni5,0.0
S3Tl2Zr1,0.8898
Al2H12O15Se3,4.7702
Ge2W1,0.0
Hg1P14Sn1,1.2101
Co1Dy1Ga5,0.0
K2Mn1O6Se2,3.7297
Pr1Rb1Se2,1.6561
B6H6K2,5.0161
H8Mo1N2S4,1.6739
C1Ca10O27P6,5.1141
Cd1H10N4O8S2,4.3907
Mn1Na2O7P2,3.8745
Bi1Ho1Pt1,0.0
Al2Cl1H6Li1O6,5.1327
Cu1F1Nb1O3,1.6992
La1Pt1,0.0
Co1Pt1,0.0
Cr1F7Rb3,0.779
Ni16Sc6Si7,0.0
As3Ca1,0.0
B6Ni21Sn2,0.0
Na2Se2,0.4812
B2Cr1Rh5Sc2,0.0
B4Dy1Ru4,0.0
Ca2N3V1,1.7797
Ge4La5,0.0
K19.235,0.0
C1F1La1O3,4.6833
Fe4P1,0.0
Ca1Ga1H1Sn1,0.2725
Cr1Cs1Li1O4,3.1632
Fe1Ga8Tb2,0.0
Al8Cr4Nd1,0.0
Br3F6Sb1Se1,2.6047
Hf5K4O12,3.325
Cu2Eu1Sn2,0.0
H1Mo1,0.0
O4Sc1V1,2.7393
Gd1P2Ru2,0.0
Pb2Se4Si1,1.7197
Cu1Dy1Ge1,0.0
Ir1Si1Y1,0.0
In2Mn1S4,1.7028
La1Mg12,0.0
Cu2Pr1Sn2,0.0
Fe1Sb2Y6,0.0
Cr1La1Sb3,0.0
Hg2Pt1,0.0
Al1C1V2,0.0
As1Ni1Rh1,0.0
Al2Au2U1,0.0
Er4Ge6Os7,0.0
Na2Sn4Sr1,0.0
Ba1Mn2O8,0.591
Rh5Ti3,0.0
H10O8S1,5.5003
Ge13Ru4Tb3,0.0
Ni2Sb2Tb1,0.0
Ir2Zn11,0.0
Li1Si1Y1,0.0
Cu2Ga1La1O7Sr2,0.0
Er1Ge1Ir1,0.0
Cu2In1La1,0.0
Co2Na7O6Rb1,0.4189
Ni1O6Pt1Sr3,2.7308
Cu4Sn2Sr1,0.0
Cs1F3Hg1,0.7238
Cu1Dy2Ge6,0.0
Ag5Ba1,0.0
C1F3H2Na1O4S1,5.7503
Ba2Ga1Sb1Se5,1.7458
As1Mn1O4,0.3717
Ca1Fe5O7,0.4078
Ca1H1K3O8P2,4.9571
Ba2F4O3W1,3.7005
N2S2,3.0635
Al1Co2Ti1,0.0
Cl6Mn1Rb2,0.6149
Cs6Ni1O8Si2,1.9069
Ni1O4S1,0.3873
Cs1F4V1,0.0
Pu1Si2,0.0
H4K2Zn1,4.1943
C2Cl2Hg3N4,1.7536
Li1Mg1Pd1Sn1,0.0
H2Li1O4P1,5.5878
Ir4Sc5Si10,0.0
Ge1K3S3,2.3646
Re4S4Te4,0.1508
B10Ho3Ni19,0.0
Br6H12Mg1O6Zn2,3.9054
Cu1O1P1U1,0.0
O2Rb2Zn1,1.7442
Bi1In2,0.0
H2Mn1O2,1.8398
H12Mg1O10P1Rb1,4.8003
Au2Y1,0.0
In2Pd1Sr1,0.0
Al2Fe1S4,1.5745
Al3Bi5Cl12,1.8173
Ge4N6Sr11,0.1755
Ba1Fe4Sb12,0.0
Rh1Sb3,0.0
Ba6Nb8O30Ti2,2.1723
F3K3N3O9Sb1,3.08
La5Pb4,0.0
Cu2Mg1O3,0.1395
Fe4Nd1Sb12,0.0
F2Gd2Mg1Na2O12Si4,4.9034
I6Pt2,0.3508
K2O4Si1Zn1,3.8824
Ce1O8Zr3,2.4279
La3Ni1,0.0
Cl2O3Se1Zn2,4.0511
Fe3N1Pt1,0.0
Ge2Mn2Tb1,0.0
H7Mg3Tc1,2.9768
O2Rb1Sc1,3.5536
B1Rh3Tm1,0.0
Re3Ru1,0.0
Au2V1,0.0
Rh7Sb6Yb4,0.0
Bi3Mn4N1O15,1.0663
Br9Ta1Te1,2.2837
Co1P2W1,0.0
Ag1B1F4,4.8378
Cs1Cu3S2,2.0853
C1Co2Mn2,0.0
B4Dy1Re1,0.0
B10Co1Th2,0.0
Hg1O3Sn1,0.0
Fe6Ta7,0.0
Ce1Cu2,0.0
Hg1Sn1Yb1,0.0
Ca1Mn2P2,0.0
Br4S1W1,1.45
Rb1S2Sm1,0.0
Ag3I1N2O6,0.1759
K1O2Pr1,2.8507
B10Ni1Th2,0.0
Br4Cu1H12N2O2,0.0
Cr1Fe2,0.0
C2Cr3,0.0
Ce1Ge2Mn2,0.0
Co2Er1Ge2,0.0
Co1Zr1,0.0
Cl6In1Na3,3.8789
As4Cu1H10O16,0.0
As3Ca2,0.1546
Ce3Pd4Si4,0.0
C1Ge1H3N1O1,4.9944
Ag1Gd1Ge1,0.0
Ag2La2O10Ti3,2.3432
Er3Ni1Si3,0.0
B1H5Li1N1,4.128
Cs1I14Zr6,0.0
Al4Cu9,0.0
Cu1O4W1,0.0
Ga1Ir1,0.0
Mn1O3Se1,3.2622
Mg1Ni6Si6,0.0
Ca2In1,0.0
Ca5Cl1O12P3,5.3039
Co2Cr1In1,0.0
Os1Si1Ti1,0.0
B6Co3Ho4,0.0
B4Er1Mo1,0.3328
Eu1Ge1Pt1,0.0
F1H1Mg1O1,4.7218
C1K1Li1O3,4.5879
Cd1H4Mg1N4O10,2.5708
B2Gd1Ru2,0.0
Na6Se7Si2,2.1746
B2Ca1,0.0
Dy3Fe1Ga1S7,1.8142
Rh3Se8,0.0
Lu1Ni1Sn1,0.0
As1Rb1,0.5881
Al1Ca1H1Si1,0.3677
Nb5Ni1,0.0
Mo1Ni1P8,0.0
Fe1Na4O4,0.5885
Ho2S4Zn1,2.4036
In5La1Rh1,0.0
In2O5Ti1,1.9759
Li2Ni1O8W2,3.0546
Br8Ge38P8,1.409
C2F6O3,4.3607
Co1Cu2S4Sn1,0.6466
As1Cu1Se2,0.3278
K2Mo1S4,1.5154
Si1Te2,0.0
S1Tl1,0.0
C1O3Rb2,3.4407
Cu5Na8O10,0.3723
Ca2Cd2K1Sb3,0.0995
Cr1Nd1O4,0.1268
In1Ni4U1,0.0
Co1Ge2Yb1,0.0
H6W1,0.0
Pb3Tb5,0.0
N8Si6Sr1,3.207
Cu1Se7Si1Y3,1.5866
H5K3O14P4,5.3012
Ag1As1S1,0.1697
Cl3Nd1O12,2.3121
Cr2Nb2Se10,0.0
Cr1Cs1F4,2.6292
F7I1Xe1,3.0673
Hg2O4W1,1.9385
Tb5Tl3,0.0
Li1Mo1O4Rb1,0.8309
Cd1K2Se4Sn1,1.5659999999999998
Au1K1Na2O2,2.182
Mn1Na1O4Rb2,1.893
Al1Ca3N3,2.4537
Rh3Sb4U3,0.0
C4H7K1O10,3.3033
B3Cs1H8,5.9689
C6Eu1,0.0
Au2Cs1F7,2.2824
Bi2Fe2Ga2O9,2.3862
Ni4Zn1Zr1,0.0
Bi3Th5,0.0
Cl1N1Ti1,1.2177
Dy2O13Te5,2.9919
Na2O8S2,3.5316
Ba1O13Ti6,2.9205
S1Ti2,0.0
Cu2Dy1In3,0.0
C1H6N3O4Re1,3.7521
Ni2P2Tm1,0.0
Ba1Fe2S4,0.3508
Ce1Fe1Sb2,0.0
Rh2Yb1,0.0
Ba1Cd1Sb2,0.0
O1S1U1,0.4711
La1Rh2Sn4,0.0
Al1Dy1Zn1,0.0
Na1Nd1Se2,1.7557
Co23Zr6,0.0
C1Zn3Zr3,0.0
Al1Ba1La1O4,4.3891
Cr1Hg5O5S2,1.7359
Ce1Ru1Si2,0.0
Dy2In16Pt7,0.0
Bi3S1Te2,0.0
Ru2Si2U1,0.0
Na5O5V1,2.2598
Cd1F6Tb1,0.0
Ga5Y3,0.0
C2Cl2F1H13O8,1.1168
Se2Tl1Y1,1.2319
F4Fe1Rb1,2.8086
Ge3Pt2,0.0
Na4O4Si1,3.2589
Cu1N2Ta1,0.8972
O7S1Te2,3.2724
Al3Gd1,0.0
Na4O9Si3Sr1,4.1184
K4Pb9,0.2578
Sr3Tl5,0.0
K1S4Si1Y1,2.8195
Pt2Sc1Sn1,0.0
Eu1In1Pt4,0.0
B2Ir3La1,0.0
Ho16Mg24Zn122,0.0
F1Mg2N1,2.112
Bi3F6N1,2.7938
Br2C12H36P4Tc1,0.0
Ce1Ni1Sn1,0.0
Ho2Ni2Sn1,0.0
B3O9Rb1Zn4,3.3923
Ir1Yb1,0.0
Na2Pd1S2,1.2723
Co1Mo1P2,0.0
Dy4Ga12Pd1,0.0
Br3Hg3Sb2Tl1,0.6429
Li7O6Sb1,3.5043
Cr3N1P1,0.0
Cu1Dy1Pb1,0.0
Ca1Pd1,0.0
Mn1Na2O8S2,0.0
Cl12Mo1Te2,0.7458
C8Ca1H16K2O24Zr1,3.0768
H2Pd1Zr2,0.0
C1In1Sc2,0.0
H3La1O12Se3,0.624
S1Sc1,0.0
Cs2Ge2Se5,1.588
Au3Ca2In4,0.0
C1Ho5Si3,0.0
C1Si1Ti2,0.0
Co7Ge6Sc4,0.0
C1O3Sr1,4.4409
Ga5Rh1U1,0.0
Ba2Mg1O6Re1,0.0
Li1O5P1V1,1.3582
Li10O10Pb1Si2,2.9618
Ba1Pb3,0.0
Er1K1Te2,1.3333
C4F1H12O5Re1,3.0392
Ba2Cu3P4,0.0
Pr3Pt3Sb4,0.0
Cl1Nb1O8Pb2Se2,2.6381
Ga0.5N0.5O0.5Zn0.5,0.8537
Ca2O20Si8Th1,4.9168
Fe1Nb2O6,2.1218
As2Cd1,0.2188
Cu1P1Zr4,0.0
Co1Ge2,0.0
In1Rh1Y1,0.0
Au1Sb2U1,0.0
Cr2K1O8Tb1,2.7185
Au1Mg1Yb1,0.0
Ho5Ni2Sb1,0.0
Ag2Eu3,0.0
Ge1O7P2,3.7857
Ca1F6Ga1Li1,6.5057
F6K1Rb2Ti1,0.0
Ce1Pd1,0.0
Cl4Cr1Li2,2.4659
F1K1O4S1Sn1,3.8439
Co1Ge1Mn1,0.0
Mn3O2Sb2Sr2,0.0
Al2B2Ru3,0.0
B4Ni1Y1,0.0
Bi1P2S7Tl1,2.2209
Nb1Zn2,0.0
Al4Au1Er1Ge2,0.0
Eu4I6O1,2.9496
Ce1Cr1O3,1.7738
Bi1Lu1,0.0
C1Mn3W3,0.0
Ca1Te1,1.5517
Cu6Sn5Yb3,0.0
Ba1Ge3O9Sn1,2.7001
Cl3Sc1,4.2628
Gd2In1Pd2,0.0
Ge2Sr1,0.3574
Ge1Pd1Zr1,0.0
Au1In1Yb1,0.0
Ba1O2.8V1,0.8744
Cl10Dy6O12Si4,4.7355
Au1Cd1Sb1,0.0
Cu5O4Rb3,1.7401
Hg1Tl1,0.0
Ce1Sb2,0.0
La1Zn13,0.0
Se6,1.5521
Ca3O7Si2,4.6225
F3Fe1Na1,2.6817
Nd4Sb3,0.0
Ce1Co2Si2,0.0
B4Ru1Y1,0.0
H4Hg2O9P2,1.9155
Au2Si2Th1,0.0
Cl16Re4S4Te4,2.3956
Ba7Br2O15Ru4,0.0
Li2Pr1Sb2,0.0
O5Te1Tl1V1,2.318
Li1Ni1O8Rb5Si2,2.9915
Ag6O2,0.0
Mg2O7V2,2.6844
B2Dy1,0.0
Cl1H4N1O4,5.2671
I4Nb4Te17,0.9892
Al1Ca2F9Pb1,5.7782
Al5Rh2,0.0
Cu1F24Sb2Xe6,0.0
Cl2Fe2O4Sr3,0.0
S8,0.0
I6Pb1Tl4,2.2925
Cd1Co1Ho4,0.0
F3Ni1,1.2218
In1Na3O8P2,3.3927
Co2O8Te3,3.1982
Ba2La1O6Ta1,3.6791
Na2O2Zn1,1.9566
La1Na1O4Ti1,3.1275
Al1Er2,0.0
Al9Ir2,0.0
Dy4Ga1S9Sb1,2.2148
Mn2P2Sr1,0.0
H6K2Li1N3,2.0764
O7Sb2Sr2,1.3668
Ni1Sn1Th1,0.1326
Eu1K4P2S8,0.6297
Er1Pd2Si1,0.0
Co1Fe2Ga1,0.0
Br3C3H9N1P1,2.6536
Nb2Ni2Te4,0.0
Cr8O21,1.5619999999999998
Au1V3,0.0
O7Os1Tb3,1.3030000000000002
Co1Ge1Nd1,0.0
As1Ta1,0.0
Al1Mo3,0.0
Ba1K1P1S4,2.321
Eu1Mn2P2,0.0
Cd1Ga1Nd1,0.0
F3Sb1,4.4925
Pt2Yb5,0.0
Ga1N1V3,0.0
Cr1Eu1Ge1O5,0.0
Ga2Se3,1.0592
Mn2O7Sc2,1.0503
Mo3Si2,0.0
Dy2S4Sr1,1.7934
Rh1Ti2,0.0
C15Re5Tb12,0.0
Ba2Cu1Hg1O5Tl1,0.0
N2Zr1,0.0
La1Pt1Si2,0.0
Re1Ti1,0.0
Fe3H28O30S4,0.3720000000000001
Ba1Ni4O8,0.6098
As1Ca1H1Ni1O5,2.5379
Al1F4Na1,6.6561
Dy1In1Zn1,0.0
Ba1Mo4O16Yb2,0.0
Ga1Sn2V2,0.0
Li1Na1O4S1,5.5321
H54Li4N18P14,2.125
Al2Er3,0.0
Cd2Sb2Yb1,0.099
C1H3Li1O3,4.8684
Au1C2K1,2.4192
Cl3Tc1,0.1137
Cu1K2O12P4,2.2828
La3Zn22,0.0
Nb1Os1Te4,0.0
F4H1Mn1Na2O3P1,3.2477
Au1Na3S2,2.3693
H1K1O3Si1,4.735
Co1F6K1Rb2,0.0
Ca1Cs2F4,6.0682
Br5Pr2,0.3852
Be1Cr1La3S7,1.1183
N6Nb5,0.0
I1Li6P1S5,2.2863
Ca1Ge2Ir2,0.0
I15La10Os2,0.0
C1H4Ho2O7,5.0027
C1Cl1H5N1O3P1Zn1,4.9878
Bi2I1O4Pr1,1.2759
Cl6Hf1Se4,1.3116
Cl2S1,2.1038
Cu4Gd1In1,0.0
F6Li1Rh1,0.0
Ce2Pd9Sb3,0.0
C1Nd3Pb1,0.0
Ge1Pt3,0.0
Ni2P2Yb1,0.0
Co1K1O2,1.0851
Ga5Mn2,0.0
As1Hf2,0.0
C1H5N1O3,5.1585
Hf1O0.1667,0.0
Rh3Y7,0.0
Hg1K2O2,2.0773
Co12P7Tb2,0.0
O6Sr2Ta1Y1,3.9588
Er2In1,0.0
Nb2O6Sr1,2.9488
Bi2Ca4O1,0.8198
B4Ir4La1,0.0
Mo15Se19,0.0
Al1F16Rb2Tb3,0.0
Ho1P2Ru2,0.0
C1Sn1Y3,0.0
Pr1S2,0.2917
Cu1Fe2S3,0.0
Ge4Hf3Ni4,0.0
Fe1Hf1Si2,0.0
Ba1P4Te2,1.1749
B1Ge3Ta5,0.0
Cl4O16Ti1,3.3101
C2Cl1F2H1O1S1,3.6819
As3Cl1O9Pb5,2.0179
C4Y3,0.0
Ce1Rh1Si2,0.0
Bi1C9Ir3O9,2.5815
Se1Te1U1,0.0
As2Ba1Ge2,0.0
K2Mn1Se2,1.9597
Cd1O6Pt3,0.5795
Cr1O4Sr2,0.0
Ga1H4Li1,4.6052
Bi2Se2,0.0
I2O1Sr2,3.2799
H6O10P2Zr1,4.4105
C2Cl5La4,0.0
Cu2Ho2O5,1.5083
Cr1F6Na1,1.4593
Ni1U6,0.0
Cl2Cr3F6K2,2.2385
Ag1K2S4Ta1,2.3393
Ca1H3Na1,3.3059
Rh3Ta1,0.0
Ba2Cu4O8Y1,0.0
Li14O14Rb2Tb3,0.0
Ba2Li3N4Ta1,2.3941
La4O4Se3,1.4444
Li6Mn2N6Sr2,0.5549
Co1Er1Ge2,0.0
Rb2S1,1.959
Ba1Na2,0.0
La1Mn1O1Sb1,0.0
Ag1F1Se1Sr1,1.3964
C2Er1Ni1,0.0
Li2O4Te1,2.2707
B4Re1Y1,0.0
B4Mo2,0.0
H4N1O8V3,2.0235
F12P4Pt1,4.9912
Ge6Ir7Tm4,0.0
Er1Ge1Na1O4,3.5756
Mg4Nb2O9,3.7637
O5P1W1,0.0
Mn1O6V2,1.8753
Au5Eu1,0.0
Au1Ge1Ho1,0.0
Cr2Nb4Si5,0.0
Na1Pr1Te2,0.0
K1La1Na1Nb1O5,3.4031
In2Mg5,0.0
Sm1Te3,0.0
Pd1Sc2,0.0
O4Pb1Se1,2.6324
Gd2Mo2O7,0.0
Cu1Na2O10Si4,2.3272
Cl3K1Ti1,1.6826
Li0.33Se2Ti1,0.0
As1Pr1,0.0
S3Sr1,1.0649
As2C12H36Si4Zn1,2.7605
C1Tc1,0.0
K1O7Sb1Zn4,1.5722
Li1Sn1Y1,0.0
C4K1N4Tl1,5.4229
Eu1Hg2,0.0
H5N5Na2O12Ru1,1.959
Au2Cs2Se3,1.5135
Dy1Pt1Sb1,0.2269
Br6O1Sr4,4.229
Ge30In16K8,0.0
H9K2Re1,5.2155
Co2Mn1Sb1,0.0
Cu2O7Sr2Tl1Y1,0.0
As2Au1K5,0.3667
Dy1Pb1Pd1,0.0
B6Ru1Tb2,0.0
H2K1O3P1S1,4.5252
Ba1Nb7O9,0.0
La1Ni1Si1,0.0
Co1Dy1Sn1,0.0
Ca7N9Nb1Si2,2.061
Fe1Sc6Te2,0.0
Li1Na1Se1,2.4681
Cu3K3S7Th2,1.2905
Ag2Ba1Hg2O4,1.7831
Cr5Rb1Se8,0.871
C4N4Pd1Zn1,4.7248
C1Co1O3,3.1395
Ga2Ni6Tb3,0.0
Ge2Li1N3,2.6957
Ag1F6Pd1,1.3395
Au2Eu1Ge2,0.0
B8Cu1Ho2O16,0.0
C1Cl1Hg1N1S1,2.4443
C2K2Mg1O6,4.0391
Be3F12K2Mn2,4.5346
Ge1O4Th1,3.7576
Ag8S6Sn1,0.5904
Co2U1,0.0
Pr1Pt2Si2,0.0
Cs6Ge2Se6,1.5812
Al1I4Na1,3.4221
Cd2Hg1,0.0
Cu3Ho2K1Se5,1.2729
Cu1In3K2Se6,0.988
H4.001N1.667Rb1,2.1076
Al1C3H10N1,4.7605
As4I1K1O6,2.3589
Er3Pt1,0.0
Cd1K2Sb2Sr1,0.3567
Ag2Y1,0.0
Cl6S8W1,0.6954
Ca7Sn6,0.0
Br3Cs1Cu1,0.3357
B2Be2Ca1F1Na1O6,5.008
Br7S1Ta3,0.9542
Au1Er1,0.0
Ag1Bi1O3,0.0
Co1Sc1Sn1,0.0
Ge1I3Tl1,1.8976
Ag1La1,0.0
Br8Hg2Pd1Rb2,1.9634
Au1Ca3N1,0.0
Cr1Hf1Si1,0.0
Sc1Zn1,0.0
C3Ni10W3,0.0
Bi2Ge3O9,2.9809
Ag1As1F6N16O8S16,1.8788
Ir1Nd1P1,0.0
Ag1H4N1S4W1,1.91
F5H2Mn1O1Tl2,1.4961
Cu1Nd1O8W2,1.5738
Au2Sr1,0.0
Pt3Te4,0.0
C2F6H4Hg1O8S2,3.3949
Ni12P7Y2,0.0
As4Sr4Ti1,1.4628
Al1Ni1,0.0
Cd2O7V2,2.6192
F6K2Pd1,2.5425
Ca5F1O12V3,3.8438
Ni1O10Te2V2,1.9008
B6H2Ho4O16,5.255
F2O4Rb1S1Sb1,4.6754
K2P2Pd1S6,1.4409999999999998
Cr1Ni2,0.0
Ba1Cu1Er1Se3,1.0964
Br2P4Se3,2.2324
Li3Pb1,0.0
Ba1Bi2Pd2,0.0
I1Ta1Te4,0.4188
Li5O9P2V1,0.0
F5Fe1Rb2,3.4354
Er3Ga1O6,3.5672
Fe2I17La12,0.0
Al1F5H2K2O1,5.9783
Mo1O3Tl0.3,0.0
Co3La3O8,0.0
Cr2Er1Si2,0.0
Ni2Zr1,0.0
Eu1Ge1Sc1,0.0
Ge8Na6Pt8,0.0
F2Mn3O4Si1,2.1603
Br2Ga6Li8O24Si6,4.0245
C10H18N2O10Rh2,2.9343
Be1F4Yb1,1.9832
Br1Hf1N1,1.8906
I2Zr1,0.2706
Bi1K3O3,2.9960000000000004
Mg1Tb2,0.0
C3Ir5,0.0
Ge4K4Se10,1.7829
K1S2Sb1,1.5881
Bi1La1,0.0
Ge1Pt1Yb1,0.0
Ho2In1Ni2,0.0
Er6Ga1Ni2,0.0
Mg1O13Te6,2.9812
Ga1Te2Tl1,0.4677
Au1Ge1Li2,0.0
Cu1Gd1S2,0.0
Ir1La1Si3,0.0
Cl12Mo1Se2,1.0021
Al2Cl8V1,3.2315
Au2Er2Sn1,0.0
Cu1Fe1O3S1Sr2,0.7659
Rh1Tb1Zn1,0.0
Al2Ba1Si2,0.0
Cu2Er1Ge2,0.0
Ag8Se6Sn1,0.1505
C2H9N3O3,3.4404
Nd1Ni1O2,0.0
Cu1Mn1O4V1,1.4132
Cs2H6N2P4,1.6855
Gd1Ni1Sb1,0.0879
Ga2S2Te1,2.0595
Nb1O4Y1,3.695
Ag1F3Rb1,0.6152
In8Nd2Pd1,0.0
H1K1O1,3.4792
Be1C4K2O8,3.3858
Ba3Cu1O9Sb2,0.0
C4H4Mo2O15Rb2,2.5911
Al3Ru2,0.0
I4Ta1,0.7512
Cr1Fe2Sn1,0.0
K2O3Ti1,3.7678
Ca1O24P6Sn4,2.9841
Si1Tm1,0.0
Co1Fe1O5P1,1.6656
Ce2Ni2Zn1,0.0
Er4In1Ir1,0.0
Ce1K2O8P2,2.0174
C4Cl17Gd10,0.1387
B4C2H8,4.9183
Co1S5U2,1.116
Ga1In1O7Zn4,1.7557
H1O5Rb5Si1,2.5961
B1Cu2H2Li1O10P2,2.023
C7Y4,0.0
C1Li1Na1O3,4.3108
Cr1F6H12N3O3,0.0
B2F3Gd3O6,5.355
I1O3Rb1,2.8443
Al5Ce1Pt3,0.0
Cr1I2O10Th1,2.7375
C1F3H5O5S1,6.1936
Al1La3S7V1,1.1635
Pr1Tl3,0.0
Gd2S3,0.424
Al1I4Tl1,3.4384
Ge6Ho4Ir7,0.0
Cl2Co1H12O6,4.3737
Sb2Ti1,0.0
Cs1Rb14Tl27,0.0
O8V3Zn1,1.7794
Br3O1Pa1,1.7521
Br1K3O1,0.8846
Er1Fe6Ge6,0.0
Ag1Bi1Eu1,0.0
C2F6H12N2Si1,6.79
Fe2Mn1Si1,0.0
B4Mn1Y1,0.0
B6Si1,0.0585
Mg5Rh2,0.0
As2Cu1Na4O8,1.8724
Cu1Ti2,0.0
Br1Na1O3,4.4686
Ba1F8H6,7.5488
Co1Dy6Te2,0.0
Cl1Eu1O3Se1,0.2152
Nd1Pd1,0.0
C2Nd2W1,0.0
Ag1Ho1Pb1,0.0
Cu4K1Sb2,0.0
Cu5O10P2,0.9255
La1Lu1O3,4.8726
Ag1Bi1Cr2O8,1.8704
In2Ni1Tb1,0.0
O4Te1V1,2.042
C2N2Se2,2.2601
O18P6Ru2,1.8091
I4P2,1.9243
Ge1Hf2,0.0
Cl1Mo1O4Yb1,0.0
Ag2H6N2O6Pd1S2,2.3103
Ge1Mn1Pd1,0.0
Ba2Ge4S10,2.1630000000000003
F11Na1Zn1Zr2,5.8971
Au1Sn1Sr1,0.0
Ba1Co1Nd2S5,1.1782
Cu3Dy3Sb4,0.2605
Ba6N6O1Os2,0.0
Cu1Ge1Se7Y3,1.1728
Cu1Pr1,0.0
Fe1Si1Y1,0.0
Cr6Ge6Ho1,0.0
Er6I10Ni1,0.5337
Au3Yb1,0.0
O6Te2Th1,1.4207
Ag1Ce1Cu5,0.0
Cl5N3O1P2S1,4.01
Ba1N10Si7,3.9161
B1F7Sn2,4.3789
Ag1Ba1P1,0.4031
Cu5Dy1,0.0
Co2O4Rb5,1.306
F4Li1Sc1,6.5574
K2O8Rb1Tb1V2,3.3951
Cu10Zr7,0.0
N2O2,0.0
C1Mn3Sn1,0.0
Al3C3Y1,0.0
Ba1Ca1Ge1,0.1603
Al2C6H22O2Si2,5.0333
Li1Na1Te1,2.2994
O7P2Sn2,3.5491
K2O8S2Zn1,4.0378
Al1Ni1S7Y3,1.6285
Ca2S5Sb2,1.4451
Ca1Cu1Ge1,0.0
In1Rh2U2,0.0
Pd4Y3,0.0
K1Nd1O3Pd1,1.2235
Al5Ce1Ni2,0.0
Lu1Ni1Pb1,0.0
Ba1Fe2O14P4,2.3223
O8Rb2V3,1.8875
Fe2Yb1,0.0
Al2Dy3,0.0
C12Cl2H36P4W1,0.0
Cr1Pt3,0.0
Ba1Cu13,0.0
F7K1Yb2,0.442
F6K2Mo1Na1,3.2818
Ho1Ni1Sb1,0.08
Ag1S2Sb1,1.3718
C2Cl1H5O1,5.2084
As1Zr3,0.0
Co4Sn13Tb3,0.0
In1K1O8W2,4.4663
Be6Fe8O24Si6Te2,0.0
Hf1Mn1Si2,0.0
Pt8Ti1,0.0
Cu1O4P1Rb1,0.0
Ge4Ho5,0.0
Eu1Li1P1Se4,1.0638
Cl1In5S5,1.2531
Cs1Cu2Ta1Te4,0.0
Ni1Se3U1,0.0
Ga1Li1S2,3.0303
Ge2Ni2Yb1,0.0
F1La3Mo4O16,3.4861
As2Cu2O7,1.0647
Ru2Sm1,0.0
Be1F4H6N2,7.023
Ag1Ni1O2,0.0
Fe2K1Te2,0.0
S3Sn1Tl2,0.746
H10N4O4S1,5.129
As1Ta2,0.0
C1Cl2H9N5,4.6758
Ni1Ti2,0.0
Hg1K1,0.0
Ni2Sb1Zr1,0.0
Cu3H4O8S1,1.3752
As1Tl1,0.0
C2F4Te2,1.6583
Li2O3Sn1,2.6655
Nd2Zn17,0.0
In1Mg3,0.0
Ge1Pr1Ti1,0.0
Ir1Sb1Te1,0.6609999999999999
H6Na4Ru1,2.6815
Ba1N2O6,3.5979
Cd1Cu4Ho1,0.0
Er2Sn5,0.0
Cl3Cu1Rb2,2.6209
Cl1Li1O4,5.7527
Al1Cl7Se1,0.6498
Ca5Ir1,0.0
Cs1O8Sb1V2,2.6618
Co6Ge6Mg1,0.0
C1Cl1F3O3S1,4.6043
Ba5Br6O4Si1,4.2574
Cs1F3Yb1,1.7844
Al7Co1Cu2,0.0
Pu3Sn1,0.0
Ge2La1Pt2,0.0
Hf2Ni2Sn1,0.0
Al2Sn2Sr3,0.0
Cu1K1Te1,0.8173
As1Li3,0.6375
Be2F7H4Li2N1,6.9592
H12N9P3,4.5967
As2Ni2O6Sc2Sr4,0.0
C1Eu2N2O2,0.0
Ho1Mg1Sn1,0.0
Co1Ge1Na2O4,1.8961
Hf1Se3,0.2577
As2Nd1,0.0316
Ca5Cl1O12V3,3.7067
Rh1Sb1Se1,0.6407
Os4Si12Y3,0.0
Cu1O5Ti1Zr1,0.0
Fe1Na1O8S2,1.9751
C2Tb1W1,0.0
Ir3Sb4U3,0.0
Ba1Li1Sb1,0.6953
Eu3Ga1O6,0.488
B2Co2Nd1,0.0
I4Nb4Se4,0.0
K3O4Pt2,0.0914
Ag2Ge1In2S6,1.3795
Bi2O9Si3,3.612
Dy1Ga4Ni1,0.0
Cu1F8Fe2H4O2,2.5631
B4Rh5,0.0
Mg1Pd1Yb1,0.0
Mn1Sn1Ti2,0.0
Ba1O14P4Ti2,2.9727
Ce1Co1Ge3,0.0
B3O6Pr1,4.2958
Au1Ce1Zn1,0.0
Co6Er7Sn23,0.0
Mn1O3Sr1,0.8325
Cu1Er2Ge4O12,2.1857
F6Ti1Tl2,4.3814
Ca1H10O8Zn2,3.827
As6Mg4Rh7,0.0
Pt2Te3,0.0
La1Ru1Si2,0.0
C1Fe3V3,0.0
Fe2H2Mo2O14Se2,2.1488
Cu1Er1Sn1,0.0
Al2Ca2O9Sn2,2.4409
Cs2O3Pr1,1.62
Au1Dy1Ge1,0.0
Cu1Fe1O5P1,1.7137
Al1Ca2F7,7.1338
I1La1,0.0
B2Cl4,2.9135
Al2Pd5Y1,0.0
C2H6N4O1,4.6273
La3Mn4Sn4,0.0
Gd3Ni1,0.0
B3Li2O13Yb5,0.0
Ga1Li1O8W2,3.176
Cu1F6H8O4Si1,0.0
B1C4K1N4,6.2185
Cd1Mg1,0.0
Si4Y5,0.0
C6O6V1,0.5156
Er3Ge13Ru4,0.0
Dy3F1O12Se4,3.756
Ba1P3,0.5636
Bi1Lu1Ni1,0.0
O4Pr1V1,2.7237
Ni1O6Sr2Te1,1.9323
Cu9Si4Sr1,0.0
K2O4Ru1,1.2694
H4Na2O7Te2,3.6908
Nb1Pd3,0.0
As3Ca2Cl1O12Pb3,3.4436
Cr1S17U8,0.0
Cd1Cu2Gd2,0.0
Mo2S4V1,0.0
O4Pd3Tl1,1.8488
Au1I1,2.2852
Ba2Cu2Eu2O11Ti2,0.0
Nd1Rh1Sn1,0.0
Ba1Pd2,0.0
F7Rb3Ti1,3.5048
Br1N1Zr1,1.4569
Co1Sn1Th1,0.0
C2H6Ni1O6,3.7405
Ge2Na6S7,2.4305
Bi4Ce3Pt3,0.332
B4Os1Yb1,0.0
Na4O3Sn1,1.9812
Ag1Fe1O6Se2,2.2088
Ba3Br2O8Te3,3.2859
Bi2Ca1Mg2,0.4614
Ge2Rb4S6,2.2315
Cu1Er1Ge1,0.0
F1Li1N3Sr2Ta1,2.8989
Ca3Ga4Ni4,0.0
Au1Br4H4Na1O2,0.9273
B6Ba3O12,4.7683
C2Cl4H12N6Pd1,2.4514
F1Fe1O4S1,2.125
Ga3Ho5,0.0
Al1Hf1Pt2,0.0
F1O12Pb5V3,2.8175
F6Na2Ti1,5.1370000000000005
K1Li1Mn1O2,1.1924
Cs2Mn1O4,0.6023
C2Ce1Co1,0.0
H2O6P2Rb1V1,2.0463
Ce1Mg3,0.0
Ag1Ba1La1Se3,1.5307
K4Na2O6Te1,2.1164
O9V5,0.6508
Br6Na3Y1,4.2561
Cs1H1O7Si3,4.8355
Cl4Gd2S1,2.1759
Ge2O7Tb2,3.6736
Cl18In4Ta6,1.2425
Na2Se3Te1,1.1781
Au3F12La1,2.57
Ca4O6Pt1,2.6710000000000003
Ba3Nb2O8,4.4613
Co1Ge2Nd1,0.0
Co16Ge7Hf6,0.0
Cd1O6P2,4.0161
Br2Dy1,0.0
Ga2La1Ni1,0.0
S9Sb4Sr3,1.0024
Ba1O5Ti2,2.2098
Ce1Ge4Rh6,0.0
H2Li1N3O1,3.7313
P4S6,2.3095
C4K2N4Zn1,6.0824
C1N2Sr1,3.6077
Br6Nb2Te2,1.8747
Cl6O3Si3,5.5696
Au3Ca1Ga1,0.0
As2Er1Ni4,0.0
Ba1Mn2O5Pr1,0.0
In2P2Sr1,0.2356
Ba2Fe4Nd2O11,1.7378
B1Rh2,0.0
Be2Ca1O8P2,2.4765
Co1H6N1O5P1,3.7901
Co1Li1O9P3,4.2157
Ni23Zr6,0.0
Be6Ge6Mn8O24Se2,2.255
Ba1Cu1F7Fe1,2.2412
Cl4K2O2Os1,2.2654
Ba1Cu2Ge1S4,1.3203
Er1Ni1Sn2,0.0
Ni3Sn4U3,0.0
Nb5Se8Sr1,0.0
Co3In1S2Sn1,0.0
O5Pb2S1,3.1341
Au2Ti1,0.0
Mo1S1Sb2,0.0
Pd1Zn1,0.0
Ca5Hg3,0.0
Sn1Ti2,0.0
O8P2Rb1W1,2.3156
Hg4S6Si1,0.4344
B4Ba5F2O10,4.5061
Al6Br2Ge6Na8O24,3.8233
Be1Cs2F4,6.7019
Al12Re1,0.0
As3Rb1Zn4,0.2386
B2Ga6Ge6H8Na8O24,3.5444
H10Mg1O10Se2,4.7355
Ce1Mg1Zn2,0.0
Na2O9Te3Zn2,3.2338
Co4Hf2P3,0.0
Na1O4V2,0.0
H4Na2O8Se2,4.087
Co2Fe1Ge1,0.0
F12Hf3O1Rb2,6.2638
Cu1Gd1Sn1,0.0
Co2O14P4Si1,4.1988
Pd8Sb3,0.0
O9Ta2Te2,3.3348
Cu3I3P4S3,1.7217
C1H4Na4O9P2,2.1347
F5Ga1H4Mn1O2,3.5076
F5K2Y1,6.7979
Mo1O5U1,1.2261
C2Re1Y2,0.0
F11Na1Pd1Zr2,3.1189
O1Pb2,0.0
Ce1Mg2,0.0
As4Na8Ti1,1.0531
B4Hg1O7,1.7894
Be2Cu1,0.0
Te4Ti3,0.0
Cs1Cu1Se4,1.1668
B2Pd7Y1,0.0
Na1O3,0.5441
O11Sr1V6,0.0
Ba1Ge4O9,3.0076
Ba2Mo1Ni1O6,2.2815
Nb2O8Zn3,3.5821
Ba1P2Zn2,0.0
Ca1Pt1Sn1,0.0
I2Na4O1,2.2747
Cu1K1Se3Zr1,0.3441
Pd2Tl1,0.0
F8Li4Zr1,5.9495
Ho3Ir1,0.0
H8Ni1O12Re2,2.7739
Al2P4Sr3,1.3332
Bi2I1O4Yb1,0.0
Na1O8Pr1Se2,2.9041
Au3Cu1,0.0
Cl9Cr2Cs3,2.6377
Ge2Pt3,0.0
Ca2Fe2H1O15Si5,1.2515
Gd1Sn4Ti6,0.0
Al1Co3,0.0
Pr5Sb3,0.0
Ba1Cl2H2O1,5.1177
O3Rb1V1,3.0566
Li1O3V1,2.7705
Cl1Fe1N3O3,1.4676
Dy3Ga1O6,3.6261
Bi1Se2Tl1,0.2268
Cu1Ge2Hf1,0.0
Cd1Li2Pb1,0.0
Ga1Ni1Tb1,0.0
Ni2Ta1Te3,0.0
Os2Pr1Si2,0.0
C2Ca2Cl2H4O6,3.5186
O8Se1Te3,2.6401
K3O9S3Sb7,1.8341
N6Ni1O12Pb2,0.0
Ag5Cs1Te3,0.3686
B7Tb3W1,0.0
Au1Cs1Se3,1.0566
Cd1O3Te1,3.1032
B4Hf1Ir3,0.0
Pb2Pd3Te2,0.0
Al1Fe2Mn1,0.0
Al1C1H2Na1O5,5.0097
Er3Ru2,0.0
B1N3Ta2,0.0
Ag3Cs1Se5Tb2,1.4128
Ag1Li2Pb1,0.0
Ce1Co1Ge2,0.0
In1Nd1Zn1,0.0
Y1Zn12,0.0
Cu2Nb6S8,0.0
O9P2Th2,4.9839
Ru2Sb2Sr1,0.0
C0.88V1,0.0
In1Ni2Tb2,0.0
Al5Ni2Zr1,0.0
In1Lu2,0.0
Cu1K1O4P1,0.2664
Ca2Hg1,0.0
Re7Si6U4,0.0
Cu4Ho3Si4,0.0
Ca1Se5U2,0.4262
Ir1Lu1Sn1,0.0
Ga1La1Mg1,0.0
C3Fe1N1O4Tl1,2.622
O1.03Sc1,0.0
Al1Cu2Sc1,0.0
As1Ta3,0.0
Ni1Pb3Tb5,0.0
Cd1Cu2Yb5,0.0
Ba5Mg18Si13,0.0
Cl1N5S4,1.9766
Er1Se2Tl1,1.2215
C1H1Na1O3,4.8668
Mo5O8Sn1,0.0441
Ca1Ni3,0.0
Cs4P2Se10,1.4818
Cs2F6K1Mn1,0.0
H2Mn2O6S1,3.1028
Mg1Pt3,0.0
Cu4S4Ti1,1.6889
In1Pt2U2,0.0
Si4Zr5,0.0
Ho3O7Re1,0.93
Er1O9P3,5.7381
Cl5N4O1P3S1,2.6162
Ho1S2,0.0
Ga1Pd2Sc1,0.0
N2Na1Nb1,1.1427
Eu1K4P2Se8,0.353
I6Rb2Sn1,0.0
Hg3Na2S4,1.331
As1Nd1O4,3.4046
Sb3Yb5,0.0
Au2Pb1,0.0
O18Te4V4,2.0956
Se2Yb1,0.0
O5Ti1Y2,3.7917
Ba1F5Mn1,1.8441
Ge5Tb1,0.0
C1Er2N2O2,4.0124
Ag1F6Sn1,2.067
As2Ba4O1,0.6697
Er2Ge5Ru3,0.0
As11Rb3,1.4803
C2H7N7O6,2.1319
Cu1H12N2O12,0.0
B8Ru7Sr2,0.0
Nd2O12W3,3.7127
Ge1La1Ti1,0.0
Cl6H22O10Sn1,2.7337
Fe1H6O9P3,2.9023
O7Si2Sr1V1,2.8811
K4Se6Sn2,1.4409999999999998
La2Ni7,0.0
Ag2Br1N1O3,2.4024
Er2Re3Si5,0.0
In1Nb3,0.0
Ge1S4Sr2,2.2797
Rh4Sn13Sr3,0.0
Ge10Ir4Tb5,0.0
Cl3Rh1Te6,1.289
Ir1P1Pr1,0.0
Ba6N1Na16,0.0
Al1Ni4Zr5,0.0
Hg1Sr3,0.0
H2W1,0.0
Cd1H4Na2O10S2,4.0841
Ba1Dy2Ni1O5,1.979
Al2Co1Zr6,0.0
O6Rh1Sr4,0.0
Cu2La2Mg1,0.0
Mn1O3Yb1,0.0
B1C4Na1O8,3.5267
Al1Be1Na3O8Si2,4.3267
Ca1O4U1,2.7955
Al3Cu2,0.0
Ce4O4S3,1.3908
Al9Ba1Ni2,0.0
H6Na2Pt1,3.4738
K1Sb1,0.7395
Ba6F34Mg11,6.5437
Al9Co2Sr1,0.0
Cs1La1O12P4,5.2819
O4Pb1Si1Zn1,3.1627
O6Sb2W1,1.5272
Al1Li2Pd1,0.0
Cd1Ge1Sr1,0.0
Ba2Br2F10Pb4,3.28
Br2Ni5O12Se4,2.7646
Co16Hf6Si7,0.0
Ga1Ge2Na5,0.0
C1H4N1Na1O2,5.8384
Sb2Yb1,0.0
Cu1Hf1Na1Se3,0.5281
As2C12F12N12Zn1,4.0432
Bi2I1Te1,0.0
Al2Fe1Zr6,0.0
Ba2H3I1,2.1942
N2Ru1,0.0
C4H9N1O6Zn1,4.6461
C1I5Y4,0.0
Ag1Fe1O2,0.0
F6Li2Zr1,6.474
As2Ni2Sr1,0.0
Cu2Ni1Zn1,0.0
H2Mg1O5S1,5.4933
In2Li2S6Si1,2.1916
Sb3Se1Zr5,0.0
B12H20Li2O4,5.2468
H2Li2Mg1N2,2.3463
Al1Au1Eu1,0.0
F1O3S1Tl1,4.5506
Ge2N4Si1,1.6369
C2Cd1N2,6.142
In1O11P3Pb2,4.1015
B2Ir5Sc2V1,0.0
C4H12Mn1N10,2.9477
B4Ce1Co4,0.0
Br10Co1Tb6,0.0
B12Ce8Re13,0.0
Pt1Y1,0.0
Ir1Na2O3,0.0
Hg3O8P2,1.4112
Pd1Y1,0.0
Cl12N1Nb1P2,2.6206
B12Br1H12K3,4.8308
Na3O5Re1,2.5576
Ba2Cu3Gd1O7,0.0
In2Se1,0.0
Er1Pd1Si1,0.0
Ge1Hf3,0.0
Na2Tl2,0.0
Ag1O2Y1,2.5359
P2Se6Sn2,1.3238
Cs1Fe2Se3,0.0
Br1F3,2.1653
B4Ru4Y1,0.0
Cu2K2S4Th1,0.9219
O3Xe1,2.105
Al1Cu1Nd1,0.0
Nb1P1S1,0.0
Ag3Ni2O4,0.0
Au1Cr1Te4,0.0
Ca2Ge1,0.3218
Er1Pd1Sb1,0.0481
Nb5O30P7,2.8184
Cl3Cr1Cs1,0.0
Ag3In2O12P3,2.0095
I2Yb1,3.2536
Au2In1Th1,0.0
Ni2P2S6,1.2502
Ga1Ni1Zr1,0.0
Ca1Ge2O6Zn1,2.7041
Ge1Li1Mg2,0.0
Er5Pb3,0.0
O11P2W2,2.5562
Li6O6U1,3.1631
B12H12Sr1,5.9467
Ag1Ho1Se2,1.0248
Al1Dy2Ge2,0.0
Co2N1Nb4,0.0
Cd3K2Te4,1.4926
Na1O8Sb5,2.6962
Cr1Li1Mo2O8,2.6863
Os4Sc11,0.0
Dy2Fe17,0.0
Na6O5Pb1,1.1163
Cd45Ho11,0.0
Ni2Sn1Zr2,0.0
Mg2N1Na2O9P3,5.084
I1O5Rb3,1.8789
Cr1N2W1,0.0
Co2Si1V1,0.0
Br1Ho1Mo1O4,1.8426
Ge6Nd2Zn3,0.0
As1Na1O5V1,1.2952
C1Cr5Si3,0.0
As2Ge2Te5,0.3359
Ni1Ta5,0.0
Ag3P7Sn1,0.7281
Co1Ga1U1,0.0
O5P1Ta1,3.7387
Er3In1N1,0.0
F6Li3Sc1,7.0113
B2Ho1Ru1,0.0
C1Re2W3,0.0
F3Rb1Yb1,1.0937
Al1F5Fe1,3.9355
Bi2La1Li1,0.0
P2S6Zr1,1.5137
Cu1Hf0.5P1,0.0
La1Zn11,0.0
Fe3Pd1,0.0
Fe1O4V2,0.0
As2Ca2O7,3.3025
C2S2Zr4,0.0
Cl14Mo6Pb1,2.8981
C4F6O5,5.3098
Hf5Te4,0.0
Mn23Pr6,0.0
Ag1Na3O2,1.325
Cr1F4Sr1,0.0
B6Co21Nb2,0.0
C1O3Zn1,4.0912
Li2O4Si1Sr1,4.6593
Al1H24Li1Mg10,3.5922
Cl5K2N1Os1,2.2255
Ce1Fe2N12O24Tl5,0.911
As2Gd1Ni2,0.0
Al3Er2Si2,0.0
Cu1Er3S7Si1,1.9685
Ir1Li2Mg1,0.0
La1Os4Sb12,0.0
Ba7Cu1F34Fe6,2.5218
S7Y5,0.0
Hg1Pt2Se3,0.0
Er1Ir1Sn1,0.0
H4Li1N1O5S1,5.7096
Ho5Ni1Sb2,0.0
Ce1Mg5Ru2,0.0
Dy2Ga9Ru3,0.0
As2Cs2F8O2,3.7394
Hf1Mn6Sn6,0.0
F7Sb1Xe1,2.7731
Al4K12P8,0.7049
Mo3O12Rb2Se1,2.4778
Ba1O4Y2,3.2446
O6Pt3Zn1,0.5419
Li7Sn2,0.0
Ge2Re1Sc1,0.0
La2O9Se3,3.5341
F4O1U1,3.5858
Cd1Na2Sb2Yb1,0.322
O38P4W10,0.246
As1Fe1O1Tb1,0.0
Al12Mg17,0.0
Cd1F3K1,3.397
Be1Ca2O7Si2,4.9929
Cs4P2Pd1Se8,1.5318
Ir1K1Li6O6,0.0
C1Co1Lu1,0.0
Ca1Ga2P2,0.2093
Fe1La3O6,2.91
F6K2O3Ta2,4.0873
Al12O24Sr8Te2,2.8283
Cu1Sb2Y1,0.0
Ce2In1,0.0
K1Na1O6V2,3.2254
Pb1Sr1,0.0
C1H6N2S2,2.7058
Fe2Ga1V1,0.6983
Na2O7V2Zn1,3.3898
K6O7Ti2,3.3612
Ce1P2Pt4,0.0
Cl4F1Sb1,1.4273
F15Nb6,0.0
Al1Au1Gd1,0.0
N2Se1Th2,1.4568
P1Re4Zr9,0.0
Cu3F7Na1,1.7858
N2U1V1,0.0
B1Na1O2,4.1423
Cd1Lu1Ni4,0.0
Mo1Ni3,0.0
Ge5Y3,0.0
Bi1Er1Pt1,0.0
La1Ru2Si2,0.0
Cl6Cr1Na3,2.7698
Li3Pd1,0.0
Hf9P1Re4,0.0
Ni2Pr1Sb2,0.0
F6K2Tb1,0.0
C2Ca1H2O5,3.5384
Bi1Cu2O6P1,1.0711
As2F12Mn1,4.0658
Mg1O5Se2,3.0188
Fe1Hf8Te6,0.0
Sn1Yb2,0.0
Cs1K2O8P2Sc1,4.5133
Au2S1,1.9593
Al1Cu1,0.0
Al1Cr1Ni2,0.0
Cs2S3,1.3622
Cr1H15N2O11P2,0.0
Al2Mn1Te4,1.13
Ca3Ge3O12Y2,3.2159
Er1Ge1Ni1,0.0
Ag1Ba1F1Te1,1.7833
Bi2Mg3,0.0
Ce1Ge1Mn1,0.0
Mg2Pd1Sr1,0.0
Pt1Ti3,0.0
Ru1Si1Y1,0.0
Ge2Re1,0.0
P3Ti4,0.0
Cu3Eu1Mn4O12,0.0
B12H12K2,5.5216
La3Sn1,0.0
Cu2Ge1Mg1S4,1.0877
Ba2Nd1O6Sb1,0.0
Ce1Cu1Ge1,0.0
Ba1H8I2O12,0.7629
P3Sn4,0.0
Al6Cl2K8O24Si6,4.5701
Ge1Mn1Nb1,0.0
Nd1Ni1Si2,0.0
B1C4N4Na1,6.5165
Co1Eu1Ge3,0.0
Ho5Pt3,0.0
P4S5,2.4452
Er2Ru3Si5,0.0
Br1O3Tl1,3.5404
C6Cu1Fe1K2N6,1.5914
In9Pt13,0.0
As1Cu4K1S4,1.5744
Li1P5,1.2522
Cl1Cu1La1Nb2O7,1.1424
C1H1K1N2,3.8771
Cu1Ir1O6Sr3,0.5446
B6Co21Cr2,0.0
Pd2Pu1Si2,0.0
I6K2Te1,0.0
Al2Cl8Yb1,3.8359
P7Th1,0.0
Pu1Zn2,0.0
Ni1Sb1Se1,0.0
Sb1Tb1Zr1,0.0
F4U1,3.3137
Te1Zr2,0.0
Cu7P1Se6,0.2144
H8Na4O16P4,5.105
Cs1O5Se1V1,3.0659
Cd1Tb1,0.0
As2Hf1Ni4,0.0
Os3Si5Tb2,0.0
Pt1Zr1,0.0
Dy4Mo4O11,0.3508
Br8N4P4,2.4867
Ba1Cl4Pd1,2.1151
Al1Ge1Tb1,0.0
Cr1Nb4Si3,0.0
Ag2Ca4Si6,0.0
B4Cr1Dy1,0.0
Al4Co1Pr1,0.0
B1C3.33N1,0.4948
Ag2Hg1I4,1.5048
Rb2Se3,0.6482
Ba6O17Ti4Y2,3.0308
Pt12Si5,0.0
B1Hf1,0.0
Pd1Sb1U1,0.0
As2Fe1K1O7,2.5312
Bi3O7Sb1,2.1943
Al8Eu1Mn4,0.0
Ba2Fe1S5Sb1,1.265
As12Er5Ni16Zr3,0.0
C4Li2O4,2.218
Er1Ge2Rh2,0.0
As1K3S3,2.5973
Pd1Sc1Sn1,0.0
K1O2Sb1,2.005
Br2C2H6N2S1,2.5775
Cr3In1O8,0.2215
Al2Lu3,0.0
La3Nb1O7,3.1713
Br2La1S2Sb1,2.1622
Nb3S6V1,0.0
Al1O1,0.0
O6P1Re1,2.2148
H12N3O6P3S3,4.2064
Au1Be1,0.0
B1Li1,0.0
Ce1In1Ir1,0.0
Be12Mn1,0.0
Cu8K3Se6,0.0
La3O3Sb1,0.6887
Cd1Pd2Pr2,0.0
Ni1Sb1Tb1,0.1189
Ni12P7U2,0.0
Co2Cs1S2,0.0
Nb20Si12,0.0
Li6Na1O8Rb1Si2,4.5931
B1Be2F2K1O3,6.1196
Cu3Mn4O12Th1,0.0
B4Ga2Li6O12,4.1601
Cu4Pd1Yb1,0.0
B2Dy1Ru3,0.0
Co9La1Si4,0.0
Ca1Cu2Ge2,0.0
Mn3Nb6O11,0.4695
B4Er1Mn1,0.0
C3Yb2,0.0
Cl2Co1O8,3.8741
Ge1Ir1La1,0.0
Cl7Mo2O2Tl1,1.9465
Ni3Th7,0.0
Fe1Ga6Ge6Tb4,0.0
Sn1Zr3,0.0
O7Pb1Ti3,2.3466
Na6O4Pb1,1.4833
K1N1O2,2.5019
Cl2H2O1Sr1,5.0385
B13Co1Gd4,0.0
Mo3Sc2Si4,0.0
Na6Sn2Zn1,0.0
Li1N2Na5,0.0
Li2O13V6,0.0
Ba5Nb4O15,2.7886
Eu1In2Se4,0.5655
Cs1H4N2O2P1,4.5657
Ce1Ge1Sc1,0.0
Ba1H3Li1,2.2141
Ca1Pd2,0.0
Al1O4Rb1Si1,4.0669
Eu2K4O30Ta10,0.0
Be1Cs1H3,3.1910000000000003
Br4Cs2O2U1,2.3112
Mo1O6S1,2.9419
Cl5Nb1,2.4289
B6Ni20Ti3,0.0
F2Na1O2V1,2.2125
C4Cl2F12N3P2V1,3.0099
Te4V5,0.0
Dy1P2Pt8,0.0
Eu1P2Zn2,0.0087
F6Li2Pd1,2.3443
C1Er3In1,0.0
Bi2Br1In1Se4,1.2921
Cd1Gd2Ge2,0.0
Br6Eu4O1,2.6533
Cu8Sn4Sr3,0.0
Dy5S7,0.0
K1Mo2O8Sc1,3.6916
C2H6Te2,1.5884
F6Ir1K2,1.2357
C5H12N2O5S2,4.3714
B2Ir6Sn5,0.0
Bi2Rh1,0.0
Ag1As1Se2,0.1532
As1Fe1Li1O4,1.7873
Au1Li1S1,2.1215
Br1Cd2P3,1.1713
N3Ta2Zr1,0.0
B1Ir1Mg1,0.0
Al1Ba3F9,6.5788
Cr3Cu1O8,0.4796
Cl14O8P4V2,2.0433
Ce1Tl3,0.0
As1S1U1,0.0
Cu2Si1Te4Zn1,0.3552
Fe1Rb1Se2,0.5479
Br4Cs1Tl1,1.9458
Ca1O9P2V2,1.5003
Ca1Pd1Sn2,0.0
Au2Ho2Sn1,0.0
Co1In5Y1,0.0
O1U1,0.0
Br7Ga1Se1,2.232
Ga3Rb1,0.1611
S6Si2Tl4,2.2727
Al1Gd1Pd1,0.0
Ba2O3Zn1,3.0997
Ba1Cd1O7P2,3.6672
Al1Ge2Nd1O7,3.1418
F4Li3Mn1O6P2,1.5713
F6Ga1Li1Pd1,2.9657
Co16Nb6Si7,0.0
Cl6Cs2Te1,2.7862
Br1H6Li1O7,3.1332
Ba2Dy1O6Sb1,3.4589
As1Sb3Zr5,0.0
Li2Mg2O12S3,5.6321
C2F6H12N6Zr1,4.7124
Co2Y3,0.0
Ga2Ni1S4,0.0
Ag2Cs2S4Ti1,1.9861
Ni2Pu1,0.0
Dy5Ni1Pb3,0.0
Fe1Nb2,0.0
Cr1Cs2F6,0.0
Fe2K4O5,2.0593
B4Mo1,0.0
Na2S4,1.9987
Bi2Br1O4Pr1,1.2332
O9Sr1V4,2.2388
Ho2O5Si1,4.7176
In1Rh1,0.0
Br4K2Pd1,1.6067
Au6In5Na2,0.0
Eu1Ge2Zn2,0.0
In1Pu2Rh2,0.0
As6Ge2Na10,0.0
Co1S1,0.2993
Au1Cl4Cs1,1.8687
Au1F3,2.066
Ag1Cu4Dy1,0.0
Cr1Dy4Ga12,0.0
Br3Gd1,3.7887
Fe1N2W1,0.0
Dy3Ge13Os4,0.0
Ni2Sb1Te2,0.0
Ni1O6V2,2.0771
Cr2Mn3O12Si3,3.0822
Bi1Br3,2.62
K3P11,1.9128
B2Pu1,0.0
Er3Os1,0.0
Co2Er5Te2,0.0
C1N4Sr4,1.2173
Hg1In1,0.0
H3Mg1Rb1,2.582
C2Gd1H7O8S1,4.8117
Co1O2Pt1,0.0
Ca1Cr1O4,2.3367
B1Br20K8Zr6,0.0
K2Pd1Se2,1.016
K2O2Zn1,2.4385
Br2Zn1,3.531
C1Dy3Tl1,0.0
Al7Au3Tb1,0.0
C3Cr2N6,1.8675
Ag3Rb1Se5Sm2,0.4778
Bi1Ir1Se1,0.5828
As1Cu1Mn1,0.0
Cu1Ho3S7Sn1,1.3373
B2Co2O5,3.5305
Au1Rb1Se1,1.827
Al1Gd1O3,4.9566
Ho4In1Rh1,0.0
Ir4La3Sn13,0.0
B4Co11Y3,0.0
B1Cu1Se2,1.6692
B1Li3O3,5.136
Al1As2Na1O7,2.737
Al1Pt1Yb1,0.0
K1N1,0.0
B2C8Cu1N8,2.5163
Ce1Os2Si2,0.0
Nd1O3V1,0.0
Nd2Ni12P7,0.0
Ge1Ir1Mn3,0.0
C1Cr2La1Si2,0.0
Cu3O5Sr2,0.0
Fe4Na1Sb12,0.0
B1Ba2Cl17Zr6,1.0774
Cs2O3Te1,3.5443
Al1Au1Ti1,0.0
C2H6N4Na1O4P1,4.922
O6P4Se2,3.2104
Au7Cd16Na6,0.0
Au1Cs1O8S2,1.7280000000000002
S5Sb3Tl1,1.5802
N1Tm1,0.0
Na1O6U1V1,2.6706
Ge1Ho1Ni1,0.0
K1O5Sb1Si1,2.8098
F6Li2Nb1,1.1915
Lu1O4V1,2.9302
Cu3O1Ti3,0.0
Al2K2O24P8,5.1897
Cs10K6Pb36,0.7219
K1O11V6,0.2471
Ba1Ce2S5Zn1,1.3567
Ni1Si3Sr1,0.0
K1Nd1S2,2.278
As5Br3In4O12,3.1203
C4H5Na3O8,4.4636
O5S2Tb2Ti2,1.3523
Ag3Sn1,0.0
H5N3O3,3.2058
Ag1P2S6V1,1.0091
Al1C1Sc2,0.0
Na2O7Sb4,3.0672
C3H12Li2N6O7S1,5.2243
H6O12Sc2Se3,4.6609
C3Cd1K1N3O3,4.2117
Hg2O5Re1,1.4925
Ca10.6836,0.0
Ge5Yb3,0.0
H6K1Na1O6Te1,4.0776
Rh1S6Ta3,0.0
Cs2S7Sb4,1.5933
Ba1Cl2H4O2,4.5401
Li2O4W1,5.0569
I4O12Pu1,0.0
Os1Si1,0.6881
Mn3Na2O7,1.5221
B10Ni19Tb3,0.0
Ta1V2,0.0
Ge13Ho3Ir4,0.0
H6Hg1I3N1O1,1.6362
Ba3O11Te4,3.2332
C12Ho8Rh5,0.0
Li1O12P4Tb1,5.9442
Hf1Ni5,0.0
Ag1In1Li2,0.0
Ag1Er1Mg1,0.0
Au1Pb4Rb3,0.3355
Co1O6Sr3Zn1,1.4688
Mg1Y1Zn1,0.0
Be2Fe1O10Si2Y2,3.619
H10Ni1Sn2Zr6,0.0
La1Os2Si2,0.0
Ge1Hg2O4,0.9771
Ag2Ce1Si2,0.0
Nd1Os2Si2,0.0
Nd1O3Rh1,1.4844
Ag1Bi1S2,0.7795
Au1F4Rb1,2.9536
H3Li1O2,4.7603
Si1Ti1,0.0
As1H2Li1O5Zn1,3.4253
Cr2Ge3Mn3O12,2.3417
Au2Tb1,0.0
Ir1Mo1,0.0
As1Cl5,1.4361
Cl4H26O14Sc2,4.9396
Cd1Tm1,0.0
Hg1Se4Sn1Tl2,0.5809
C2I4O2Pt2,1.7688
Dy2Mo1O6,2.0509
K1Nd1Te2,1.176
Co1H8O12Re2,0.0
B1Gd1Rh3,0.0
C18Mn13Tb10,0.0
Eu1Mn2Sb2,0.0
Ni2P2Th1,0.0
Ir1Sc1,0.0
C4Co1H4N2O10V4,0.0
Ge1Sr1,0.0
B2C1Y1,0.0
Cl1F1Na6O8S2,4.8067
Fe6Sn6Tb1,0.0
S6Sc1U3,0.0
Cs4F10Mg3,6.2651
Cu2Dy1In1,0.0
Cd11Ce1,0.0
As1C3H6N1,4.3658
Cr5K1Te8,0.0
Mo1N1Ta1,0.0
Ca2Fe1O6W1,2.0021
Br3In1,2.5749
Al1F5Mn1,4.6434
Fe1Ga8Ho2,0.0
Nd3Tl1,0.0
H2In1O5P1,3.5036
As6Rb4,0.3879
Be13Zr1,0.0
C1Gd5Si3,0.0
Ba1Tl2,0.0
Cs4P2Se9,1.4951
Cl1O4Rb1,5.4485
Cl8O4Si4,5.5441
B2Be1Ir5Mg2,0.0
Ce6P17Pd6,0.0
Ba1Mn1O7P2,3.9425
Bi3La4,0.0
O6Sb1Sr2Y1,3.5114
Cl3K1Ni1,2.7343
B2C2Yb1,0.0
B3Ir4Zn1,0.0
Li1Mo4Nd2O16Rb1,3.2875
Hg1Lu1,0.0
Er1Mo4O16Rb5,3.9603
Ag2O3Si1,1.2944
Bi7F11O5,3.9155
B2Ni13Y3,0.0
Ce1Si5,0.0
F1S1Tb1,1.2564
Mg24Y5,0.0
H4Na1O8P1S1,5.6172
Dy5Pb4,0.0
H8K1N4Y1,2.6811
Pb3Pr1,0.0
Cd1Cl1S2Sb1,1.6592
Bi1N2U2,0.0
F7I1,1.8501
Cu2Mn1O2S2Sr2,0.0
B4Er1W1,0.2787
As3V4,0.0
F14K5Ti3,3.1372
As1Au1Ba1,0.0
H8Li1O10P1U1,3.6638
I5La2,0.4429
Br1C5Mn1O5,2.8219
H8Na2Ni1O12S2,2.1599
O6Re1Sr2Tb1,0.0
Hf1Ni1Sn1,0.0
Ho1O2Rb1,3.6246
Bi1Cu1S2,0.7236
Cs1O12Te2V3,2.4282
Mo2N1,0.0
Al18Mg3V2,0.0
Ge3Ho3Ru2,0.0
Ba2O6Pr1Pt1,0.0
Mo6O24Rb8Zr1,3.7602
Dy3Ga2Ni6,0.0
N8O6P6Sr3,4.4772
As6Na10Si2,0.0
Br2N3S2V1,0.9145
Er2Ni12P7,0.0
Co1La1O1P1,0.0
B7Br1Mn3O13,3.8609
Fe1.125Se1,0.0
N3Na3W1,1.811
Cd2H2O6S1,2.9163
Hg1Pb1Sr1,0.0
Ru1V3Zr2,0.0
Li2O4U1,3.0299
As2Ce1Ni2,0.0
Ir1Li8O6,0.7244
Ba2Cu1Ge2O7,1.5566
Ba1Cr1F5,3.5861
Si2U3,0.0
Al6Ca4O16W1,3.9742
As4Cu3K2O12,1.3952
Ni1Tl1,0.0
K1Li1Te1,2.4325
Si3Y1,0.0
Cu5O13Tl1V3,1.0378
B7Br1Cr3O13,2.3164
S5Tb2Zr1,1.1919
Cu1Mg2,0.0
Ce1Ni1P1,0.0
F12H8O4Pt1Sb2,0.0
Ge7H8N2O15,2.6986
B2La5N6,0.0
Mo6S8Yb1,0.0
C1K1N1S1,4.1119
Co1Ta4Te4,0.0
Be3Cl1Li4O12P3,6.2164
Cl12N1P2Ta1,2.9121
Ca1F4H2,7.5887
Cd3Na2O10Si3,2.5724
Cl6Fe1Zr1,2.6635
Li1Mg1O4V1,3.4633
B1Ca2H1N2,3.0063
Al1La3S7Ti1,1.4758
Gd3Nb1O7,2.9847
Ga5Mn8,0.0
Ca2O12Rb2S3,5.3987
Cs2Cu1F6K1,1.9543
Cu1Ni2Sn1,0.0
Mg2Tl1,0.0
H2K1N1O3Se1,3.6263
Mg1O7Si2Sr2,4.4924
Ba1Bi1Se3,0.7202
Cu1P1Si1Zr1,0.0
Br3Cs1Pb1,1.7514
O2Pb1Pd1,0.2562
Nb2O11Te3,2.735
Al1Cu1Tb1,0.0
Cs1Ga1H4,4.9707
B2Br15Tb10,0.0
Cu1Te3Ti1Tl1,0.2653
Al1B4Lu1,0.0
Cr1F3K1,0.5552
Ru1Sc2Si2,0.0
Ge4Nb3Tb2,0.0
Cu6Ge1S8W1,1.1162
K1Na2,0.0
Ni7Y2,0.0
Cl1N6Sb1,0.2232
Rb1S2Sb1,1.9433
Ag1Si1Y1,0.0
Na1P5,1.3845
N1V2,0.0
In1Nd2Rh2,0.0
Cu1Hf5Sn3,0.0
Co3Mn1,0.0
Ag1O2Yb1,0.5006
Cs6Fe2O5,1.5322
Ag3Na1O2,0.8182
Co1Ga4Hf1,0.0
F6Ge1Na2,5.7242
Cl15Hg1S3Se3Zn1,0.0
Cu1Sc1,0.0
Bi1O8P1Pb4,2.5622
K2Na3O10P3,4.3937
Ag8Ca3,0.0
Al1Be1La3S7,2.0396
Ga1I7Te1,1.8512
Be1Pd2,0.0
As1Cu1H1O5Zn1,1.8068
As2Ba1Mg2,1.0691
Ba5Sb4,0.2541
Ca1O24P6Zr4,4.1705
Pt2Si2Yb1,0.0
Cl4O1Rb6,1.6569999999999998
Ge2Lu1Ru1,0.0
Bi2Cs2Pd1,0.5381
Cu5Tb1,0.0
Al9Co2,0.0
C4H16N9O16Y1,1.8766
K1Li1O1,2.3415
C1F7I1,4.6479
As3F6Sb1Se4,1.8937
Cu4In1Y1,0.0
Cl4Gd1Li1,4.5031
Al4Ba6F24,6.721
Ba1In2Rh1,0.0
Ag1Dy1Sb2,0.0
Cl4Cu1H12N2O2,0.0
Al1Ni1Y1,0.0
Ba1Os2P2,0.0
Rb1Se2Tb1,1.9309
Ho1Sn3,0.0
Rb1Sb3Se5,0.6985
B6Cr1H16,2.504
La5Si3,0.0
C4Cu1H4O8Sr1,1.9881
Ag4Cu1O6Te1,0.0
Ca1Cd1Ge1,0.0
Ag5S4Sb1,1.0621
K3O3S1V1,3.115
Ca1Na4Sn6,0.0
In2Mg1O4,1.9939
Cl1F3,2.5712
Cr1F6Mn1Na1,3.3972
Mo5Re24,0.0
H4O10Si2Zn4,3.7761
Cl7Cu2Rb3,0.2312
As3Cl1O12Pb5,3.056
Fe1Ni1,0.0
Al1Lu1Si1,0.0
Ag2K2Se4Sn1,0.8938
Ca4O9P2,4.4805
As3H1Sr5,0.6778
Ce1In2Pd1,0.0
Al2Ge2Y1,0.0
Ba2Bi1O6Y1,1.9341
Al1Au1,0.0
Br12Ta2Te4,1.1602
Al3Pt5,0.0
Cl2H8N4Zn1,4.8805
Mn2O3Ta1,0.0
Er2F3Li1O8S2,6.089
Eu2Mo2O7,0.0
Ge1Rh1Yb1,0.0
In1Rh1Tb4,0.0
Mn1N3Th2,0.0
Ag1C2K1N2,3.7273
Ba4O12Ru3Tb1,0.0
Pb1Sr2,0.0
Al12W1,0.0
Bi4Li1O14Ta3,2.9998
Cl4Na2Zn1,4.8971
Co3Ga2Ho1,0.0
Co2Cu1Ge2,0.0
Br4O4Pb4Si1,3.1461
Ag17Mg54,0.0
Be1Na2O4Si1,3.1217
B4Ho1,0.0
K1La2Nb1O6,3.6476
Co1Er5Sb2,0.0
Al2Br6,3.1356
O2Rb1Y1,3.6092
O5V3,0.0
Ce2Fe2O3S2,1.6929
Cl9Cs3Sc2,4.2599
O112Si56,5.5293
Ag1Pd3Se1,0.0
Cl1Er1H1,0.0
Cs1Mo6Se7,0.0
Co3Ga16Ho4,0.0
H16Ni1O10P2,2.3189
Ca3N1Tl1,0.0
Au1Rb1Se3U1,1.2957
Na1Pt2,0.0
Si1Zr1,0.0
As1Mo1,0.0
Ni1O8P2Sr1Zn1,3.5463
Cl4K1Tl1,2.3014
K2O6S2Se1,2.9864
In1Pt1U1,0.0
Al1H6Li3,3.6128
Ba2C3Cs2O9,4.3456
Au1.01Cd0.99,0.0
Ga2Th1,0.0
Li2N1Na1,0.0
Co1Na2O10Si4,3.8033
Ga1Pt1Tb1,0.0
O8Re2Zn1,4.0279
Er7Fe1I12,0.0
Mo2S3,0.0
Cr3O12Tl2,1.716
Ca1Cu1K2N6O12,0.0
S3U1,1.6149
Ba6Cl2Eu1F12,3.1772
In2Se4Yb1,1.3256
B4Dy1Os1,0.0
B2Mo2Nb1,0.0
Ba1Er2Te4,0.7783
Al1Zr1,0.0
Fe7Ta6,0.0
Ba4O12Ru3Zr1,0.0
Dy1In2Ni9,0.0
S3Sc1Tb1,2.0028
Os1W2,0.0
C2Cu1K2O6,1.7113
Al17Tb2,0.0
C6Cs2Fe1Li1N6,0.0
Cl2I1N3S4,1.6175
C2Ho1Mo1,0.0
Ag2Ge3Li3,0.0
B1O3Pr1,4.3807
H8Mo1N2O1S3,1.7259
Au3La3Sb4,0.3921
Rh5Zr3,0.0
Al13Co4,0.0
Cr1Sb5U3,0.0
B2Bi1F1O4,4.2181
Bi1Mn1,0.0
Te4Ti1V2,0.0
Fe2N1Zr4,0.0
Ag1Cu4Tb1,0.0
O6Rh1Sr3Tb1,2.7987
Cd2O14P4Si1,4.1792
F6Ni1Sr1,1.6241
Fe12O19Sr1,0.0
C5H14N2O2,4.3886
Li1Sn1,0.0
B2Br3C3Ce6,0.0
F1I1Sr1,4.2997
Br1C1Pr2,0.0
Al1Ce3S7V1,1.222
Er1Rb1S2,2.3554
Br1N1Ti1,1.2036
H10Na2O5S1,3.3537
Cr1F6Rb2,0.0
Dy3Tl5,0.0
Br4Ge4S6,2.4397
Ir1Li2Sn1,0.0
K3O8V3,1.5359
Au1Sc1,0.0
H18I2K4Na2O20Pd1,2.2174
Cu8K4Te11,0.0
Au1Na1S1,2.2162
Be1F4H4Li1N1,6.5605
Al4Mo1,0.0
C3H6N1Sb1,3.6923
As4Sr3,0.6253
Cu4Er3Ge4,0.0
C4F6Hg1,3.6081
Co1Cr2O4,0.0
Er3Os4Si13,0.0
As2Te3,0.3992
Cu1Ge1Sc1,0.0
Br1Li1,4.9388
Bi8Ca3Pd4,0.0
C1F6H6N3P1,5.1823
Cu1K3N5O15,0.0
Cd1Mo6Se8,0.0
Tc2Th1,0.0
C5Nb6,0.0
Cd3Ho1,0.0
Ce1Cl1Te1,0.8327
Au2F8Zn1,2.2371
Au2Br6Cs2,0.6777
In1Pt1Sr1,0.0
B1Pd3Yb1,0.0
Sn3Th5,0.0
Ge1O8P2Sr1,4.0105
Bi1Ho2O2,0.0
Ta30,0.0
Ca3Li4N6Si2,2.2872
Ga1Ni1Th1,0.0
Ca3Ge2P4,0.7234
Ni1O4W1,2.6533
Dy1Zn3,0.0
Au1Lu1Ni4,0.0
Mn3Ni20P6,0.0
Ba1C2H6N2O3S2,4.2052
C1I4,1.0643
B6Cr2Nd1,0.0
Pb4S13Sb6,0.8554
Li4P2Sr1,0.9659
O3Te1,1.1432
Cd41Ir8,0.0
Cl2Cs1K1O8,5.502000000000002
Nb3.33Pt1.67,0.0
C2Lu1Ni1,0.0
Bi2Ga4S8,2.5457
Au10In3,0.0
C1Cl1Co1H12N4O7,3.7117
Ba3Ge5,0.0
Cl6H5O2Sb1,1.8125
Mn3Si5Tb2,0.0
Cu1O10Si4Sr1,2.3826
C6F6H24N2O2Sn1,4.2442
C1Cs1H4N3,3.7952
Nd1Se2Tl1,1.2152
In1P3Sr3,0.8432
As1La1O3,2.7532
Fe2La1P2,0.0
Te1V1,0.8107
Ce2O2Te1,1.876
Ir1Zr2,0.0
Na2S2Zn1,2.6711
F1Ho1O1,5.1008
Cl3Cs1Hg1,0.0
Co5Fe11,0.0
As2Cu4Sr1,0.0
Ag2Mn1O4,0.0
Al7Au3Er1,0.0
Ca6Cr2H1N6,0.0
C1N3Ta2,0.0
F6Fe1Na3,3.0326
In8Pd1Pr2,0.0
Ge1Nd1Rh1,0.0
O7Se2Tb2,3.2247
C1Cl1H9N6,4.9263
K3Nd1O8P2,3.7084
Si1Sr2,0.345
I4Zr1,2.0584
B1C4Cl1F4H11N1,6.3568
Ca1Ir2P2,0.4808
Ca2Co1O3,1.6243
C1K1O5Pu1,0.2383
Au1Nd2P3,0.0
Cu3Er1O8Pb2Sr2,0.0
Fe2N1Ta4,0.0
As1F6Li1,5.0362
B7Er3Fe1,0.0
Ir3Se8,0.0
H2Mg0.125Ti0.875,0.0
Cr1Nb3Se6,0.0
Au1K1S1,2.2359
F6Ga1H8N2Na1,5.8265
B2Lu1,0.0
Er4Ga12Pd1,0.0
Eu2O2Te1,0.0
Cs2Te3,0.5208
Fe1K1Mo2O8,2.0982
Co1O5Se2,2.6872
Bi4Mn5Ni2,0.0
Cr1F4Na1,2.9387
Tb1Tl1,0.0
Cl9Cs3Tl2,2.2046
B7Er3Mn1,0.0
Al3C6Zr4,0.0
P2Ti1,0.0
C1Eu1Rh3,0.0
Er1Ge1Sn1,0.0
Mo1O5Pb2,2.8726
Hf1Pt3,0.0
Ca3Ni3Si2,0.0
H6Mg2Na2Ni1,1.8329
C2F6H2N2O6S3,5.9215
Ge1Ni1Sc1,0.0
K1Nb2P1S10,1.5797
Al12O19Sr1,4.454
In1K2P2S7,1.9274
Eu1Mn2O5,0.0
Ag2Nd1,0.0
Cl2Hg1,2.8571
Dy5Sn3,0.0
Ba2Cu1Hg1O4,0.0
Mn1V1,0.0
Mn2Na2Se3,1.622
O7Sn1Ta2,1.3079
B7Mn1Tb3,0.0
Au1Ni2Sn4,0.0
Ba3Ca1Ir2O9,0.0
Cu5K1O13V3,0.8928
Fe1Ni1Si1,0.0
Ag1Ga1O2,0.9858
Dy1In1Pd1,0.0
Ni2Si1V3,0.0
Cl1H5N2O4,5.388
Al1C4F4H14N1O1,5.2944
Eu2Mo3O12,0.0
F4Sr1Zn1,5.8439
Co16Ge7Nb6,0.0
B2Gd1Li3O6,4.9187
Ca2O4Pb1,1.4857
O4Rb2Ru1,1.289
Ba1S4Y2,1.7639
Ca10O24P6Se1,3.773
C6Fe2O6S2,2.5404
C6Cd2Fe1N6,3.0178
Co1N1,0.0
K3O7Sc1Si2,3.6504
B3Rh7Zn5,0.0
Al8Fe4Pr1,0.0
Br2K4O1,0.9974
Hg1Yb1,0.0
O13Te5Y2,2.9991
O7Rb2U2,2.6589
Be2F7Li2Rb1,7.193
Sb2Sr1Zn1,0.0
As2Ge5Te8,0.2353
Cl2Eu2O3Si1,2.722
C2Cl8O4Sb2,2.1137
Ag1Hg1I1S1,1.5383
F2H1N1O3Xe1,2.3414
Co1Ga2Mn1,0.0
Ca7Ni4Sn13,0.0
Ir3Y1,0.0
Au3Ho1,0.0
O6Te1Tl2,0.0
C1Fe3Zn1,0.0
Ge2Na2O7Zr1,3.6355
Mo2O8Sc1Tl1,3.8096
La1Mg2Ni1,0.0
Ba1Ni1O5Tb2,0.4487
Cl3Cs1Sc1,0.0
Re3Se6Tl2,0.9979
Ga5Os1U1,0.0
K3Li1Si4,1.5213
Ba1Cu2Sb2,0.0
Au2In1Sc1,0.0
B4Ca2Rh5,0.0
Gd2O7Sn2,2.1547
Ca1Mg1Pb1,0.0
Br3Fe1In1,1.9095
O6Re1Sr2Yb1,0.0
Cl5H12N3Zn1,4.6486
S12,2.4303
B1Pt1,0.0
Mn2Nb2O9Zn2,2.2812
H1Li4O15P5,5.7272
Cr1K1O7P2,2.8571
Ce1Ge12Pt4,0.0
Cr3Ir1N1,0.0
Cd1Ni4Tb1,0.0
La1Sn1Zn1,0.0
Be17Zr2,0.0
Cl9Cs3V2,1.4480000000000002
Cr5Si3,0.0
B1Cl6Sc4,0.0
Ag1O1Rb1,1.4461
B1C4N4Rb1,6.3320000000000025
Co1Ni2S4,0.0
Ti2Zn1,0.0
Ho1Ni2Sb2,0.0
Fe1Li2S2,0.0
Ca5F22Zr3,5.3231
Ag2As1K1O4,1.0136
Ag2Sc1,0.0
Co1Si2Zr2,0.0
Ce2O2Sb1,0.0
P2Ru2Tb1,0.0
B6Ga2Ni21,0.0
Ho1Mo6Se8,0.0
Ba2I1Na1O6,2.2127
Al4Ni1Tb1,0.0
C2Co1Sc1,0.0
As3Mo2,0.0
As2W1,0.0
Dy2O5V1,1.4954
Cl2O1S1,3.6047
Co9Se8,0.0
B2La3N4,0.0
Cu2Te1,0.0
Ge7Nb10,0.0
Cu1In1Pt2,0.0
B2Mg1Ni6.7,0.0
Co1V1,0.0
Dy1In1Pd2,0.0
Ag2K1Nb1Se4,1.6625
Ba2Ir3O9,0.0
As1Li1O3,2.9511
Ag1P1S3,1.5177
P1Pb1Rb1S4,2.3824
C2F6Te2,2.3993
C4Cd1Cl4H16N2,3.5407
C2I12Pr6Rb1,0.7136
B4Er1Rh4,0.0
Au2Er5Sb1,0.0
Nd2O11Te4,3.2529
B4Eu1Ir4,0.0
P2Pr1Ru2,0.0
Bi2Eu1S4,0.0
Br2Na4O1,2.0442
B2C2Gd1,0.0
Co2Na4O5Rb2,1.526
B3Be3F4Na1O9Sr3,4.7946
Ce2O4Se1Si1,2.6193
F15Pr1Zr3,4.883
C1Cl2Gd2,0.4447
Ag2Yb3,0.0
F8H10In2N2O2,4.8673
Pt2Sn1U1,0.0
F6Pt1Rb2,3.1809
Ge2Li1Sr1,0.0
Cs2P4S16Ti2,1.7831
Mg1P4,0.6819
B2Nd1Os2,0.0
Ba1N1Ni1,0.0
Li1Se2Zr1,0.0
Dy1Ir2,0.0
In5Sb3,0.0
O4Sr1Te1,2.2395
La1O11Sr2Ta3,3.1435
Ag1Ni1Te2,0.0
Mn7O12Pb1,0.0
Nb5Si1Sn2,0.0
Ba1In2O14P4,4.0856
Ni1Pr1Sn2,0.0
Cu1Ga1O2,1.0323
H11In1O13S2,4.0351
Ca1Ge1Ni1,0.0
B2Ir3Nd1,0.0
Na4O7P2,4.4257
Ru2Si2Y1,0.0
As2F12Hg3,2.6325
Cd7P10,1.1177
Bi6Cu2Pb2S12,0.8208
C3Cl1H10N1O4,5.6129
O9Ta2Th2,3.5438
Ni1P1Sc1,0.0
Gd1Th1,0.0
Gd1Pd1Tl1,0.0
P2Rb2Se6,1.1961
Na1O6Sr3Ta1,3.9969
Er2O7Ru2,0.555
Be2Zr1,0.0
Fe1Mn1P1,0.0
Co2In5Zr4,0.0
Ni1S4V2,0.0
H8K2Ni1O16P4,4.5783
Ca1H12O9S2,4.1093
Ir3Mg1Si7,0.0
Nb6Zn7,0.0
B6Ni3Y2,0.0
Cr5S8Tl1,0.7912
Pd1Si1Zr1,0.0
Ni1Sb2U1,0.0
Cs4H8O4P2Se6,1.6538
Ga1I4Tl1,2.5579
K2O7U2,2.6585
Cl9P1Te1,1.8015
Cu2Eu1Sb2,0.0
Er1Hg3,0.0
Cu1O5Sr2Tl1,0.0
P3Pr1Zn3,0.0
In2Ni21P6,0.0
La3Rh3Si2,0.0
Br4Na2Zn1,3.9706
Si1W3,0.0
P4S9,2.7163
Cu1H2O5S1,0.0
Ba2Ho1O6Re1,0.0
Ba1Mg2P2,1.1389
Fe1U6,0.0
As2La1Ni2,0.0
Cd1I4S8Sb6,1.5473
P1Pt1Y1,0.0
B1H4N1O8P2Zn1,4.8051
Dy1Te3,0.0
C1Ti2Tl1,0.0
Fe2Hf3Si3,0.0
As2Ca1Ru2,0.0
Au1Cu4Dy1,0.0
K2Rb2Re6S13,1.3730000000000002
Rb2Se4Te1,0.9195
Cl10P1U1,2.5469
As3Cu4K1O12,0.983
Cu2Hg1S4Si1,0.7235
Bi1Dy1Rh1,0.0
Cu1O2,0.0
S3Ta1Tl1,0.6312
Ge6Y4Zn5,0.0
Cu2Ge4O13Sc2,1.6515
S7Tb5,0.0
Cu8Si12Zr6,0.0
As2Cs1Rh2,0.0
H6N1O6P2V1,2.0548
Co1O3Ti1,3.1125
Fe2Ho1Si2,0.0
I10Mo3Te10,1.3143
Cs2I8,0.0
Ba2Cu3Ho1O7,0.0
As3Br1Hg2,0.8955
Cd3K2S4,1.8725
N1Nb4Ni2,0.0
Ca2Li2O13Si5,4.7985
As2Mg2Sr1,1.3426
C2H4Mn4O14P2,0.0
O1Zr1,0.0
Ge1La1Pt1,0.0
Er2O7Tc2,1.2928
C1N6Si4Y2,3.1022
B1Dy5Si3,0.0
K2Pd1S2,1.4718
Cu3Fe4La1O12,0.0
Gd2O1S2,2.2764
C4N4Pt1Zn1,4.4262
Ba3Cr1N3,0.0
Dy1Os2Si2,0.0
Pb1Yb1Zn1,0.0
Ba1Ge1Zn1,0.0
C1Fe2Nd2Si2,0.0
C1Sc3Tl1,0.0
B7,0.0
Co1H9N6O6,2.7023
As1Ba2,0.0
B4Ce1Re1,0.0
Ga1Na1Te2,0.2363
N2U1,0.7669
Bi1Er5Pt2,0.0
Nb1S2V0.333,0.0
Al1Mn1Pt2,0.0
Cs1Na1Te1,1.9929
H4K2O6Os1,0.7912
Ba2N8Si5,2.8762
Co1I10Y6,0.3003
Na2S3U1,0.0
Cu1K2N6O12Sr1,0.0
N6O8S7,2.0274
K2Te3U1,0.0
Ga2H4K1Mn1O14P3,3.4986
Ca2Ir1O4,0.1804
Eu2F1K5O13Si4,1.9842
C2H5N3S2,1.4904
In1Pt1Th1,0.0
Pt2Si2Y1,0.0
Al2Cd1O4,2.8029
N1Ni3Zn1,0.0
C1In1Yb3,0.0
P4Sr4Ti1,1.5498
O32Rb2Ta15,0.0
K1P1S5Ti1,1.605
Ga2Se2Te1,1.6946
B4Co4Y1,0.0
Ca3Ga2Pd2,0.0
Ho1In1Pt2,0.0
Hg1Ti3,0.0
Er1Ge2Ru2,0.0
Nd1Sn1Zn1,0.0
Ga2Li1Pt1,0.0
Pt4Te6Tl2,0.0
Ge5La2Rh3,0.0
F1H3K1O3P1,6.5423
Ce1Cu2Mg1,0.0
H2Nd1Ni1Sn1,0.0
Ge1In4La3,0.0
Co1P1Se1,0.7397
H1K3Mo1O1S4,2.013
B3H4Na3O8,4.7723
Sn4Sr1,0.0
In2Li1Rh1,0.0
I3P1,2.2464
Pr1Tl1,0.0
In1Rh1U1,0.0
Ba7Cl2O15Ru4,0.0
Fe1Rh1,0.0
F1Nd1Te1,0.3329
H2Ta1,0.0
C1Rh3Y1,0.0
O1P1Y1Zn1,1.4289
C3Nb4,0.0
I12Nb2Te8,0.8758
I4Se1Tl6,1.6227
H12N2Ni1O10S2,2.4090000000000003
Mg1Pr1Pt1,0.0
Cd11Pu1,0.0
F5H3N1P1,2.6258
Co1Cu12La1,0.0
Ba5Br1O12P3,4.9747
Mo6Se8Yb1,0.0
H1O2Tb1,3.5396
Dy1P1S4,2.1633
Be2F7Li1Na2,6.9203
B2Hf1O5,4.4303
Cu1Gd2Rb1Se4,0.8652
Ge2In1Tb2,0.0
H2Na2Ni1O6P2,3.724
Pd1Sb1Sc1,0.0713
Cs2O3Pb1,1.3914
Al1K1Te2,1.6982
O15V8,0.1848
Be5Zr1,0.0
Ca1O4Pt2,0.0
Cu4Se3Tl1,0.0
Ag6K2S4,1.533
Ba2Ho1O6Sb1,3.4306
Nd1Tl1,0.0
Ba1Cu6Ge2S8,1.1079
Co1Nd1Sb2,0.0
Cs1Tb1Te3Zn1,1.4588
Cl5Cr1Cs2H8O4,2.9552
C8F24Ir4O8Sb4,2.8089
Bi1U1,0.0
H4K2N4O10Pd1,0.0
As1F7Kr1,2.45
Ba1Fe2Nd1O5,0.0
S1Si1Th1,0.0
Be1Hf1,0.0
Ag1F3,1.224
Br2Co1H4O2,3.0891
Ag1Bi1Ca1,0.0
As1Na1S2,1.3843
C2Cl1H8N1O1Si1,5.0161
C2Cl6H12N6Sn1,2.4279
H22N8O18P6,5.117
Fe1Na6S4,1.8659
B2Cs2Li2O15P4,5.3835
C2H8I3N1,1.9718
B1O3Ti1,0.0
C1Cs1H1O3,4.3221
Hf2Os1,0.0
Cu1F3Na1,1.8606
Al1La1,0.0
Ba2Eu3Si7,0.0
Fe6Na14O16,3.8474
O1Se1Th1,0.9607
Cu1Ho1Si1,0.0
I6O18Tl4,1.9344
Ba1O8Se1V2,2.0449
Au2Ho5Sb1,0.0
O4P1Yb1,0.0
As1Cu1F7,2.2119
Pd1S6Ta2,0.0626
C4H8In1K1O12,3.6044
H6N3O12Tl1,1.9123
Ge2In1Pr2,0.0
Li1Pt2,0.0
Al8Cu4Th1,0.0
I4Rb2Zn1,3.2734
Mo9Rb2S11,0.0
Cu1O6Ta2,0.6679999999999999
B2Co2Gd1,0.0
Cs2Hg1O2,2.0494
Al1H1O4Si1,0.6314
As1F6H6Li1O3,3.7951
Al6Au1Dy2Si4,0.0
Fe7S8,0.0
Al1Ce1Cu1,0.0
Al4Na4P12Sr8,0.3101
Dy2O1S2,2.5649
Ho1Mn2O5,1.3083
As1C2F6N1O2,4.6428
La1Li1O4Ti1,2.9613
C6Cs2N9Na1,4.4051
As1Cu3Se4,0.0
C3Cr1Sc2,0.0
Ag3C6H6La1N6O3,3.4969
Ge1Na2S3,2.4678
Ba1Mo3Se3,0.0
Ba1Ge2Li1,0.0
Cu2Ge1Mn1Se4,0.1957
Li1O2Y1,4.1054
Ag1Bi2Cl1S3,1.1319
Ga4Ni1Tb1,0.0
Bi2Nd1Ni2,0.0
Gd1O2Rb1,3.4711
Ge1Li2Nd1,0.0
Al1Cs6K3Sb4,0.6532
As4Br1K1O6,2.7276
Fe2Si2Th1,0.0
B20Na3,0.0
Co2Gd1Si2,0.0
Ag2H12N4O4S1,3.367
F2Ge1,4.0982
Hf1Ir3,0.0
Ba1Ca1O7P2,5.2674
B4Li1Na1O7,5.7885
Cd3Dy1,0.0
Rb3Sb1,0.0985
Ag2Zr1,0.0
Li1Ni2O10P3,3.5279
P1Pt1Sm1,0.0
Fe2Lu1Si2,0.0
Co9Si2Th1,0.0
Fe1Si1U1,0.0
I2O8U1,2.8247
C2Er7I12N1,1.2265
Al1Cu2Re2,0.0
Eu3F10Rb1,1.0588
Al20La1V2,0.0
Er1O2Rb1,3.6486
F6Ir1Rb2,1.3072
Cs1I2Li1,3.7393
B1Ir1Li1,0.0
Rh1Si3Y3,0.0
O6P4S2,3.7994
O9Rb2V4,2.0993
F9Rb1Th2,6.7212
Co1N6Na3O12,2.5021
Cu1Gd1O1Se1,1.2178
K1Li1O2Zn1,2.688
Al20Eu1V2,0.0
Al17Mo4,0.0
F6Hg3Nb1,0.0
Ca1O1S1Zn1,3.1552
Ir3La3O11,0.0
B5H12N1O12,5.5637
As4Si3,0.3999
Fe17N3Tb2,0.0
Eu1Mg2Sb2,0.1662
F6Li2Ru1,0.3888
Cu1Ho3S7Si1,1.8544
Au4Yb1,0.0
B2Mg1O6Sn1,3.0974
Ba1Cr1S2,0.3687
B2Ru1Y1,0.0
Au1C2Rb1,2.5761
Mo1Na2O8P1Y1,4.0793
Cu1H1,0.8185
B1K3O13Sb4,1.8542
Cu1Lu1S2,1.745
Br1C1Gd2,0.0
Cu4O36P8Zn12,1.2174
Co1Nb1O4,1.156
Pd2Si2Tb1,0.0
Hg1Ho2O4,2.0885
Br1Er1Mo1O4,1.9117
Al5Ho3O12,4.6671
Ga1Nb5Sn2,0.0
Cs4Se4Si1,2.2187
As2Co2Nd1,0.0
I1Li1O4,2.1919
As1H2Mn1O5,1.9448
Hg3Mg5,0.0
Pd2Sr1,0.0
Be1Ni1,0.0
Cl1K1O2,2.3187
H5I1O6,2.3263
Cl6Fe1Hf1,3.3939
Ga2Hg1Se4,0.9513
Ge13Rh4Yb3,0.0
B2Os2Pr1,0.0
Na3Sb1Se4,0.9729
B6Os1Yb2,0.0
Co1H8O14P2V2,0.0
Ca5Pt2,0.0
Cd1Co3N1,0.0
Al4Ca1O7,3.9997
F4Hg1Rb2,1.9437
F4Li1Yb1,1.3135
B1O4Ta1,3.6319
Ba2Cd1O6Re1,0.0
Mn2O7V2,1.515
Ag1Ba1Nd1S3,1.7617
Cu1In1,0.0
Cu2Dy2In1,0.0
C2N2S2Sn1,2.517
Ba1Bi2Mo4O16,2.9634
Se4Sr1Y2,1.4406
B2C8Co1H4N8O2,0.0
Fe17Pr2,0.0
Nb1Pb0.33S2,0.0
C2Cl3Cu1H8N1,1.2562
C1Ni3,0.0
Al1Fe2V1,0.7709999999999999
La3Sb5Zr1,0.0
Ge2Mg1Y2,0.0
Fe2Si1V1,0.0
Ag4K2Se3,0.375
Ba1Bi2O9Ta2,2.0208
Ga3Li9O29P8,4.6754
Gd1Ru4Sn6,0.0
Fe1La1Si1,0.0
Co1O6V2,2.5322
H4Li2Mg1,3.5256
Li0.667Mn0.667Ni0.333O2,1.6437
Ba1Bi1O3,0.0723
Fe7Nb6,0.0
Co6Ge6Hf1,0.0
In8N7Sr19,0.0
Al1Pd1Y1,0.0
Ag1As3H2Mn3O12,1.6557
Mg2O7P2,5.3203
Cl1O1Ti1,2.3817
Cd2P2S6,1.785
Mo1O7P2,0.8594
Al2Ni6Y3,0.0
B7Er3Re1,0.0
Br3La1,3.5688
Bi2K4O5,2.6385
Al8Mn4Nd1,0.0
K1O4Ru1,0.4642
Ir4Sn13Yb3,0.0
Pt3Sn5Yb2,0.0
O6Pb1Sb2,1.9453
K4N6Ni1O12,2.055
Gd1Na1S2,2.0856
Ba2S3Zn1,2.079
Al3H6K1O14S2,5.4945
H5Li1N2O4S1,5.4691
Ca5H1O13P3,5.204
Co1P2,0.0
Cu1Lu1Si1,0.0
B3K1O9Sr4,4.1857
H40Ho6N8O49,3.0277
Ba2Cu1O8Pt1Y2,0.9311
C1Ce3In1,0.0
C1In1Pr3,0.0
B1In1O3,2.8315
Co1Nb1Sb1,0.0
Cr5In1Se8,0.2066
Er1I3O9,3.1183
Co2Ge2Yb1,0.0
Mn1Si2Zr1,0.0
Cl2P2S8Ti1,2.28
Ce1Ga2Ni1,0.0
Er1Rh1Si1,0.0
Cr1O4U1,0.0
C10Cl4La8,0.0
Ce1H1Ru1Si1,0.0
Nd1O1Sb1Zn1,0.1215
Ge1Pd1S3,1.7334
C1In1Nd3,0.0
Cu1Na1S3Zr1,0.6708
Ge1P3Rb5,0.6925
Fe1H14O11S1,3.534
Mg2Pt1Si1,0.0
Pd3U1,0.0
Fe4P2Sc1,0.0
Cl3Hg2K1O3S1,2.6599
C1Ru3Zr1,0.0
Pd1Tb1,0.0
Cl6Ga1Sb1,3.8973
Pt4Sr5,0.0
Au1Tl3,0.0
O3Sb1Tl1,2.146
Cl1O2Rb1,2.3849
Au1Li1Sb1,0.0
Ho5In3,0.0
Hg1K6Se4,1.4114
Br5Dy2Li1,0.1363
O5Te2,1.6697
Er1Sn2,0.0
Ca4Cu3P5Zn2,0.1292
Cl3V1,1.5872
Ag1Ge1La1,0.0
Cl1Cu3Er1O8Se2,1.3166
Ce2Cl6H28O14,0.0516
Ce1Ni1Sn2,0.0
F6Os1,0.5904
O5Pb3Se1,2.4614
Tl1Yb1,0.0
Au2C6H6N4Sn1,3.0028
Be1Pd1,0.0
C60Eu6,0.0
Al4Mg2Zn3,0.0
Pb13Rh4Sr3,0.0
Li1Pr1Sn2,0.0
Dy1Ga3Ni2,0.0
Al4C4Si1,0.0
Gd1Se2Tl1,1.0391
As3Na1O12Ti2,2.7643
Co1Ga5U1,0.0
Au10Ca4In3,0.0
Cu2Se4Si1Zn1,0.7509999999999999
Ba1O8P2Th1,5.2056
Al1Ce1Ir1,0.0
Ag1Eu1P1,0.0
Li1Ni2P2,0.0
Fe3Li9O29P8,2.3801
Ce1Cl1O1,0.0
Fe12P7Zr2,0.0
I5Pr2,0.0
H2N2O7Zn1,3.3025
Mn3N1Ta3,0.0
Cu2O2Pb1,0.816
B1Ge3Tb5,0.0
Er1Hg2,0.0
Al1Se2Tl1,1.6258
Ni5Yb1,0.0
Cu3K2O13S3,0.0
Ga2Nd1Ni1,0.0
Ag2O3,0.3951
B1N2Nd1,1.9932
Cs0.33Mo1O3,0.7678
Al2Cs2O10Si3,4.4897
Cu7S4,0.0
Ag1Cr2Te4,0.0
Pd3Ta2Te5,0.0
Hg1O6P2,2.5810000000000004
Hf3Sb1,0.0
O15Pb3Rh7,0.0
B6Ni21Ti2,0.0
F8Li1Na1Y2,7.2924
F3In1,4.2011
Hg2I1O1,0.9146
Ga1O12P3Zr2,4.1669
P1Tl1,0.0
Co1Ge2O7Sr2,2.5576
C1H1,4.9527
K3Sb1Se4,1.422
Si4Tb5,0.0
H13N3O8Se2,3.5554
Sr1Zn13,0.0
F3O1V1,3.6215
As1Cd1Ce1O1,1.1226
As2Sr2,0.0
Cl9K3W2,1.3764
Au1Na1Se2,0.8647
Ba3Li4Sn8,0.0
Cs1Sb2Se4,1.1106
Ba1Ho2O4,3.2272
Mg1O6Sb2,1.043
Al1Ni2Ti1,0.0
Ba1Mo2O16P4,2.1448
Hf1Si2,0.0
H12K4N4O12P4,4.3525
B10Dy3Ni19,0.0
As1Bi3Ni18S16,0.0
F6K3Mo1,2.6721
C2H2O4Sr1,4.8325
Ga1Mg2,0.0
Cl5Co1H15N5Pd1,2.355
Ni2P1Sn1,0.0
O8,1.3985
Ba6Mg23,0.0
Li1O5Te1V1,2.6687
As1K3Se3,2.1054
Au1Cr1S2,2.2002
Ge1P1,0.4991
Al1Cl6I1,2.2643
B2Cd1O4,3.4385
Li7Mn1N4,1.3477
F2H1P1,3.7999
S16,1.4742
Ni1P4Si3,0.3579
C4H16N2O6U1,3.1158
Au1Dy2,0.0
Na2Ni1O2Rb1,0.0
La1Ni1Zn1,0.0
F7K3Si1,5.9154
Cd1Cl1H1O1,1.4088
Li1O12P3Zr2,4.136
Co2Ge4Ho3,0.0
Li4Mo1O5,2.7062
Cl4Mo1,0.8933
I2O7Ti1,2.6292
C2N2S9,2.5805
Co1Na6Se4,1.9995
Cd1K2O2,1.4062
Ce1Hg1,0.0
C1Dy3Sn1,0.0
H1Ni1Pr1Sn1,0.0
Al2B2O7Sr1,4.6979
Er1Fe3,0.0
Gd1Tl1Zn1,0.0
Ag1Au1Cd2,0.0
Br12Co1Ho7,0.4491
N2O12Se3,0.968
Cd2O7Ru2,0.0
In1Pd2Tm1,0.0
Ca1O6Sr2W1,2.9093
Cu1Dy3Se7Si1,1.5506
Bi1Tb1,0.0
Ag1H2O4V1,2.7143
Ni2Si2Y1,0.0
Gd1I3O9,2.9976
Ge1Hg2Se4,0.3938
Ba1Ge1,0.0
Bi4Cu3La3,0.1759
B12S1,0.0
Co1H4N8,2.8691
F2Fe2O1S2Sr2,1.7652
H2O2Zn1,3.7046
Ba2N3Ta1,2.0291
Ni4U1Zn1,0.0
Re2Y1,0.0
K1Li1S1,3.0411
Pu2Se3,0.0
Mn5O8V1,0.7364
Cu1Sn1U1,0.0
Sc1Si1,0.0
Ce3I1S8Si2,2.6151
As3Rb5Si1,0.3824
C4K2N4Ni1,4.0213
O11Pb1V6,0.7324
O2Te1U2,0.598
Cd1O10Pb6Te1,2.097
Li1O12Te2V3,1.8426
Ac1H2,0.0
Ba2Bi2O6,0.0
As4Cd5Rb2,0.0
Co1Er7I12,0.4268
Dy5Ir2,0.0
Bi1Ir1S1,0.7434
Au5F21Tb2,2.2159
Al1Ce3N1,0.0
Pr2Zn17,0.0
B13Er4Ni1,0.0
In1O1Pr3,0.0
Ni4P2Y1,0.0
Ir3Mg13,0.0
Co2Ge1Li1,0.0
Fe2Gd1,0.0
C4Ni13Tb4,0.0
Cs2S6Sn2,1.4594
Ge4Hf5,0.0
Cu6S4Tl1,0.0
Ca1Cl2O6S2,4.6426
Co1Mo1,0.0
Ag1Ce1Sb2,0.0
La2O9W2,3.0031
C4I2N4Pt1Rb2,1.4505
Cr1Cs1H8N2O8,0.0
Al3C4U2,0.0
Be6Br2Li8O24P6,5.9274
Na2O3Ru1,0.6975
F2O3S1Xe1,2.4555
As1Ce1S1,0.1917
As3Na1O12Zr2,3.7653
Al1Tm1Zn1,0.0
B2Ca1H3,0.0
Er3Ga5,0.0
Ca2H4Mg1O10P2,5.3933
Cr3Si5,0.0
C1Co3Sc1,0.0
B6Ba2O12Zn1,4.3113
F1H6N1O2,3.4724
Cu1Hf1Si1,0.0
K1O12P3U2,0.0
O4S1Tl2,3.7855
Eu1H2,1.6183
Al1Co2Cr1,0.0
C1Cd1,0.0
Ir1S1Sb1,1.1992
In2Ir1La1,0.0
B4La2Rh5,0.0
F6H6N2Sn2,3.9334
Co2Si2Zr1,0.0
Pb1S2Ta1,0.0
Ca7Li5Sn11,0.0
Li1O4Rb2V1,3.9322
Bi3Se4,0.0
Rb2Te5,0.2536
Cu2Ni1Sn1,0.0
Os4Si14Y5,0.0
Cr4K3O16P1,2.7060000000000004
F5K1Li1Y1,7.0074
Cl2O6Sr1,5.2247
Ca2N8Si5,3.349
Ge2Li1Nd1,0.0
Ga1Ni2Sc1,0.0
Ge2K1O12P3,3.5968
C3Sc4,0.6658
Al1Cl4In1,4.1066
Au1N1Sr2,0.0
Er1K1S2,2.3695
Cu1Mg1P1,0.0911
Ca1H6O9P2,5.4596
Cr1Se2,0.0
Ni1P1Y1,0.0
Rb2S3,1.304
Bi1Ni1Sc1,0.0
Cl4H2K2O1Sn1,3.5819
O1P2Sr4,1.2247
Ag2Cl6Cs2,0.0
Cu5Mg13Y5,0.0
Cu2O4P1,0.0
C12Dy8Rh5,0.0
Br1Li6O5P1,5.0924
Hf1P1V1,0.0
Mg5Pt10Si16,0.0
As2Pd2Sm1,0.0
C1H2Na2O4,4.1795
S5Ti1U2,0.2012
Ni2Sn2Th1,0.0
Co2N1Ta4,0.0
I2O2Pb3,2.268
Al1B14Dy1,0.0
Ag2Hg1I2S1,1.6877
Bi1K9P4S16,2.0921
Au2La4O9,2.1242
Ag1Pr3Se7Si1,1.4846
Ga1Gd1,0.0
Ba1La1Sb2Se6,0.5192
Hf3In4,0.0
Al5Ba5Sn1,0.0
Au1Sm1Sn1,0.0
Au2Na1,0.0
Hf9Mo4Ni1,0.0
Hf5Ir3,0.0
Ca1O6Ta2,2.6682
Pt3S8Ta2,0.9454
Er1Ga1Zn1,0.0
O4Rb1Re1,4.1595
Al1Ca1F6H2Na1O1,6.6481
As1Cu1Sr1,0.1808
Au1Na1Sn1,0.0
S17Sc1U8,0.0
Sb1Sr2,0.0
Ba2Si4,0.7627
O12W1Y6,3.0939
Fe1Li1O8W2,2.4309
Nb1Pd1Si1,0.0
B1Mg8Pt4,0.0
Ho1In1Ir1,0.0
Ba1Sn1,0.0
Ba21Ge2O5,0.0
Mo1P2,0.0
N1Tc2,0.0
I1P3Se4,1.6702
Li6O7Si2,4.7957
Hg1Rb6Se4,1.3496
Mo6Nd1Se8,0.0
Fe1P1S1,0.0
Cu3K3Nb2S8,2.1362
Ca1N1Ni1,0.0
Cu1Ge6Tb2,0.0
C1In1La3,0.0
Al1Er2Ni2,0.0
Cl6Co1Fe1H18N6,0.0
Bi1Cu1Pb1S3,0.8219
B2Os1,0.0
Eu3O7Ru1,0.1461
Ba7F34Fe6Mn1,1.1106
Ba1Cu1Fe1O5Y1,0.0
Cd1F5Mn1,1.0437
Fe1P1Zr1,0.0
Dy1Sn3,0.0
Co16Ge7Ta6,0.0
N12Rb2Zn1,4.0533
Ce1Ru1Si3,0.0
Ag1Na3S2,2.232
Mg1O6V2,2.1558
H14N4O6Ru1S2,3.3158
B12,1.4514
Na1S2V1,1.2781
Bi1F6Rb1,2.7839
Bi1Cl1S1,1.9464
Be13Ho1,0.0
Ho1Rh1Si1,0.0
Co1Ge3Pr1,0.0
F6Sn1Tl2,3.9268
Cs1Mo1N3O11,2.6232
B1Ba1Bi1O4,3.603
Ag1Hg2O4P1,1.3008
C2H3In1O5,4.4046
Cl1Mo1O4Tm1,0.3466
As5Ba1Ni9,0.0
Ac1Br3,4.1084
C5H12N2O1,4.6255
Be13Tb1,0.0
Ba5Cd2F1Sb5,0.0
Au2In1Sm1,0.0
B2Dy1Fe2,0.0
Cl1Hg3O4P1,2.3713
S2V1,0.2893
Cl3H9N3Rh1,3.4004
P2Pa1,0.0
Ca3Na2O16Si6,4.3091
C8Co1H24Li1N8O12,2.7169
B2Dy1Os1,0.0
Th2Zn1,0.0
Ge1K1N1O1,2.6357
Br1C5O5Tc1,2.5951
Cr1Cu1O3S1Sr2,1.7471
As1Hg1K1,0.0
Cd1F6Rh1,1.3045
B12H12Tl2,4.5309
In5Ti2,0.0
C1Cl2Sc2,1.0974
Ag4Ge2Hg1S7,0.8585
Ag1P1S4Zn1,2.4825
Co1Er1Ge1,0.0
Ce1S3Sc1,2.1781
K1Mo12S14,0.0
K1Mo1O5Sb1,3.2562
Fe2O4Yb1,0.0
Ce3Ni2Sn7,0.0
C3F9H18O18S3Y1,5.947
Au1Cs3Pb4,0.5468
Fe2S4Si1,1.5783
Br1Cd1S2Sb1,1.5759
C6N9Pr1,3.502
Bi1K2O8P1W1,3.9734
F6Pb1Te1,4.5945
O7Sr2Ta2,3.0319
Er2Fe17,0.0
Co1Rh2S4,0.9185
Ga1Ir1Y1,0.0
Co3Ta1,0.0
Bi1Co1Zr1,0.8662
Ca1Cr1F6,1.6091
Er1Tc2,0.0
N1Ti3Tl1,0.0
O7Pr2Ru2,0.0
Cl4H6O3Sn1,2.8458
Ca1Cd1,0.0
Ca1Li1Sn1,0.0
C1Tb2,0.0
Mn6Ni16P7,0.0
Au3Tb1,0.0
Hg1La1,0.0
Br3Fe1,1.589
Ba4Ge1P4,1.0113
In1O3Y1,2.1584
Li2Mg1Tl1,0.0
C4H9N1Se2,3.5357
F6K2Th1,6.3579
Ru1Tb3,0.0
Al2Cl8Cr1,2.523
Co4Si7Ta4,0.0
Al1C1Ta2,0.0
Nb1O8Rb3,3.0317
B6Co21Zr2,0.0
C1Er5Si3,0.0
In1Rh1Tb1,0.0
In1La1Pt1,0.0
B13Ni1Y4,0.0
Na15Sn4,0.0
B2Li2S5,2.4535
Br7Nb3S1,0.9191
Co1Nb1Si1,0.0
C2Co1Er1,0.0
B6Co12La1,0.0
Au1K2Sb1,1.2002
Cl6Gd3N1,3.4704
Hg9O16P4,1.8599
C4H6K3O13V1,2.9663
Ca3I3P1,2.1567
F1K3O4S1,5.2212
Ge1Yb2,0.0
Rh1Si3Tb1,0.0
K2O12S3Zn2,4.8444
B10Nd2Ni1,0.0
Cr1Pr2Se4,0.0
Cr1Rh2Sn1,0.0
Hf2Si1,0.0
Er6Mn1Te2,0.0
Au2P2Se6Tl2,1.015
Bi4La3Pt3,0.0
Ag6Cr1O8Si1,0.1747
Au1Be5,0.0
Er1Ga2Ni1,0.0
Ba6Co25S27,0.0
Ho1Pd2Sn1,0.0
As2Ba1Pt1,0.0
In6S7,0.3335
Pr1Re4Si2,0.0
Fe3N8Sr8,0.0
S3Sb1Tl3,1.5419
Pt1Sc1Zn1,0.0
Ho1Ir1Si3,0.0
Fe1In1Ti2,0.0
Cu2Mg1S4Si1,2.009
Al1C1Dy3,0.0
Pb1S4Sc2,1.9466
Cu3Ti1,0.0
Fe1Nb4S8,0.0
Bi3Dy5,0.0
Si2W3,0.0
Bi1K1,0.4206
Cu1Pb1Se3Yb1,0.0
P4S10,2.59
Li4N6Si2Sr3,2.0817
C4Cd1Cl2H8N2,2.157
Br3P1,3.2774
H6Mn1O6S1,4.4545
Al2Dy1Ni1,0.0
C1La3Pb1,0.0
Cu4Er1Pd1,0.0
Au1Sn1U1,0.0
Cu1La1S1Te1,0.4969
Gd1Na1O2,3.7112
Er1Li1O12P4,5.7066
Tb1Tc2,0.0
Al1F7Na2Ni1,4.7966
F9Nb1Se1,5.4876
Hg2Mg1,0.0
C6H12N10O2S2Zn1,3.7892
Mo2O7Y2,0.0
Ba1Co1Er2O5,2.0328
H10Ni1O10Se2,2.7577
Ca1Hg2,0.0
Br1Cu1O2Sr2,2.7393
I1O1Y1,3.4118
C4Er4Ni13,0.0
Al16Pt7Ti6,0.0
Cd1Y1,0.0
F1Ho1O3Se1,4.3029
In1Na1Te2,0.6568
Ba1Ga1H1Si1,0.5385
Ge1Rb1S5Ta1,0.9676
Bi4Cl16Te14,0.5892
H6O6P2V1,2.6655
Ba2Mg1O8P2,4.0345
Al10Fe2Yb1,0.0
As1Br3F6S1,2.5125
Br1O1Y1,4.4137
Cd2Cu1O8P2,1.9551
Ag1As1Zn1,0.0
Ag2Ba1S2,1.3456
Hg1I1N1O3,1.9435
Au1Sb2Sm1,0.0
As2Zn1,0.2795
Ho4In1Ir1,0.0
Co1Ge1Zr1,0.0
Er2Hf2O7,3.0089
Cs1O18P5Ta2,3.0677
C6O6W1,3.1001
Cu9Ge4Sr1,0.0
Ho1Zn3,0.0
B4Ho1Ru4,0.0
Al1Ni1Pr3S7,0.0
Bi1Sm1,0.0
B6Rh8Sr3,0.0
Ce1O4Sr2,2.879
Ga1Pd1Y1,0.0
Br10Co1Er6,0.1121
Mo2Ni6P3,0.0
Al2Si2Yb1,0.0
Cr1O3Pb1,0.0
F6K3W1,1.3655
In1Tb2,0.0
Cl4Cu1Ga1,2.4881
Al1Au2U1,0.0
F8K3Ta1,3.9769
Ba2Co1Cu2O2S2,0.0
Cr2O11Te4,2.3331
Cd1P2Rb2Se6,0.2779
Ba2Fe1S3,1.7393
C4H20N4O12Pt1Zn1,3.4152
La1Ni1O2,0.0
C3Dy2,0.0
Fe1Pd1,0.0
F6Hg2O1Zn2,1.097
Mg1Se1,2.5723
Nb2Se11Tl4,1.0484
Ru3Th7,0.0
As6K6Na4Sn2,0.528
La4Mn1S7,2.4309
Co16Si7Ta6,0.0
Ba1Ge1Pt1,0.0
Br5Nd3S2,2.1248
Gd5Ge3,0.0
C1In1Sc3,0.0
Cd2F1Sb5Sr5,0.0
Cs2F5Li3,5.5887
Cl10N2Si4,5.0678
Lu1Pd3,0.0
Sc1Zn2,0.0
Ce1S6Yb3,0.0
C7Re2Sc5,0.0
Pt1Tl2,0.0
Cd1Ge1Li2S4,2.2741
Co6O11Sr1,0.0
Eu1Sn1,0.0
Au3P7Sn1,0.209
Ag1Te2Y6,0.0
Ba1N7Si4Y1,2.7338
B2C1Dy1,0.0
C3F3H6N3O2S1,2.196
As1Li1Mo1O6,2.3263
Ba2Ce1O6Pt1,2.1884
C2H2K1O9S1Tb1,3.0367
Cl9S1Sb1,1.7722
Fe1La3Mn1S7,0.8046
Mo1O6Sb2,1.3963
Be4O7Te1,1.2905
As2Hg2O6,1.2399
K2O9Ti4,3.3329
Al1Cs1Te3,1.3332
Cu1Ho1Pb1Se3,1.3819
Fe4P12Tb1,0.0
Ag1P2Sc1Se6,1.9382
O32Si16,5.6773
Ga2N4Sr3,1.6335
Fe1Na6Se4,1.625
Al9Rh2,0.0
Ag1F7Ir1,0.0903
Ca2O7Ru2,0.0
Cu2H1O5P1,1.0634
K2Te3Zr1,0.4362
Be1O6P2,5.8317
Fe1Pb4S14Sb6,1.2592
Cu1N4O10,1.1872
Ba1Fe2P2,0.0
Cs5Hg19,0.0
Ba1H2O14P4Si1,5.7112
Ir2Y3,0.0
Ge6Rh7Yb4,0.0
Ga1Ir1Li2,0.0
H3O9P3Sb2,3.9215
Sb1Te1U1,0.0
Ag2Ba1,0.0
Fe4Si7Zr4,0.0
Cu1O8P2Sr2,1.7793
Br3La3Ni1,0.0
B18Rb8Se18,2.1994
Ag3P6Si3Sn2,0.3779
Er1Pd3,0.0
Cl19Li1Nb6,0.9562
B13Ni1Tb4,0.0
Rh2U1Zn20,0.0
Ag1F4K2,2.104
Au7Cs4Sn2,0.0
C1F5N1S2,2.9478
O4Pd1Se1,2.1175
H4N1O7V3,0.9633
K1Li4Nb1O5,4.1034
As2Ba1H2O9Zn2,3.3756
Cu2Ge1S3,0.3555
Fe1Rb1S2,0.0
Fe2Si2Yb1,0.0
H2Mn1O7P2,4.513
Sm1Zn5,0.0
Cu1O4U1,1.189
Cl2Cu1K2O4S1,1.6018
B6Co20Ti3,0.0
F6Hg3S2Si1,2.7993
Cl1La1Se1,1.2875
Ag3Na1S2,1.0973
Co1K6Se4,1.7405
As2In1O7Rb1,2.5657
Co1Na6S4,2.1866
Er1Te2Tl1,0.6179
C2Er2Re1,0.0
Gd2Na2O10Ti3,2.529
F1In1O1,1.5028
C16Co4O16Sn1,2.121
F4Pd1,1.0332
B6Er2Os1,0.0
Mn1Nb1P1,0.0
Cl2K2N2O4Pd1,0.0
Cd1Cs3I5,2.8801
O2Sb1,1.8864
C4Ce2F1Na3O12,3.9109
Eu1In2,0.0
In4Ni1Yb1,0.0
B6Cs2O10,5.2676
Bi3I1In2Se7,1.2242
C3H8S2,3.9683
Au1Ni4Yb1,0.0
Ba1Ca2O9Si3,4.5666
Th1Zn2,0.0
As2Cd1Sr2,0.5788
Cl6K2Os1,0.0
B8S16,2.5535
Co3Er4Ga16,0.0
Fe2Rb9Se7,1.5433
Ga1Mn3N1,0.0
Li3N4Sr2Ta1,2.1561
Nb1Se4Tl3,2.1922
H4Li2O8S2,5.1622
F6Rb2Si1,7.0271
Ag1Bi1Cl2S1,1.385
Nd1Sc1Si1,0.0
La1Sn1,0.0
O4P1Rb3,3.6757
Ag1Mo3O14P2,0.0
Ag6Cl1F3Mo2O7,2.5141
Cl7N2Sb1Se3,1.682
F3Pr1,4.1858
H2Sm1,0.0
As1Li1Ni1O4,2.7015
Cu9Ho1Mg2,0.0
Cl4Cr1Cs2,1.919
C4Cl2Cu1H8N8,0.0
S8Sb5Tl1,1.5353
Au2Ba1Sb2,0.0
As1Cs1F4,4.6001
H2K1O7Se1V1,2.6176
P1Rb3S4,2.7528
F8Na2U1,2.9197
Ce2H5,0.0
Br6H6N2Sc2,3.549
Ba3Ir2O9Y1,0.1664
Ag1K2Se4V1,0.6738
In2La1,0.0
Ag3O4P1,0.0
Cu1F6H8O4Zr1,0.0
Fe1Nb1P1,0.0
Cl4H12N3O3Re1,2.5663
O1Yb1,1.0551
Li2Si6Sr4,0.0
C6Cl6H20N2Sn1,2.6685
P1Pd1S1,1.2319
Pd1Si1Y1,0.0
Be3Ta1,0.0
B1H8Li1N2,5.6044
As2O12S3,4.5701
Y6Zn23,0.0
Dy2O12W3,3.6875
Ge6La11Ni4,0.0
Ir2Pu1Si2,0.0
Al1Th1,0.0
Mn1Nb3O6,0.0
Co1U1,0.0
F24Sb2Xe6Zn1,2.6096
B1C1U1,0.0
O6U1V2,0.0
Ag2Ba1S4Sn1,0.6116
Na6O9S2,3.0301
B8H30Mg4,5.7318
Pd3S4Sm1,0.0
Co4Er3Ge13,0.0
Na2O4W1,4.8971
Co2La2O5,1.2392
C3H8N2O1,4.1717
C2F6H1N1O4S2,3.6781
Ag2Ba1Mn1O8V2,2.7016
Hg1O2Sr1,2.1789
Ba1Mg0.333O3Ru0.667,1.0313
Co3Fe5,0.0
Al2Ba1Te4,1.544
Ga2Pb1Se4,1.7662
Ge2Ho1Ru2,0.0
Co15Cr2Ho2,0.0
Fe12P7Tb2,0.0
C2H5K1N3O4P1S1,3.7865
O8P2Rb1Ta1,3.4979
Dy3N1Se3,1.1908
Ca1O8P2Zr1,4.343
Rh1Zr2,0.0
C4Cu1H12N8Pt1,0.0
Br2O1S1,2.7209
Cd1O6Sb2,1.4565
Ca1In4Rh1,0.0
As4S5,1.9759
C1Cd1Ti2,0.0
Li2O3Pr1,2.1971
In1Pt1Y1,0.0
Cu1La3S7Si1,1.7804
O3Rh1Sr1,0.0
F6Ni1Pb1,1.9525
Co8Mn4Pr1,0.0
As12Pr1Ru4,0.0
As2Ca1Cu4,0.0
Eu1P1Pd1,0.0
C1Pt3Sn1,0.0
As2Cu4Eu1,0.0
As1Fe2,0.0
Au1N1V3,0.0
Br6N3P3,3.0446
C1Cl1Co1H18N6O3,2.435
Ba4Mn2Na1O9,0.0
Co1Fe1P1,0.0
Ag2Te1,0.0
Ga2Lu3Mn3Si1,0.0
Li0.667O5V2,0.0
Au1O1Rb1,1.683
H6Os1Sr2,2.8831
Ga12Pt1Y4,0.0
Ni12P7Yb2,0.0
Hf2K2O5,4.4319
Nb6O16Sr1,1.9211
Ca6Cu2Sn7,0.0
In5Rh1Tb1,0.0
Co1H8K2O16P4,0.0
Sn4Tb5,0.0
P5Yb1,0.4312
Ba2O9P2Te1,3.4237
F2H4N1O2P1,5.1965
Er1Rh5Si3,0.0
Cu2In1Zr1,0.0
Ba1H2O14Se4V2,2.2842
P1S1Th1,0.0
Al1Gd2,0.0
Ir1Mn3N1,0.0
Cl1H6Na1O5,3.0155
O1Pr1,0.0
C3Dy2Fe17,0.0
Be6Cd8O24Se2Si6,2.9344
K3O4Pd2,0.0
Cl2H8Mg1O4,5.2928
Pt1Sb1Y1,0.2921
Al10V1,0.0
Ge2Hf1,0.0
Ir3Nd1,0.0
Cl1In1O3Te1,3.1460000000000004
C2H1K1O4,3.1303
Rh3Sn5Y2,0.0
Fe1Ga12U4,0.0
Ni1P3,0.0
Co3Nb2Si1,0.0
Al1Cu1Dy1,0.0
Mo3N1Ni3,0.0
In5La4S13,0.0
Hg3O6S1,0.529
Eu2O11Te4,0.0684
B12O24Se2Zn8,4.9395
Ge5N2Sr6,0.0
Mo1O3Tl0.33,0.7512
F5I1,4.6986
Ca1Fe4O6,0.4599
In1P3Rb6S14,2.0282
C60Cd1H36N12,0.0
O8Se2Te2,2.9358
B4Ce1O12Sc3,0.0
O24Rb4Si8U2,3.8019
K1Pr1Se4Si1,2.1265
C3Cl1H10N1O1,5.3205
Pb3Sr2,0.0
In5Rb1S8,1.3574
Eu1P1,0.0
Cl3Ga1H15N5,4.3997
Co2Na6O6,2.0886
C1Co1Gd1,0.0
F7K1Sn1Zr1,4.2004
Cu1Hf2Sb3,0.0
Br6Ca1Th1,1.8482
Cl2Ni1,2.9132
Si1.4Yb1,0.0
Er3Ir4Si13,0.0
Br4Tc1,0.0
Ba3N4W1,1.9761
Br3Cr1In1,1.5882
F4Ir1,0.8621
C2Cl4N3P1,3.7813
Cd1Ga2O4,1.77
Dy2Mn3Si5,0.0
Ca3Pb1,0.0
N1Na3O4,3.7952
B1Pb1Sc3,0.0
F1H1O3S1,3.0563
S1Th1,0.0
F5Fe1H4Mn1O2,0.4453
B6Os1Tb2,0.0
Cu1Si4Zr2,0.0
Bi1Cd1I1Se2,1.3231
Ir1Li1O6Sr3,0.0
As2O8Pb3,3.2962
Cr2Si2U1,0.0
Ba1Cl2O6,5.2691
Ag3Au1S2,0.6432
Ag1Pt5Si1,0.0
Br9Te1W1,0.7095
Ga1Se8V4,0.0
Li12Mg3Si4,0.0
C2H16N2Na4O16P4Zn1,4.7724
Ba1Ga1Nd1O4,3.7191
As3Sr4,0.5868
B9Li1O15Sr1,5.6153
H16N4O12P4,5.2523
Nd1Pt1Sb1,0.0
Cu4Ge4Sc3,0.0
Co1H8O16P4Rb2,4.5194
Pb1Pt3,0.0
B3Be2K1O7,5.4206
P2Pr1Rh2,0.0
Ag3Yb5,0.0
Ag1F10P1Xe2,2.5082
Ca1H4O7Se2,4.2281
O8P2Sr1Ti1,3.1335
Cl16Ge6,3.1475
Dy1Na1S2,2.2749
C2Ga2Ge4H10N2O12,3.4815
Se1Si1Th1,0.0
Ag2S4Sn1Zn1,0.4716
Ba1Hg1O5Ru1,1.0343
Cd2Cl2P1,1.1448
H4Mn2O6Si1,2.4643
K1Ni1O9P3,4.5568
Ba1Mg4Si3,0.0
B2Os1Pu1,0.0
Fe1Si2Tb2,0.0
La1O9V3,2.5904
B2Mg3O6,5.1417
Re3Si5U2,0.0
Al2Ge2Yb1,0.0
Cu1Ge1Pr3S7,1.7907
Al1La6Mg22,0.0
F14H2Mg1Sb2,4.3991
Ba2Mn1Te3,1.2736
Cr1K1P2S7,2.0072
B2Ru3U1,0.0
Mo4Nd2O18Sb2,3.1654
Cs1N3,4.2179
Eu1H3Li1,0.4606
Cl6O1S6Ta2U1,2.1659
Cd11Eu1,0.0
Ce2O11Te4,3.3086
Ca1Cr1O7P2,2.9668
Al2Er3H7Ni6,0.0
Au5K1P2S8,1.8571
C8Cl1H20Li1O4,4.8938
Ge2Nb1,0.0
Cs9F27Ni9,4.3123
Cu1Ge1Se7Tb3,1.1685
F6Li2O3Ta2,3.9884
Cd1Nd1Tl1,0.0
Br7Hg6In1Sb4,1.08
Nb1P1Se1,0.0
Na5O6Re1,2.3326
Pt5Th3,0.0
Pt2Pu1,0.0
C2Na2Pd1,0.9361
Al1Tb1,0.0
Ba1S4Yb2,0.0
Ca1Na10Sn12,0.6638
Ge6Mn6Tb1,0.0
Cu1S7Sn1Tb3,1.4016
Hg1O6V2,2.0209
Ba1Cu2Ge2O7,1.4083
Co1F3Na1,4.1647
B7Dy3Fe1,0.0
Eu1Pt2,0.0
Co1P1Zr1,0.0
Al2Ba1Ge2,0.0
Br1F1Sr1,4.9966
Ba2Ge1Se2Te2,0.8146
P2Rh2Sr1,0.0
N7P4Rb1,3.6988
Se3Th1,1.2118
C1Cl1H5N2O4S1,3.0297
Al8Cr5,0.0
In13Pd6Yb2,0.0
Na6O4Zn1,1.7725
C3Nb4Si1,0.0
K3Na1O8Se2,3.5483
Cr1F6Li2,1.4635
Cu3Ge1,0.0
Al4Eu1,0.0
Dy1Ni1Zn1,0.0
In2Li2Se6Si1,1.5216
Cl4Tl2,2.2083
Ge136,0.0
B1Ir1Pd1,0.0
H1Rb1,2.9084
Be3F12K2Mg2,7.01
Li2Pt1,0.0
K6O5Pb2,2.1205
Ce1Cu2Sn2,0.0
La1Ni5Sn1,0.0
Na1Nb1O6Sr3,3.5487
Ce1I1S1,0.9308
Se2Tl1Yb1,0.0
Al3Cu2Gd1,0.0
V4Zn5,0.0
C5I1Mn1O5,2.6333
Hf1I1N1,0.9753
O8Pb2Te1U1,2.6856
Er5In4Ni2,0.0
C4Cr1H4K1O10,3.4238
C2Cs1I3N2,3.459
Ni1O3Se1,2.7367
In14K3Mg20,0.0
B3La1O6,5.0691
Ho2Te5,0.0
Cu1Hg2Zr1,0.0
B7Cr1Er3,0.0
B7Cr3I1O13,1.8595
F6Li2Tb1,0.3403
Cu1Pr1Se2,0.9738
Ir4Sn13Sr3,0.0
Er3Ir2,0.0
Al1H6Nd1,2.0871
Ba1Eu1Fe2O5,0.0
Cu1Ge1S7Y3,1.8669
Ge4Nb3Sc2,0.0
I4In1Rb1,2.5597
As4Br6Cd1Hg6,1.3591
Ba1Cu1F1S1,1.9293
Na3O5Os1,0.8953
Be2Ru1,0.0
Ag1Ga1P2Se6,0.8267
I8Pt3,0.8446
Ni1Rh2S4,0.0
B1Co4Er1,0.0
Ca2O5U1,3.1341
C1Ce1P1Ru2,0.0
H8O16P4Rb2Zn1,5.1626
O9P2Zr2,4.1099
Ga16Rh7Sc6,0.0
C2Gd1Mo1,0.0
Gd1Li1O12P4,5.9103
Al1Ce1Rh1,0.0
Ag1Yb1,0.0
N6Na3O12Rh1,2.5853
Co1La3,0.0
Br2Ni1,2.2291
Ba3Ca1O9Sb2,3.1721
Co1Gd1Si3,0.0
Au6Tb1,0.0
Cl1O4Rb1S1Zn1,4.9526
Ba2Re6S11,1.3108
Br1F6O2Sb1,1.9843
Mn2Pr1Si2,0.0
Be13Pu1,0.0
H1Li1O4S1,5.9761
Ge1Mn1Pr1,0.0
Bi24Mn2O40,0.0
Ag1Sb1Sr1,0.0
Bi1O4Re1,0.0
Ag2Cd1Ge1S4,1.2683
Au3Ge1Na1,0.1229
C8H48N24O24Pt1W6,3.1975
Cu4Ge2Ni1S7,0.0
Ce1Os4Sb12,0.1165
Fe12Y1,0.0
Mo1O6Pb1Se1,2.0422
C5Er1H9N2O8,4.4849
Fe2Hf1Si2,0.0
Os1P1Ti1,0.0
K1P1Pb1S4,2.3674
Cl4Cs1H18N6O8Ru1,0.0
Bi1O3Rb3,3.1139
In4Rh2Sc5,0.0
B6Fe23,0.0
Os1Si1Zr1,0.0
P3Rb5S12Th1,2.2183
Ga9Ho3Pd2,0.0
Er1Pt2Sn1,0.0
Co7In14Zr9,0.0
B6Dy1Ni12,0.0
La1N1O2Si1,0.8282
B2C1Pr1Pt2,0.0
Bi1Cs1Ge1S4,2.024
Co1Ga1Hf1,0.0
Ga5Pt1U1,0.0
Dy1Pb3,0.0
Br2Nb1S2,1.6408
Ge2In1Li1Sr2,0.0
In1Li1O7P2,4.0919
Cd1Cu2Si1Te4,0.4732
Ni10Si2Tb1,0.0
Na1Sb1Zn1,0.0
F1Mn2O4P1,3.1362
La2Te5,0.0
Au1Dy1,0.0
B1K1Na2O3,2.8235
Cs1Mn1P1,0.0
B1S3Tl3,1.3962
Ca3N1P1,0.8052
Ga4Ni3,0.0
Ir1Tl3,0.0
Ag1F12Ta2,2.4164
Al1Br4Tl1,4.1436
Ag3Er3Ga8,0.0
C2H1N3,4.4076
Ag1Si1Sm1,0.0
Ag1Hg2N1O5,1.2033
B2Ru3Y1,0.0
Fe1Si1Ti1,0.0
Hg5Mn2,0.0
Ag1I3O9Pd1,2.2037
Cl1H1O1Sr1,4.9676
S1Tl2,0.7436
O7Pr3Ta1,3.5481
Ag1Gd1Se2,0.9889
Co1Fe1,0.0
Br6K2Pt1,1.1032
C1Dy2N2O2,3.9777
Cd1Ce2Pt2,0.0
Ba1Ga1H5,3.1114
Cl4Cs6O1,1.9951
Bi2I1La1O4,1.2073
Ce1Ni4Sn2,0.0
C4N4Pt1Tl2,3.4557
Cu23Yb6,0.0
Ca1Cu1O10Si4,2.3669
C3O9Rb2Sr2,4.472
Tb3Tl5,0.0
K3O2S2V1,2.4102
Cu1H12I4N4,0.0
Se8Tl1V5,0.5687
Ba1Eu2O5Pd1,0.0
Cr1O5Ti2,0.0
Bi1Cs2F6K1,4.9296
Tb1Tl3,0.0
C2Pr1Rh1,0.0
Ba2Cu3Li1O6,0.4017
Al3Tb0.8Zr0.2,0.0
Ru1Sm1Sn3,0.0
Ag1Sn1Tb1,0.0
Ba2Gd2O13Si4,4.6984
Ge1I2La2,0.2433
Ge2Mg1Tb2,0.0
F1Hg2O3P1,1.4462
Mg1O3V1,0.0
C1Gd3In1,0.0
H6O14Rb2W2,3.0557
Al18Mg3Ti2,0.0
Eu1Ru1Sn3,0.0
Cs2F6Fe1Na1,3.8002
Ba6Mn5O16,1.4355
As3K2Mn3O12,0.0
Na1O5P1Ti1,3.2625
B1Dy1O3,5.3748
Au2Si2Tb1,0.0
Ge10La7Li8,0.0
As1F11H1N1S1Xe1,2.5161
Br2O1V1,0.4011
Cd2Ce1,0.0
Bi1Ce1O9W2,3.2230000000000003
Ca1Ga1Ge1H1,0.4665
Ag1In1O2,0.6242
Pt7Zn12,0.0
Ag1Cs5O9Si3,2.5436
S4Sb2Yb1,0.9382
C1F3I1N2O6,3.3266
B1La1N1Ni1,0.0
Ca1Rh2,0.0
O4Pd1S1,2.0392
C1Co1Fe2,0.0
Al1Au1La1,0.0
S5Sn2Tl2,1.1732
Nb2O7U1,0.9133
C2Ca1H4N2O2S2,4.0582
Li3O4Ta1,4.6408
O7V4,0.0
F4Pt1,1.5603
Ga5H1O8,2.2874
Ge2Ho1Pt1,0.0
Cd4K6Se13Sn3,1.2136
Au2Ce1Ge2,0.0
P2Rb1S7V1,1.4878
H2O8P2Ti1,0.9748
Ge13Ir4Pr3,0.0
Bi3Sr4,0.0
C3Cd1N3Rb1S3,1.8812
C1Nb2P1,0.0
Ge13Ir4Yb3,0.0
B4Mn3,0.0
O6Re1Sn2Tc1,0.0
K2O15Si6Ti1,3.7486
O4Sb1V1,0.2038
Rh2Zn11,0.0
Ho1In1Zn1,0.0
Ga3Ta1,0.0
As3H5O10,3.0051
O1W3,0.0
Na4S10Si4,3.5173
C1Cl14Ti6,1.1977
Fe17Ho2,0.0
Ba1Ni2Si2,0.0
Cr2Li2N8O1Sr6,1.8679
B2Ho1Os1,0.0
P2S6U1,0.0
B3Nb2,0.0
As2O4Pb1,2.8502
As1Nb3,0.0
Bi1Te1U1,0.0
Dy3Rh1,0.0
Na5O16W4Y1,4.5431
Cu3La1O12Ru4,0.0
Fe1Ru2Si1,0.0
Al4B12Be4Cs1O28,0.0
Au1Ge2In3Yb3,0.0
Fe1Ho6Sb2,0.0
Al3Tb1,0.0
Cs2N2Tb6Te7,0.7836
As1Fe1Ta1,0.0
Fe1Si1Ta1,0.0
In2Pb1S4,1.4856
Ca1N2Si1,3.4312
As1Cu1H1O5Pb1,1.2217
Hf9P1W4,0.0
Ca1Si1Sr1,0.417
Na10Sn12Yb1,0.6786
Ce5Li5N12Si4,2.2968
Ba1H3Na1Pd1,1.5473
Bi1F4K1,3.2588
C4N4O4Si1,5.6497
Ga10Ru3Yb2,0.0
O11Ti6,0.6087
Cl4Cs3Li1,4.7437
Cl3Ge1Rb1,3.7692
Au2Ga1,0.0
Ga2Li1Pd1,0.0
Sb4Sn3Sr1,0.0
Ca1Cu2O3,0.0
Ba1In2Ir1,0.0
C1.06Mo6Ni6,0.0
Pt1Sc1Si1,0.0
As1Li1Mg1O4,3.4614
Cu2Sb1,0.0
K3Na1O9Re2,1.9304
Er2Hf1S5,1.2689
Au4Lu1,0.0
Hg1O3Ti1,1.366
Ba2Cu2O7Tl1Y1,0.0
Br4In1K1,2.8754
Al1Li1O12P4,5.7441
Br1Cr2O4P1,2.1121
La2Ni2Zn1,0.0
Ag1Li1,0.0
Au4Ce1Si2,0.0
C4H4N4O2Pt1,3.4225
Ge1Ti3,0.0
I4Ti1,1.4429
C3Hg1N3Rb1S3,1.9808
Ba6Cl2Ir1Nb2O12,0.0
Al10Ba7,0.0
Li3Tl1,0.0
Ce1Pd2Zn3,0.0
Cs9Ga1O4,0.0
Ba1Dy2Te4,0.7822
F1H4Na1Ni1O6S1,1.5234
Ba2Ho1O6Ta1,3.5027
Ce1Co1Sb3,0.0
Cs3P1Se4,1.8144
F8N4P4,5.135
Cl8Mn1Na6,4.2332
As1Pt5Zn1,0.0
Hg20Rb3,0.0
Cu1Hf4Si4,0.0
Ga1Ho1Pt1,0.0
Cs1F4Mn1,0.1658
Bi1Mn1O5V1,2.2219
Cs1Cu3O2,1.7009999999999998
Br1H1K2O1,3.5024
As1La1S1,0.1821
Hf1Pt1Sn1,0.0
Au1Gd3O6,1.8622
Cl4K2Mg1,4.7626
Na1Nd1O4Ti1,3.1895
Al3O27P9,5.5174
Sr1Tl2,0.0
Ba4Ce1Mn3O12,1.8652
Au1F6Tl1,1.7843
I4S1Tl6,1.7627
Hf1Tc2,0.0
C2Mg1,2.5559
Cs1Li1Mo1O4,4.3210000000000015
Al2Mg1Se4,1.0467
Au5Cd8,0.0
C2H8I3N1Sn1,2.7512
As1Na1O4Zn1,3.1207
Cr3Nb1,0.0
Mn2Ru1Si1,0.0
Gd2Hf2O7,3.4526
Ge1H2O4Sr1,4.0755
Ga4Sr1,0.0
K2Li14O14Pb3,1.9241
K1O8Pr1S2,3.65
P1Sb1Zr2,0.0
Li2Mg8Si4,0.0
C4H9Mn1N1O6,0.0
B12Th1,0.0
Fe2O14P4Sr1,1.4656
Pd7Se4,0.0
Co1Gd7I12,0.0
B2Ca1H1,0.0
Ca1Cu3O12Ru4,0.0
Cs1F3Sr1,6.2214
Bi2Co1Y6,0.0
Dy6Fe1Sb2,0.0
Al20Ce1V2,0.0
O8Ti3Zn2,3.1745
Co1H4Th1,0.0
Er3In5,0.0
As3Ba1H1O11Zn2,2.5298
Br14Ga4Te4,1.2919
Ca1Cl2H4O2,5.3547
O8Te3Zr1,3.6494
Al6Na8O24Si6,0.0
Ce1F7Zr1,4.2239
F6I5Sb1,0.9333
Bi1Ni9S8Te1,0.0
Au1Ca1Sb1,0.0
Li2N5Ta3,0.0
Ba2Ni3,0.0
C1La2N2O4Si1,4.1984
Ca2N4Sr1W1,2.653
Cr3H1O8,0.0
Ca3Pd2,0.0
Mn2Sn1Te4,0.0
Ca1H8K2N12O4,4.1744
Ag1K2Sb1,1.1821
Br1Ce2S5Sb1,1.4629
O30P6Re2Si4,2.17
Ge1Na1O4Yb1,0.3429
B1F9Sn3,4.3667
Br4H10O5Sn1,1.8842
As1K3,0.122
Ag1P1Pt5,0.0
Cr2O6Te1,1.5291
Bi1N1Sr3,0.2632
F7Pb2Rh1,2.7824
Gd1S3Sc1,1.9229
Au1Ga1,0.0
Fe6Ge6Ho1,0.0
Na1O6Si2Ti1,2.8943
Cr2O7Rb2,2.7717
F4H8N2O1V1,2.4652
Ga1Rh1U1,0.0
Au1Ho2,0.0
In2O7Si2,2.8222
Cl1K3O1S3W1,2.5795
S3Th2,0.0
C1Co3Sn1,0.0
Er1P1S4,2.143
P6Sn2Sr5,0.305
Be2Ca3H2O12Si3,4.9774
C4Cd1H8N6S4,3.3104
B2Ir3Pu1,0.0
P4Se5,1.746
Pd3Th1,0.0
C4Hg1N4S4Zn1,2.4899
F6Li1Mn1Ti1,3.1979
Ce1Ni5Sn1,0.0
Cl1N3,2.2733
Ba2N3V1,1.4631
Bi2Ho1I1O4,1.3976
Cu1Gd2K1Mo4O16,1.4048
B2C5Dy5,0.0
B2Li3O6Sc1,2.5509
Bi5I1O7,2.5254
Cl12N1Sc7,0.0
Ce2O4Si1Te1,0.0
Ce1Co1Si3,0.0
Cl4Ta1,1.4594
Ce2O7Si2,4.6038
Al1Li1Se2,3.0225
Eu1O4Ta1,0.3203
Mo6Ni1Te8,0.0
Be1O4S1,6.9395
Nb5P4Pd4,0.0
Ga3Ho1Ru1,0.0
As2F12N2S1Se2,2.2555
As2Ge3Te6,0.3416
Al1Ce3Ni1S7,0.0
Ca1Mn4O15Si5,2.9446
F19Li3Zr4,5.5227
Co10Ge3O16,2.1902
Br3Ca1In1,3.1194
Ce1Ge3Ir1,0.0
Al1Pd2,0.0
Al2Ba3F12,6.7166
Er1Pd3S4,0.0
Ag1Li2Sn1,0.0
Ba2F18Zn7,5.3978
O6Rb6Tl2,0.0835
C1F3I1,3.7091
C4Fe1Ho2,0.0
Fe3N1Ni1,0.0
C6Co1K3N6,5.1398
Cl6Hf1Te6,1.0195
Er1Ge1Pt1,0.0
As2Ni4Yb1,0.0
B5Na3O10Sr1,4.5837
K2O32Ta15,0.0
Ga6Mn1Tb2,0.0
P1Te2Ti2,0.0
Pr1Zn11,0.0
Cd3Cl3P1,1.8231
B2Rh3Tb1,0.0
Cu1Pb1Pr1,0.0
Bi12Ge1O20,2.4426
Mn1Nb3S6,0.0
Ga1Hf1Pd1,0.0
Hg1Mg2,0.0
Li4O5Se1,2.4467
Cl10Nb1P1,2.3217
As1Cu1Li2,0.0
F7Na2Ni1V1,0.0
Bi4Se3,0.0
Ga1Rh1,0.0
Ag5O4P1Te1,0.9687
Ba1Ge2S5,2.1547
Ge1Li2O3,3.5103
Al1Li2Rh1,0.0
Yb3Zn17,0.0
Ge4I4S6,2.1739
As2Cu1Dy1,0.0
Al1C3Cl2H8N1,5.4131
Li1O2Ti1,0.0
Cl3Mo1,0.7437
Ba3F12In2,4.6328
Ge3Ir2Tb3,0.0
O6Os2Pb2,0.0
Bi1In1S3,1.3542
Fe1H2K1O6P2,2.0566
Se1Si1U1,0.0
As1H13K2O10,0.0
Dy5Ge10Rh4,0.0
Cd2Yb1,0.0
Co1Hf9Re4,0.0
I2Ni1,1.4344
Cd3O9Si3,2.6906
Ge3La1Os1,0.0
C1Tl1Y3,0.0
Bi1O3Rh1,0.9063
I3Os1Pr3,0.0
Dy1O6Ru1Sr2,1.2553
K6O1S6Si2,3.1378
I6Nb2Se2,0.8859
Mo1Na2O6Se1,3.5597
Br1O12P3Sr5,4.9392
K2Mo3O12Th1,3.5082
Ba1Co2H2O9P2,3.8711
B7Cl1Co3O13,3.017
B1Co4La1,0.0
C4Cl4H12S2Sn1,2.4318
In1La1Pt4,0.0
Ag1Au1F4,2.1832
C1Mo2Pr1Si2,0.0
C2Ni1Yb1,0.0
F4Se1,4.0456
Cr3N1Rh1,0.0
Co6Li1P4,0.0
Cs2O2,1.6429
Ge2Na1O12P3,3.7664
Au1Li2Tl1,0.0
Mn3N1Zn1,0.0
Os1Si3Sm1,0.0
Ba2Mn1S3,1.86
Au1N1,0.0
K2S5Sn2,1.1894
B1Hf9Os4,0.0
As1Cl3F6Se3,1.947
B3C1Nb3,0.0
C2Cu1H10N8O8,0.0
C6Cu1H4N8O4,0.0
Ho1Ni5Si3,0.0
I4Li2Zn1,3.4004
Al2Ge2Nd1,0.0
Fe1Sb1Te1,0.0
C1Cu1O3,0.7293
Nd1Pd1Tl1,0.0
Pt3Zr5,0.0
Ge1Th2,0.0
Li1N3Si2,5.0108
Ho1P5,0.0858
Sn2Y1Zn1,0.0
Re5Si3,0.0
Cu1I3Na1O9,0.0
Br2Cl2Cr1Cs1H18N6O8,1.4245
Fe1K3O2,1.5872
Mg1Si2Yb2,0.0
Cd2Dy1,0.0
C4H12N2O9S1U1,3.1691
Co1Sn1V1,0.0
Co2Ge2Y1,0.0
Au3C6Co1K1N6,2.6851
Cu1Sn1Ti1,0.0
Cu1Mo2O8Tb1,2.1054
K1O12P3Ti2,2.9546
B1Rh1,0.0
Na1O4Pr1Ti1,3.1373
Ce1Ir3Si2,0.0
Fe2K6O6,1.9597
Cr1O4Sr1,1.4434
Ge2Ni1Tb3,0.0
Co1Th1,0.0
Ca3Cl2Ge1O4,4.1628
F4S1W1,3.1999
Bi1Ti2,0.0
Cd23Th6,0.0
Ce2Si7,0.0
Al1C1La3,0.0
O6Te1Yb2,0.0
In1Mo3Se3,0.0
Cu3O2S2Sr2,0.0
Al1As3Cl4Se4,2.3918
Co30Er6P19,0.0
As4Cd2Ge1,0.0747
Ba1Pt1Sb1,0.0
Br2Co1H12O14,2.482
Au1K1N12,1.4738
Ge10Ho5Os4,0.0
Co1Se17U8,0.0
B1Rh3Zr1,0.0
Ge3I5La6,0.0
Ca3Mn1O6Zn1,2.4439
B3Co7Er2,0.0
Cr1P1Zr1,0.0
Ba2Cu3O8Pb2Y1,0.0
Cl3O10Se2Tb5,3.7344
O9P2Si1V1,2.4821
B6Er2Ni3,0.0
Br8Ga2Pd1,1.8219
Gd1Rb1S2,2.1219
Fe1Se5Th2,1.2138
B1H1O2,7.0568
C7Ir3,0.0
Cl8O9Re4,0.9843
Co16Ge7Zr6,0.0
La2S5Si1,2.4684
Be6Fe8O24Se2Si6,0.0
Ba1Si2Zn2,0.0
Cr2Li4N6Sr2,1.4137
Ag1Ce3Ge1S7,1.8356
Ba2Ge1Se4,1.378
Fe1Nb3S6,0.0
Ba2Ge1,0.0
C1Fe2W2,0.0
Ba2Br1In1O3,1.9888
Ga1Ni1Ti2,0.0
C3F1H7N1O5Sn1,3.1303
B1K2Li1O3,3.5977
As1Nb1Si1,0.0
Ru3U1,0.0
Cr1Pt1Sb1,0.0
As3K5O10,3.0374
C4Fe1Sc3,0.0
Os3Si5U2,0.0
B4Rh1Y1,0.0
I2S1Sn2,1.6433
Ag1Se2Tb1,1.022
H12Na4O24P6Rb2,5.0438
C6Mn20W3,0.0
Eu1H1O12P4,0.4147
Se1Y1,0.0
Ag1Cl2Cs1,2.9056
B4Br23Tb16,0.0
B4O7Pb1,4.2018
Ce1Fe4Sb12,0.0
Dy5Ir4Si10,0.0
Fe2Ge2Yb1,0.0
Ag5Hg1O6Sb1,0.0
Br10Co1Y6,0.1781
Au1Li3,0.0
In7Pt3,0.0
As3Pr4,0.0
Gd2Te3,0.0
Cr3S5Tl1,0.6265
Br1Dy1S1,2.8683
Ce1Zn11,0.0
B3Ni1W3,0.0
Ca2Mg1O6W1,3.4327
Fe2Ge1S4,1.4034
Ce1Mg2Si2,0.0
H1Mn1O2,2.3746
B1Ho5Si3,0.0
Gd1Os2Si2,0.0
Hg3Li1,0.0
Pb2S5Sb2,1.0246
B2C1La1Rh2,0.0
Eu1Ge12Pt4,0.0
Bi3Cl5O10Te4,2.3712
Au2Sn1U1,0.0
Fe6Ge6Hf1,0.0
Ca1Li1Sb1,0.6278
Eu1Se4Y2,1.2268
C4Co1F3O4Si1,4.1019
Fe2N1Nb4,0.0
Ba4Fe2I5S4,0.0
Cu1In1Y1,0.0
F6Fe1Li1Sr1,3.8551
O6Sn1Ta2,2.5264
Eu1In2S4,0.0
Ba4In2S8,1.9509
C12Cl2H28N2O8Rh2,2.6581
Hg1O3Te1,2.2504
Dy1Ni1P1,0.0
O8Si1Sn6,1.874
H12Mg1O12S2,0.0
Cl16Re4Te8,2.2588
Ga2K6Se6,2.1179
C1Cs1H1O2,4.4127
Ge7Mg6Ni16,0.0
Co12Dy2P7,0.0
La1O4Pd2,0.0
Ge1Li4S4,2.446
Co4Si7Ti4,0.0
Ba2Cu1O7Si2,1.4275
Cr1La1Se3,0.2565
Au2In4Pr1,0.0
F8Na3Pa1,4.2176
Cd1H8O10P2,0.3888
C12Gd8Rh5,0.0
Sr1Zn11,0.0
F6H12Mn2O6,1.7789
Mo2.06S3,0.0
In1Pd1Tb1,0.0
B8H31Mg4,0.0
Cu4Nb5Si4,0.0
As1Co2H1O5,2.2895
Ni1Si1U1,0.0
H2Hf1,0.0
Ba1Cu2Ga1,0.0
Eu1O4Sb1,0.5429999999999999
Mg1O6Pt3,0.6517
As1La1Te1,0.1031
Cu1Nd1O1S1,1.7747
Ca1Ge1Sr1,0.4311
I3S24Sb1,2.3139
O10Si3Sr1Y2,4.9216
Dy3Ni2,0.0
Al20Cr2Nd1,0.0
H8Mg1O16P4Rb2,5.2786
Cs1In3O5,1.5969
Al1Fe2Ti1,0.0
B1Cl1F4O2,1.913
Ag3Tm1,0.0
K2O4W1,4.4961
Cl1H2O6Rb1Se2Zn1,4.3852
Cd1Cu2S4Sn1,0.0985
P14Sn1Zn1,1.2178
As1Ba1Li1,0.5946
Ba1S5U2,1.109
Co1Ho8In3,0.0
Fe1Na4O3,1.1001
P3Pd7,0.0
P4Se3,2.1779
Cl6Sn1Tl2,2.1435
Nd1P2Ru2,0.0
Ba4Ga2S7,2.6551
C4Hg1Mn1N4Se4,2.1521
Br3Pt1,0.997
H1Ho1Se1,1.4943
C1Ho3Tl1,0.0
Ge1Ni1Yb1,0.0
Br10Re2Te6,1.4117
B1O3V1,1.4972
Al12Cd8O24Te2,2.6486
Ca1F6Ti1,5.0763
Bi1Li1Sr1,0.5502
As1O5Rb1Sn1,1.823
Mg3Sm1,0.0
Au2In1Nd1,0.0
Rh3Sc1Si7,0.0
B2Ir1Mo2,0.0
Co4Na10O10,1.6708
Co5Dy1P3,0.0
Cl6K2Mn1,0.5038
H2O8P2Zr1,4.3888
Re3S6Tl2,1.2975
Mn1Sc1Si1,0.0
Be1Br2,5.1884
Hg1I2O6,2.6854
Ge4Na4Se10,1.5375
Br16Os3Sc13,0.0
B3Ca4K1O9,4.5962
Ca1P2Pd2,0.0
Nd4O4Se3,1.2545
Al3Co1Er2,0.0
Al1B1Be1,0.0
I0.33Nb1Se4,0.1788
Li1Pd7,0.0
O8Ta2Zn3,3.9888
Bi1Te1Th1,0.0
C4Co1Sc3,0.0
Cd1Cs1Tb1Te3,1.5589
Ca3O1Pb1,0.0
Ag3As2S6Tl3,1.5844
P2Rb2S6,1.8162
H2Mn1O8Se2,2.1628
Ba1Mg1O4Si1,4.1167
Al2H5K1O11P2,5.0273
Cd11La1,0.0
B1Rh6Sn4,0.0
O3Rb0.333W1,0.0
Cl2Pd1Se8,1.3859
C4H8Mg1N6O4,4.7816
O6Sb2Sr1,2.7910000000000004
Ca1Fe3O12Ti4,2.0071
Cs1Mn1O4,2.2268
Rb4S4Sn1,2.2558
Ba3Ge1O1,0.3109
H4N1O4P1Zn1,4.5345
Ga2Li1Rh1,0.0
B1Ba1Na1O3,3.6641
O1S2Tb2,2.523
Ag2S3Te1,1.5496
C2Cs1F6N1O4S2,6.1501
F1K1Nb2O6Sr1,2.1481
Cu1Ge1Ho3S7,1.8149
Cd1O3S1,3.1289
Hg2O5Te1,0.5163
Cu2Te3Zr1,0.0344
K2Mg5Sn3,0.0
C10O10Tc2,2.5714
Mn3N1Sn1,0.0
Ge1In4S4,1.1202
H10Na2O8Si1,4.5614
Cs2I6Te1,1.4093
B12Er1,0.0
Ce3Rh4Sn13,0.0
Mo1Pt1,0.0
B1Cs1H4,0.0
Eu1Ir1Sn2,0.0
Nd2O2Se1,2.0976
P6Rb4,0.7525
Au1K3Sn4,0.4152
Al2Ca3Si2,0.0
O4P1Tl1Zn1,3.8841
Cl2N2S1Se1Te1,2.0980000000000003
Ca4F1Na5O16P4,4.7252
I6O18Rb2Zr1,3.3802
Ga2Nd3Ni6,0.0
Ce2Co1Ga9Ge2,0.0
Ag2C2O4,3.1126
Al1Cd1Ce3S7,2.3963
Ge1Ru1,0.2716
Eu1Ir2P2,0.4616
Ga3.33Tb2,0.0
Cu4Ti3,0.0
Cl12Os1S2,1.0225
Co1Ga5Lu1,0.0
Cl2Ru1Te8,0.2019999999999999
Ge1P3,0.0
As3Ca5F1O12,3.9578
Ga4Yb1,0.0
Cl6Cs2Re1,2.6577
B1K3S3,2.7088
Au1Er1Ge1,0.0
Bi5Cu4S10,0.0
F3I1,1.7286
Bi2Cu1K1S4,0.8853
Ag1O1P1Th1,0.1416
C2Hg2N2O1,3.0592
C2Cd1Cl2H12N8S2,0.6816
Eu1Ni5P3,0.0
Li1Mo3O16P3,0.9683
Ba1Cd1S2,1.6869999999999998
B1Be2F2O3Rb1,6.0394
Cd1Ho1Ni4,0.0
Au1Cl4N5S5,1.6762
Ca1Mo4O16U1,2.6265
Ir1Sn1,0.0
Cu2Ho2In1,0.0
Cl1F5Ge1O2,1.7431
Ca10Li1Mg1Sb9,0.9173
Cl2H16Mg1O8,5.0728
Mg2Na1O10V3,2.8154
Co12Fe5Ho2,0.0
Cu3Dy1Mn4O12,0.0
K2O7Sr1Ta2,2.3326
Ca1Cr1H2O5,2.8855
Er1S2Tl1,1.4174
C2Cl5H6Se1Ta1,2.5211
Au1Sm1,0.0
Ba2Cl1Co4O7,1.3395
Fe3S4Tl2,0.0
Mo2O11Se2Sr1,2.5931
Ho1Rb1S2,2.3258
Ce3Cu1Se7Si1,1.4102
Co1Ge1Mn2,0.0
B5Ca2Os3,0.0
Ho3Pr1S6,1.0005
H2Tm1,0.0
Al4Co1Nd1,0.0
Rh1Si1Zr1,0.0
Cl1La1Nb2O6,2.9569
As1Cu1Ge1Zr1,0.0
Pd1Y3,0.0
Ge1Li1Nd1,0.0
Bi1Br1Cu3O8Se2,1.12
Cl6K2Nb1,0.0
Ag1Ba1S6Sc3,1.9257
La1Na5O16W4,4.7344
Be17Nb2,0.0
Fe3O1Ti3,0.0
Fe1H2Na2O6P2,3.677
Ba1Ni2P4,0.0
Co4Ge13Y3,0.0
Au1C2K1N2,3.4536
Be12Co1,0.0
Co1Ge2Pr1,0.0
Hg1N3O6Rb1,0.0
Ir3V1,0.0
Cl18Cs1Er1Ta6,1.2837
Cl4Cs1Ga1,4.5275
Al1B1O4Sr1,4.6982
Fe8Tb1V4,0.0
N2S1Th2,1.6177
O11Tb2Te4,3.2423
Al3Pd5,0.0
Ir1N6O12Tl3,0.0
K2Na3P3Si1,0.8876
Eu1N7Si4Y1,2.2053
O10P2U2,2.4895
Cu1Er1Si1,0.0
Mg1Mo2O7,3.5087
As2H24Ni1O24U2,2.7503
Ba5Bi5In4,0.0
Ca1O5Se2,3.4861
Ho1In1,0.0
Cs3F6Y1,5.327999999999999
K2Mn1P2S6,1.5114
Al6Cl2Ge6Li8O24,4.1399
Ho1Tl1,0.0
Cd4Pd13Pr6,0.0
Mo1O6Rh2,0.0544
Mo2Ni3O11Se1,1.7666
K6Nb6O26Si4,2.5056
Ge38I8P8,1.0632
N2Ni1Sr2,0.8939
H2I2Na1O9V1,3.0074
Nb1Ni4P16,0.0
C1Cl14Zr6,1.2782
As1C3H10I1,3.5779
Cu1Nb4Si1,0.0
Au5Sr1,0.0
Ge4La3Pd4,0.0
Li1Mg4O12V3,3.2849
Ge3Pd1Sr1,0.0
K2Pt1S15,1.91
K2N4Ni1O12,2.9569
Ba1O10Sc2Si3,4.9974
C12O12Pt1Re2,1.7976
O6Pb1Re2,0.0
Gd1Mo6S8,0.0
Al6Re1,0.0
Li7Pb2,0.0
As3Hf5,0.0
Ho1Se2,0.0
Ca5Ga6O14,3.1642
F18Sb3Tl1,2.2758
Cd1Cl6K4,4.0864
K2Mn1O7V2,2.5124
Co1Sn1Y1,0.0
La1Si5,0.0
H2Mn3O16P4Pb2,3.4174
Nd1Os4P12,0.0
Hg2O20V8,0.0
Cs2Na1O4V1,3.915
Ga1I3Li1,2.264
Co3Fe13,0.0
Co4Sn13Yb3,0.0
P7Pd9Zr5,0.0
Rh1Tb1,0.0
Cu1H4O6P2,1.0348
Hf1Mn1Si1,0.0
In2La1Pd1,0.0
B13Ni1Yb4,0.0
In1La2Ni2,0.0
Ba2F10Ni3,4.2899
F31Rb7Th6,5.7729
Ir5Mg15Si2,0.0
As2Li2Nd1,0.0
Ba1C1N2,2.3007
Nb1Ru1,0.0
Au1Cu1F5,0.0
Ba2Mg1O6U1,3.0655
La1Tl3,0.0
I6Mo1O18Rb2,1.087
Al3B4O12Y1,5.3541
Er3Ga2Ni6,0.0
Bi1Na3,0.0
In2Li1Pt1,0.0
Fe1O12P3Sn1Sr1,2.7457
B4Os1Tb1,0.0
C2Na1,0.0
Pt1Si1Sr1,0.0
Ni2O14P4Si1,3.9355
B9Ba1Li1O15,5.6543
Ba3Ca1O9Ru2,0.9497
As5Cs3O9,3.1337
P1Pb3Zr5,0.0
B2Pr1Ru2,0.0
Fe1Na1O4P1,3.4946
Al3F12Na1Rb2,6.7928
K2O16Ru8,0.0
Ge1Mo3,0.0
O10Ru3Sr2,0.3939999999999999
H6K2O6Pb1,2.1431
Li1N1Sr1,0.2581
Cr1Ni1Si1,0.0
Co2Er3Ge4,0.0
B3Co1V1,0.0
B2Ba2Cl1O6Y1,4.0411
B1Ge2Ni6,0.0
Al1Dy3Ni1S7,1.6124
Bi3Sc5,0.0
B2Ir3Lu1,0.0
Al1Fe1Ti2,0.0
Ba3O5Si1,3.5267
As1Na1Nb2O8,3.0895
Cs1Ge1I3,0.9525
Ca2F4,7.1361
Cl5Fe1N4S4,1.5445
F7In1Sr2,5.0411
As4Cl7Hg6In1,1.3901
I4O12Zr1,3.1716
Cu5Zr1,0.0
Cl4Re6Se8Tl2,1.5896
Cu4Mn1Sn1,0.0
S1Zr2,0.0
Al3Gd1Pd2,0.0
Bi2Br1Lu1O4,1.4099
Ge3Y1,0.0
Fe3Te3Tl1,0.0
B4Dy1Ru1,0.0
C8F6H28N2O4V2,0.0537
Ag1F12Sb2,1.6978
Al1B14Ho1,0.0
Ag1F1S1Sr1,1.6306
Ho11In6Si4,0.0
Bi2La1Ni2,0.0
In2S7Sn3,0.4601
C2Cl2H8N4Ni1S2,1.9791
Cu5Na1S3,0.0
B12Cl12Cs2,3.2769
Pd1Pr1Sn1,0.0
Eu1Pb3,0.0
Ni1O1Zr3,0.0
Mg1Pd1Sm1,0.0
Ge4Se10Tl4,1.4272
B2Ni2Tb1,0.0
La1Ni2Si2,0.0
Pb1S3Sn1,0.8836
Er5Ni1Pb3,0.0
Ga3Rh1,0.0
Er1Pb3,0.0
N1O2Sr1Ta1,1.1072
Mn11Pd21,0.0
K1La1S2,2.4055
Ni2O1Ti4,0.0
Co1Si2Tb1,0.0
Li1Pb1Yb1,0.0
Au1Li1Sn1,0.0
Pd1V3,0.0
Co1F6H12O6Sn1,0.0
Nb1Rh3,0.0
Hg1K2S2,2.1194
Bi2C1O5,1.1352
B3N6Na1Sr4,1.9698
B1Nd1Pt2,0.0
Cl6Na1Ta1,3.0903
Co2Ge1Zn1,0.0
Ga5N1Sr6,0.0
Al2Ge2La1,0.0
Er1S3Sc1,1.9778
Ce1O1,0.0
Mg23Th6,0.0
C1Tl1,0.0
Eu1Sn3,0.0
F6K2Na1Sc1,6.6398
Ir3Mg3Si8,0.0
Ba4O1Rb1Sb3,0.9377
F3Ga1,4.9226
Ba11Sb10,0.0
Er1Mn12,0.0
C1Nb2,0.0
Br14Cd1W6,2.2565
Rh1Sn4,0.0
Cl8N1S2Sb1,1.8352
O3Pb1S2,3.5498
Fe2Se8Ta11,0.0
F12Sb2Te4,1.1615
H2Mn2O5S1,2.0508
Er2Pb1Se4,1.8046
Bi1O2Y2,0.0
Eu1Nb2O6,0.7135
Au1Ge1Pr1,0.0
Ge1Nd1Ti1,0.0
Al1Ca2Na5O16P4,4.6569
Au2Br6Rb2,1.1099
Ca1Mn1Si1,0.0
C6Er11Ni60,0.0
Dy1Zn5,0.0
Ag1Bi1Li2,0.0
C1Ga3N3Si1,2.5677
I6Te1Tl2,1.6284
Ag3Sr7,0.0
I3Rb1V1,2.2526
H3Na1O2,4.3577
Co5Er1P3,0.0
O5S1Sn2,3.4614
Cd1K2N4O8,2.447
Ir1O7Pr3,0.2165
Ni3S8Ta2,0.6344
F3Hg1Rb1,0.6536
B1C4Li1N4,6.3521
O7P2Rb2Sr1,4.7168
La1Pd1,0.0
C8O4Se2,1.4901
O1Sn1Sr3,0.0
Ge1Ho1Sn1,0.0
C6F6Na4O12Sn4,2.46
B2Mo2Ta1,0.0
Ir1Si1Zr1,0.0
Os3Ti1,0.0
Co1Ge1Hf1,0.0
B1F4Li1,8.218
B4Ni1O7,2.9289
In1La1,0.0
B6H2O13Sr3,5.0557
C1Fe3Sn1,0.0
Cu1Ge1Tb1,0.0
Ag1Ce1Mg1,0.0
C1Ga1N5Sr4,1.4503
Al1Hf1Ni1,0.0
B2Rh3Yb1,0.0
Ba3Fe1N3,0.0
Ir1Mn1Sn1,0.0
Gd1Sb2,0.0
Cu2Ni1O2S2Sr2,0.0
H6N4O4Pt1,2.4779
Re3Si5Sm2,0.0
H8Si1,6.8148
In2O6Te1,1.1271
Cl3N1Y2,2.062
Mo10O34Tl8,2.4418
Bi4Sn1Te7,0.386
Ga2I8Pd1,1.3756
Ba1Ga2O8Si2,3.9557
C12Ge1H36Sn4,3.3081
S5Tl2,1.6556
Se4Sm3,0.0
Fe1Ti2,0.0
Cl4H12N4O3Zn1,3.0992
C3H2O4,3.4906
Cl3H14O7U1,2.7551
As1Hf9Mo4,0.0
B4Gd1Ru1,0.0
Mn1Nb4S8,0.0
O3Pr1V1,0.0
Na1P1Sr1,1.2535
C4I2K2N4Pt1,1.3466
Dy1Li1Se2,1.5413
Ba6C60,0.1743
N4Na2O12Pd1,2.4693
Ag8S6Ti1,0.8694
O5Ti5,0.0
Nb1Sb5U3,0.0
Dy1Ge2Pt2,0.0
C6Cd2N6Ru1,2.8738
P1S3Sn1,0.0
Cl4Cr1F1H15N5Zn1,0.0
F6Ga1H12N3O3,5.1184
Er1F1Mo1O4,3.6311
B2C1Ni2Pr1,0.0
Ga1Ni2V1,0.0
Ca4N4Ti1,1.4678
Mo4O11,0.0
K3Li3O6Te1,2.6987
B2Nd1Ru3,0.0
Ni9P5Sr1,0.0
H4K2Mn1O10S2,4.4030000000000005
Ag2O11V4,1.4527
Al3Cu1Gd1,0.0
Ba1Co1O6Se2,3.4535
H1Li3O4Te1,3.6045
Fe1O6Sr2W1,2.2772
As7Mg6Ni16,0.0
As4Ba3Sn2,0.7238
B6Ba3Ge2O16,4.0772
La1Na1O7P2,5.2349
Mo1Na2O4,4.0127
Fe4Sb12Sr1,0.0
O6Re1Sr2Y1,0.0
I4In1Li1,2.3653
Nb3P1,0.0
Cr1Nd1O3,0.0
In1Nd1Pt4,0.0
Cl11N1Re2S2,0.8618
F3Na2O4S1Sb1,4.4430000000000005
Ir1Sb1Se1,1.1772
As2Cu1K5,0.3091
K1O12P3Zn4,3.9506
Ba1Co2La1O6,0.0
Ba2Cl7La1,4.8107
B2Fe2Gd1,0.0
Cs4P6,0.8354
Ba1Mo1O8P2,1.0325
Gd1In1Pt4,0.0
Cs1F1O3S1,5.1606
Au1C1N1,2.7858
Cr4Cs2Cu1H4O16,0.0
Cs1F6Nb1,5.6785
As4Cl1K1O6,3.0448
Cu1Ge1Zr1,0.0
Al8Cu4Gd1,0.0
Pt5Sb1Si1,0.0
B2Co3Yb1,0.0
Ba2O7Si2Zn1,4.2748
Bi2O7Rh2,0.0
Co1Cr1Pt2,0.0
C4N4Pt1Rb2,2.9715
Bi12I3Ni4,0.0
C2Fe1Tb1,0.0
As2Co2O8Sr1,2.6795
Au1Ge1Nd1,0.0
Cl1O3Se1Tb1,4.3829
Cl10Nb2,2.4339
C5Cl3H13N2O3Ru1S1,1.9597
S1Ta1,0.0
B1Cs1F4,7.5547
K4Ni3O6,0.529
As2Ba2Se5,1.0156
Dy5Si4,0.0
Ga16Rh3,0.0
K4Se12Tc6,0.8390000000000001
Gd1O8Se2V1,1.8601
Ho5Pt4,0.0
Ce1Rh6Si4,0.0
Cs3Nb1Se4,2.2091
Dy2Fe3Si5,0.0
Cl5Cs1Sn2,3.0656
Cl8N1Sc5,0.0
Ge4Pr1Rh6,0.0
As2Cu1,0.0
B1H4Na1O4,5.107
C2Co1Pu1,0.0
Sn1Te1Zr1,0.0
O7Sn2Sr3,1.7642
As1Na2Nb1O6,3.4574
Cd1Hg2O6S1,1.3679
Dy3Ge13Rh4,0.0
As1F6N1O2,3.1946
O9S1Zr3,3.8021
Al1O4Ta1,3.4609
C1Ho1Rh3,0.0
H1Pd3Tl1,0.0
Au4Li15,0.0
K2O13Ti6,3.2056
O9S2Sb2,4.0001
Ag1Mg1Sm1,0.0
Eu1K1P1S4,0.7896
Ag6O4Sr1,0.9525
C1O4Pb2,3.4267
Cl3Rb1Ti1,1.6927
O12S3Y2,5.702999999999999
Ce1Co2Ge2,0.0
Bi1Na1O3,1.1553
Cl3Tm1,0.0
La1O3Y1,4.7275
Cl1H2O2Yb1,0.0
Er4Ge6Ir7,0.0
Cr2Si2Tb1,0.0
Br3Cu3P4S3,1.7932
Fe9La1Si4,0.0
Bi1Sr2,0.0
O8S2Th1,4.7421
La1Pd5,0.0
Pt2Si2Tb1,0.0
Si1Sm1,0.0
B2S6Sr3,2.3153
Hf1S3,1.1075
Li5N3Ni3,0.0
Ag1F11Na1Zr2,2.5208
C2Pa1,0.0
C2H8N6S2Zn1,3.9202
Cu2Zn1Zr1,0.0
Cl3K2N3O6Pt1,2.6646
As2Co2O7,2.4224
Co5O15Sr6,0.2174
B2Ce1Ir3,0.0
Al2Ca1S4,3.53
Cl6K2Ti1,2.6192
F6K3N1O3Si1,3.3654
Co1F11Na1Zr2,4.5533
Hf9Ni1W4,0.0
K4O3Sb2,1.2414
Co1Ge2Ho1,0.0
Ga2Mn1S4,2.3392
Hg1Sn1Te4Tl2,0.0
Ca2Pd3Sb4,0.0
Fe2K9O8,0.0
F6Li2Mn1,2.7577
Ba1S4Sb2,1.4549
K2Li4O6U1,3.0511
C4F2H13N1,6.5369
C2H4I1N2Na1O2,4.3714
Bi2Br1Eu1O4,0.4481
Co1Nd1O3,0.0
Cu2O14Sr9Zn4,2.33
Bi1K1P2Se6,1.7584
Re24Zr5,0.0
Ba1F6Ti1,4.8003
C1Ga1Pt3,0.0
Lu1Si1Ti1,0.0
Cu3Ho1Mn4O12,0.0
Cu2I3Rb1,2.1112
Mg2Pr1,0.0
Fe1Ga1Ni2,0.0
Al4Bi2Se8,2.2464
Ce3Ge13Ir4,0.0
Al2Br7K1,4.1091
O4Sn3,1.3095
C4H2K2N4O2Pt1,2.2419
Hg7K2,0.0
Cu1La1Mg4,0.0
Al1Ce1H2Ir1,0.0
F7Mn1Rb1Zr1,4.9735
Cu1Mn1O3S1Sr2,0.0
Pd1Se2Tl2,0.0
Pd4Tb3,0.0
Br1Cr1O1,1.8459
Al8Cr4La1,0.0
Hf1Pr2S5,1.0316
As1Br3F6H1O1P1,3.5461
La2S3,0.9252
C1Nb4Ni2,0.0
Ir1Si3Y1,0.0
Ce3Cl3O6Ta1,0.9375
F6Pt1Zn1,2.5577
Au2Ce3Sb3,0.0
Ba2In2Se5,1.4403
P1Pt1Sc1,0.0
Rh1Y3,0.0
Ba3O6W1,2.7231
Cu1F3Rb1,1.5944
O8Ta2U1,1.2896
Eu2S4Si1,1.928
B1Fe1W1,0.0
C1Hg1N2,2.4459
F7K1Sb2,4.1651
Cl9K3Mo2,1.172
Cl10Gd6O12Si4,4.8205
Pd4Se6Tl2,0.1648
Cu1Ge2Nd2O8,1.8222
As1O4Y1,3.6553
C1Sc3Sn1,0.0
Cr2K1La1O8,2.6210000000000004
Al6Ru1,0.0
Ba2O6Pr1Sb1,0.0
K3Mn2O8,0.3472
Ga1O2Tl1,2.1443
Cd7Sc1,0.0
Ba1Cu1F1Se1,1.7406
Ca1H2I2O7,3.5888
K2Pt4Se6,1.0031
C1H6N2O2,4.8088
F1O4P1V1,1.3842
C1F3Li1O3S1,6.5302
I5Ru1Y4,0.0866
K4O18Si8,4.4218
Ir1K3Li1O4,1.1932
Ba1F4O1Ti1,3.7219
Au2F12Hg1,1.6275
C3Cr2Ho2,0.0
H4O4P2Zn1,4.2468
Ho2Pb1S4,2.2492
Hg11Sr1,0.0
F2K1N1O1,3.2155
Cs4F10Fe3,2.8759
Ag1As2Ce1,0.0
Fe2La2O3Se2,0.0
Cl8Mo1O1P1,0.9193
C1N2O2Pr2,3.459
Cd3Rb2Te4,1.5129
Cl3Fe1Mn7O10,1.5063
Bi2Ni3Se2,0.0
B10Ce2Ni1,0.0
Ge4Zr5,0.0
Mo2O14P2Te1Tl2,2.6755
Ho11Sn10,0.0
Dy2Ge2In1,0.0
K1Mn1O4P1,3.049
Ag1Mg2Pr1,0.0
Ge1Pt1S1,0.9061
F1Nd1S1,1.2267
Al1Pd2Zr1,0.0
B4Ce1Rh4,0.0
Li5Sn2,0.0
Cd1Pt2Zn1,0.0
N1Ni4,0.0
Ce1Fe1Si2,0.0
Ca3Ga8,0.0
Ba1Pt5,0.0
Bi1Ca2O6V1,3.0163
H1Hg1N1O4,1.6978
Au1Eu3O6,0.2798
As1Hf1,0.0
Cd1Cl1O15Rb4V5,2.3004
K4N2O14S4,2.0288
Br3Cs1Ni1,2.2649
O9P2U2,3.2336
C19Sc15,0.0
C4Cl2H12O6V2,3.1812
Au1Mn1Sn1,0.0
Ga6Ge6Mn1Y4,0.0
Al1F6K3,6.3665
K1P3Zn4,0.6636
Ho2Mo3Si4,0.0
Ce1Te3,0.0
Pb1Pd2Tb2,0.0
C8K5N8Nb1,1.7848
Co5Si3Zr1,0.0
Pd1Sr1Tl2,0.0
B2Be2F1K1O6Sr1,4.9056
Mn3O10Sr4,1.3888
Ba1Cr10O15,0.0
Bi1Cs1S4Si1,2.5026
Ge2La1Pt1,0.0
Nd3Ru4Sn13,0.0
Cs4Ir1O4,1.0837
Co3Si5Tb2,0.0
Dy2Ni12P7,0.0
Al5Re24,0.0
Ge7Ir3,0.0
Os1P1Se1,0.6459
Br1H2Li1O1,4.3957
Na1Sb1,0.4852
H1Na2O4P1,4.7568
Br2Cl2Cu1Rb2,1.0099
Cl2Fe5O18Te6,1.1468
Ca1O5Te2,3.3551
B2H16Na2O14,3.8726
O7Sc2Si2,4.171
F1Se1Y1,2.1734
Cr2Fe1K1O8,1.2123
Dy1Fe6Sn6,0.0
Ba3Ir2Mg1O9,0.0
Cl1H1O3Pb3,2.1641
Dy1O19Ta7,3.3813
Br6H12O6Zn3,3.8978
Ga1Ni1U1,0.0
C1Hf2S1,0.0
Ba1Mn3O38Ti18,0.0
Cs1F5Te1,4.6377
Al1Li1Te2,2.4319
Ba1Pr2S5Zn1,1.3714
Cd1Cr1F6,1.5635
B2Cl1La1O4,5.1788
Nb2P1S10Tl1,0.713
Ni1O4Pr2,0.2841
Al1Au1Nd1,0.0
Cs1S2Sm1,0.0
Se3Ta1Tl1,0.4001
Pt2Sm1,0.0
O6Ta2Zn1,3.4079
Nd2O11Ti4,3.5283
Fe13Ge3,0.0
Al16Os7Sc6,0.0
Li1O5Si1Ta1,3.9352
As3Sr1,0.0
Al4H6O18P6,1.8948
Ba1Cd2Sb2,0.0
F6O4S1Te2,4.0111
Eu1Fe2Si2,0.0
Cr3O8,0.7199
Co2Si2Th1,0.0
C3F1H10N2O4P1,5.1258
C2Cl1La2,0.0
B2Ga1Rh5Sc2,0.0
Cl6Hg6P4Sn1,2.1061
Mo1Na1O2,0.0
Sm4Sn3,0.0
B1Rh3U1,0.0
H8I6N2Re1,1.6087
As2Be2Mg1,0.4051
Cl8Cu1Ga2,0.0
Au1Li2Pb1,0.0
Be2Si1,0.0
C2Ce1Rh1,0.0
O6Te1Zn3,1.7331
C2H9N4O4P1S1,3.286
Cs2O7P2Sr1,4.8356
Ca1Ge3,0.0
Cu1O3V1,1.1396
Ga1N5O14,1.1405
Cl1,2.3605
B2Ba1Be2O6,5.3928
Ce1O4Zr1,2.4032
Ge1Pd1Y1,0.0
As1Nd1O1Zn1,0.8214
Al2Cl6H12N4,5.1069
Ag1In2,0.0
Ba3Mn1N3,0.0
Cl5K2N1O1Ru1,2.168
C12H36I4Ni1O6S6,0.0
B2Cd2O5,2.5893
Mo1Sn2,0.0
Ge5Nd3,0.0
Al20Gd1V2,0.0
Ca1Cd1Pb1,0.0
Cl3Er1H2O13,5.2787
Cu1Hf2,0.0
Ce1N2Sr1,1.0184
Cd1Ni4Yb1,0.0
Ga3Zr1,0.0
F2N3O1P1,4.8268
N1Na1Sn1,0.7679
Al2C1Ta3,0.0
Be3Ca3F2Li2O12Si3,5.7353
Al1Cs1Cu1F6,1.9422
Ga1Ge1N1Sr2,0.0293
Ba1H2O4Sn2,2.1534
Al2Ca2O7Si1,4.2888
Au1Li2Sb1,0.0
K2La1O15Ta5,2.7286
K3P1Se16,1.0891
Br1Mo1Nd1O4,2.0563
Ba2Cl1Cu1O2,2.6546
Cu1Ge6Y2,0.0
As1B1O4,4.2696
C4Cl6H16N2Ti1,2.7328
Ba2Co1O7Si2,3.7912
Cs2O7U2,2.5618
H5K1O9S2,5.5084
Ce1Ir1P1,0.0
Be4Na10O17Si4,3.9759
K1O12P3Zr2,4.29
Cl2H12O6Sr1,5.022
F5Fe1H4O2Zn1,2.8328
Cu1O2Rb1,1.2739
B2Rh6Sn5,0.0
Ca2Sn6Zn3,0.0
B1O2Tl1,2.852
Br2Co1O3Sb2,2.6329
Cu1Gd1Si1,0.0
Hf1In1Ni2,0.0
Al1C1Pr3,0.0
N2Ni1O6,3.2388
Fe1Sb1Ti1,0.0
Al20La1Ti2,0.0
Be2W1,0.0
Ag1Ti3,0.0
H2O4Se1Zn1,0.8584
F3K1Pd1,0.9217
Br18Nb6Tl4,1.0431
Al1Ho1Pt1,0.0
C2Cs2Pt1,1.5634
B3H12Y1,4.4899
Bi2O2S1,0.841
In1La2Rh2,0.0
Ni1V3,0.0
Ba2Cd2Sb3,0.0
Cd2La15Rh5,0.0
Gd1Sb1Zr1,0.0
As2O1Sr4,1.1928
Al12Mo1,0.0
Er1Li1S2,1.9902
Eu1Sb2,0.0
B2C3Tb2,0.0
As1Ni1Se1,0.0
B7Fe3I1O13,2.7008
Al1Ge1Y1,0.0
Ga1Ge1Li1,0.0
Na1O6S2Tl3,2.8510000000000004
B2C1Ho1,0.0
Ge4Ir1,0.0
O36P12Sc4,5.5653
Fe2H3Na1O8S2,3.3293
Ge6Ir7Tb4,0.0
Cl4Mo1O1,1.4917
Al16Ru7Sc6,0.0
Ce1H16N7O19,0.0
H2O2Pb1,2.2614
F4O2Sn4,2.6749
Ge1K1Li3O4,3.8969
Br10O4Pb9,2.9192
O6Pd1Sr4,1.7990000000000002
B4Lu1Os1,0.0
Dy4Mg1Rh1,0.0
Cu2H3N1O6,0.0
Br3Cs1Dy1,0.0
Co1Nb4P1,0.0
Co2K2Na4O5,1.4586
B4Pu1Re1,0.0
I1Nb1Se1,0.0
Cu1Rb1S3U1,1.8304
F3Na1Zn1,5.1534
In1Rb1S2,2.1557
As2Ba1O8V1,0.2155
Cs3I4Li1,3.7995
C4H12O3P2,5.3646
Mg3Ni2Ti1,0.0
B2Ga2K2O7,3.8478
Cd2O7Re2,0.0
B3O6Tb1,5.2178
Ba1Cu1F4,1.6578
K6Mo4O21U2,2.9211
Ba3Ge16Ir4,0.0
O9Rb2Si3Sn1,3.4315
H6Na3Rh1,3.2689
B2C2Tb1,0.0
Ca1O7Si2Zr1,4.5841
Sb10Yb11,0.0
B2Fe5Si1,0.0
Mn1O4U1,0.9043
Ge2Pt2Tb1,0.0
Ag1Br1H3N1,2.5517
Al1As1Cu1O5,1.7077
O8V2Zn3,2.9804
Cr1N3U2,0.0
K2Nd1O15P5,3.9973
C1Cs2H6O6,4.0658
Ba1O3Se1,3.8794
C2F5H12N6Sb1,4.9547
Li3O35P5U7,2.7682
Al8Ce1Cr4,0.0
Al1Er1Pt1,0.0
Al1Pu3,0.0
Ca1Mn1O7P2,4.1112
As2Co8O16Te1,1.2777
La1O14P5,5.3922
Co2Hf3Si3,0.0
Gd2S5Zr1,0.9958
Cu1Si1Tm1,0.0
Cd1N1Ni3,0.0
B1C1Ni1Y1,0.0
Al1Co2Dy2,0.0
Ga1Mg1Sm1,0.0
Br2Cu2O5Te2,1.0057
Ag1Se2Tl1,0.0
O1Pd2Zr4,0.0
Ce1Er3S6,1.0079
C1Gd1Rh3,0.0
Li2N2Th1,1.892
C1Co1H2O3,3.475
Cr1H6O7S1,2.9325
Dy1O4Ta1,4.1804
Ce1Cu1Mg2,0.0
Gd2Ge2In1,0.0
Co1Er2Ge2,0.0
Cd2O5U1,2.7863
C2Ca11N10,0.7765
Cd1Sc1,0.0
Hf1Os3,0.0
Co1Er1Si1,0.0
Ge2In6O9Pt1,1.3674
B2Ce1Cl1O4,5.0253
Pd16Sn32,0.0
Lu2Pb1Pd2,0.0
Cl3F10K3Sn5,3.2434
Co2Nb3Si1,0.0
H5Mg1Rb3,3.0584
Co1O3Te1,2.575
Cl1Fe3O8Pb4,1.4723
Eu2Hf2O7,0.1808
As3Ba3In1,0.5232
Cu1Ga1O3S1Sr2,0.9158
C4H20N4O12Pd1Zn1,3.5581
Cs1I3V1,2.2733
Ir2O7Y2,0.0
Cu1K1S4Y2,1.1844
Au2Br6,0.6525
Bi1Co1O3,1.1112
C1Pr3Sn1,0.0
O1Os1P1Pr1,0.0
Ge2N6Sr5,1.3601
Ba2Cl1Mn1O7Si2,1.5037
Al2Cl8Pd1,2.1622
Ag2Ge1O4Zn1,0.0
Ba1N2Si1,2.9203
C4Cl2N4Pt1Rb2,2.7168
Ce1H1Se1,0.0
In4Pd1Yb1,0.0
Bi1Ca3N1,0.3835
C1Ti3Zn3,0.0
B7La2Re3,0.0
C3Os2,0.1621
Fe1Pb4Sb6Se14,0.8976
Bi1Li5O5,1.4528
Ge1K4S4,2.7028
Ca1Pb1Sr1,0.2792
As1H1Hg1O5Zn1,1.5668
Ba1Cd1Ge1,0.0
Cd3Ce1,0.0
Cu4In1Yb1,0.0
C1S3Tl2,1.8796
C6H18I2Pb2,3.1294
Ba2Hg1S3,1.3515
F5Tl1Zr1,4.7914
Be1Li2O4Si1,5.5815
Cr1Gd1O6Te1,2.6493
Nb1Rh1Sb1,0.0
C3H8O2,5.1101
Br10Ni1Y6,0.417
Ni12P7Zr2,0.0
Ba1S2Sn1,1.6755
Ag1Sb3Zr5,0.0
Pt4Tb5,0.0
As2Ca1K2O7,3.5134
Ho1Ir1,0.0
Ge2Rh1Zr1,0.0
I10Os1Tb6,0.0
As1K1Zn1,0.3912
Ho1Rh3Si2,0.0
S3Sn1Tl4,0.7975
Li6O4Zn1,3.9763
Al8Cr4Th1,0.0
La1Ni1Sb2,0.0
H1Nd1O5S1,3.2721
Bi2Cl1Eu1O4,0.6262
Mg1O5V2,2.1627
Li10Pb3,0.0
As6Ba1Pt4,0.1734
Eu1P2Ru2,0.0
Ca4O6Pd1,2.0319
Mn1O2.6Sr1,0.0
Ir1N6O12Rb3,0.0
Ca1O8P2U1,3.3043
As4Cl2Cu2S3,1.7172
Cu1Nb1Te2,0.0
Ho5Pb4,0.0
Al1Tb2,0.0
Dy3Pd4,0.0
Nd4S12Si3,1.9183
Ge6Mn6Y1,0.0
Cd1Cl8Na6,4.2261
C1Mo3Re2,0.0
Cl6Rb2Ti1,2.6675
H1Mg2O5P1,4.9694
B4Rh8Zn5,0.0
Ce2Ge2Mg1,0.0
Gd2O4Sr1,3.4086
Ca1Pd1Si1,0.0
C1Cr3Nb3,0.0
Ce2Ni7,0.0
Gd1I1S1,2.5728
Ge2Pt1Y1,0.0
C14H24K1Mn1N8,1.1092
Cu3In2O16P4,0.0
Cd1Dy2S4,1.1225
Ba2Cu2O12Si4,1.5551
Bi2Co1Mn1O6,0.8429
La1Rh1Sn1,0.0
As2Cs1H2O8Sc1,3.6812
Cu8Rb3S6,0.0
La1Ni2Rh3,0.0
Cl4H2N1O1Re1,1.4262
Cl1O3Sr1V1,2.1262
Sc10.5394,0.0
Cd1Cu2Sn1Te4,0.0
Na2O7Si2Zr1,4.598
Ba3N1,0.0
Cu2Mg1O8V2,1.3208
B1Ce1Pt4,0.0
Rh1Sm1Zn1,0.0
F2K3Na1O6P2,4.5056
Ni1Pr1Sb2,0.0
Ni3Zr1,0.0
Sc1Si2,0.0
Be1H3K1,3.209
Pd3Rb2Se4,0.0
Ho1Se1,0.0
H5Nd2,0.0
O9P2Sr1V2,1.1826
I6Rb4Yb1,3.0484
Hf1Mo2O8,2.8272
B2C1La1Pt2,0.0
Ga4Sc1Ti2,0.0
Bi1Pd1Te1,0.0
C2F1H4N1O4Sn1,2.7115
Br3Gd2,0.1563
Mo9Rb2Se10,0.0
Ba2Cu2Nb1Nd1O8,0.0
Al3C2O5Sc3,0.6661
Au3Cs1Se2,2.412
Cl6U1,2.3567
As3C1V5,0.0
B6Ba1Ni12,0.0
Cu2Sc1,0.0
B1F5Li2,7.534
B1Na3S3,2.5759
Eu1Pt1Sn1,0.0
Co1S4V2,0.0
Bi1Br1,0.6807
Hg7Rb2,0.0
Fe1K2O4,1.605
P2Ru2Sr1,0.0
C4F12H17O20S4V1,0.9768
Cs1F2O2P1,5.2215
Ce2Rh15Si7,0.0
Cr8O16Rb2,0.0
Al2C1Mo3,0.0
Cu1Er1In1,0.0
Ho1Si1.7,0.0
Bi1K1P2S7,2.3919
O11V6,0.5969
Pd2Y3,0.0
Al1K1Li4O4,3.9728
In5Ti8,0.0
Ca1Sn1Sr1,0.3417
Dy1Ge2Pd2,0.0
Al5Ge8Yb7,0.0
Ba1C4H6O7,2.6764
Cl4Hg4I2S1,0.5513
Al7Au3Nd1,0.0
As2Br2Cd2Hg2,1.016
H1La2Li1O3,1.9231
Cl6N2O2P2S1,3.5839
C1Fe2Si2Y2,0.0
P4Pa3,0.0
Li1O2V1,2.9183
In11Nd5Ni6,0.0
Li2O8Sn3Zn1,1.6251
Ge2Ni1Sr1,0.0
C1H2Nd1O6P2,0.0
Ag2Mo1O12Te4,2.4041
Cr2Fe1Se4,0.0
Au1Ca1In1,0.0
Ir1O6Sr2Tb1,0.0
Cr1F6Na3,4.0209
Mg1O4Se1,2.8504
Hf1Sb5U3,0.0
Al8Cr4Ho1,0.0
Ag1Er1S2,1.4385
Cs1O10Sr2Ta3,2.259
P2Sr1Zn2,0.8868
Eu1Sb2Se4,0.0
B3Si1,1.4144
C60Cs6,0.7466
B1Ge3V5,0.0
Mn1Ni6O8,1.8891
Au2Pr1,0.0
Ni2Se1Ta1Te1,0.0
B1Gd1Pd3,0.0
I1O12P3Pb5,2.3319
Mn1U6,0.0
La2O4Se1Si1,2.7307
La6P17Pd6,0.0
Au4Ca3,0.0
Al2B1La1Ru2,0.0
Cl6H16N5O3Rh1,2.5829
Cs1O12P3Zr2,4.3449
Cd3Ge3O12Sc2,2.293
Al1Cl3H12O6,5.1379
F4Ga1H4N1,5.2573
Ba1Se3Zr1,0.0
Pd13Tl9,0.0
Cu2Ge2Ho1,0.0
Ca2Cd1Sb2,0.3106
Ce1Na8O18Si6,2.6761
Li17Sn4,0.0
Cr3H6K1O14S2,2.6874
Cr1La1S3,0.2562
Ag1In3K2Se6,1.2627
Cr2Fe1,0.0
In1K3P2,0.7923
C2H4N2Ni1S4,2.3732
Ba3O9Sb2Sr1,3.1322
Na4O5W1,3.5133
Al2Te5,0.9747
Al1Co2Tb2,0.0
As12Ce1Ru4,0.1377
Ba1Cu2O2,1.7571
Ba2Sb3,0.2631
Mn1O5Te2,2.1574
Cu1Sn1,0.0
Eu1Ni2P2,0.0
Ge1Li1Zn1,0.0
Ge1K2O4Zn1,3.1524
As4Rb5Ta1Tl2,1.4587
B6Cr2Th1,0.0
F1H5N1O4P1Sn1,3.0422
C2Er1Mo1,0.0
H3O19S1V3Zn7,2.9705
H16Mg6Nb1,0.0
Cd11Nd1,0.0
Mn3O14P2Pb3Te1,2.5607
Er2S4Zn1,2.428
N2O5S3,2.7269
Cl4Re6S8Tl2,1.8121
Ho5Ru2,0.0
B2Nb2Os1,0.0
P3V5,0.0
Cs1Gd1S2,2.0817
Ba3Ho4O9,3.2551
Dy1O8Rb1W2,3.5643
Ba1F6Rh1,0.0
Li5N2Na1,0.3771
B2Co5Ti3,0.0
Cl1F1Sn1,3.4572
Ga40Ge1Mo8,0.0
Ta22,0.0
H1Ta2,0.0
Ga4O7Sr1,2.5088
Au3Sb4Y3,0.4792
B1F1N2Sr2,2.5717
Ge2O7Rb6,2.2072
I10Os1Y6,0.0
Ba1Ce2Mn1S5,0.3653
C4Cl2K2N4Pt1,2.6256
Ho2Mn3Si5,0.0
Ba1Mn1Pr2S5,1.1876
Ca3Zn1,0.0
Ba1N7Si4Yb1,0.0
Cs2K1O14Si4U2,0.0
As3Mn4,0.0
B1Sc3Tl1,0.0
C4H8O4Sn1,4.3306
Ag1Mo3Se3,0.0
Cu2Mg1Nd2,0.0
Au2Cd2Rb2S4,2.0693
Ge2K1O9V3,1.3222
Mg3Ni20P6,0.0
S1Se1U1,0.0
C8H20N6O18S2U2,2.4592
Al1Eu1,0.0
Mn2Se4Sn1,0.6931
Er3Ir1,0.0
B12H12Rb2,5.4196
H9In1N2O8P2,3.8526
Lu1Pd2Sn1,0.0
I1Na1Ni1O6,1.6402
C3Er2Fe17,0.0
Cs1F4Li3,6.6597
Hg1Rb6S4,1.5988
I1Nb4Te12,0.0
C6Cl2F14Te1,3.3239
La4O19Ru6,0.0
B2Co2Dy1,0.0
Ba2Si1Te4,1.1035
O5Sr1Ti2,2.4088
Ni1O12P4Zn1,1.9191
O3Pb1S1,3.6374
H12N6O6S3,0.061
Au1I4K1,0.1757
Cl4Er1Na1,4.9806
Ca3N1Pb1,0.0
Sn1Tl1,0.0
Br2Co1H12O12,0.0
B4Mo1Tb1,0.2988
Br1In3La5,0.0
C2Ni1Pu1,0.0
Gd1Li1Se2,1.2225
Bi2Co1Ho6,0.0
Ba3Fe1O5,0.0
Eu1Si1Zn1,0.0
C2Co1H8Na2O10,3.8872
Bi1O2Rb1,2.1211
La1O3Ru1,0.701
Ge1Li2Sn1,0.0
Br5Sn2Tl1,2.3611
Hf1Sn2,0.0
Au2Si2Yb1,0.0
H1O5Pb1V1Zn1,3.2396
K4Sn2Te6,0.8459
Na2Se3Zr1,1.2978
Mn1O6Sb1Sr2,0.7335
As1Cd1Pd5,0.0
H3I1Si1,4.1124
Cu1H10O9Se1,0.0
Ag2Ba1Ge2,0.0
Fe2Mo3Na3O12,0.6237
Bi1Ce1Pt1,0.0
As3Ti5,0.0
K2Ni1O2,2.3358
Ag2Lu1,0.0
Ag8Ba1S5,0.6657
Cl11Nb4Rb1,0.6504
Ba1Gd2O5Pd1,2.4112
B1Sb1,0.7522
F3Nb1,0.0
Al1Pt1Y1,0.0
C2H24N6Ni1O14S2,1.6504
Er2Pt1,0.0
Hf1Si1V1,0.0
Cu1Hf1Si2,0.0
Ag1La3S7Sn1,1.8836
Cu4In9Se16,0.0
C3Cl7Mo1O1S2,1.4323
Cs2Mo2O14P2Te1,2.8391
Co2La3S7,0.0809
Pd8Sn24,0.0
H2.25La1,0.0
Ag1B1C4F4H8N8,4.1265
Ge3Ir2Se3,0.0
Gd1K3O8P2,4.9235
In1Se2Ta1,0.0
Ag1Hg3O6Sb1,1.0404
Ba1Ho2Te4,0.7793
Ba2Cu3O7Pr1,0.0
Ce1Cu1S2,1.3542
Er1Se2,0.0
Ba2Cd1Se3,1.6178
I1Mn1Sb1Se2,1.1919
Cd2Nd1,0.0
Ba2Bi1O6Ru1,0.0
O24P6V4Zn3,1.6392
Al18Mg3Mo2,0.0
Ge1Ni2P1,0.0
Ce2Re3Si5,0.0
C60Sr6,0.0
Be13Pr1,0.0
Au2Lu5Te2,0.0
Be1F2H6N2,5.9513
Cl1H4N1O1,2.2301
Ca1F8Hf1Li2,6.9912
Cu2Dy1Si2,0.0
Li21Si5,0.0
Eu1Fe4P12,0.0
Sb3Sc5,0.0
Bi2Se1Te2,0.1503
Ge1Ni1Ti1,0.0
Ca1S3Zr1,1.1903
Au1C1,0.0
Ni2Pr2Sn1,0.0
Ag2Hf1S3,1.4008
As2Cu1O4,0.0
Dy2Se4Sr1,1.406
Mn3Rb2Se4,0.0
Cl3Nd1,2.9171
Ca17Hg9Li6,0.0
K1La1O12P4,4.9043
Er1H1O8S2,4.8891
B2Na2S5,2.6121
Ho2S5Zr1,1.2499
Ba1O14Sr4U3,3.0488
Lu2O2S1,3.0407
Dy1Os2,0.0
Au1K1Se2,0.919
C6Ca2Cu1H6O12,0.0
Br1Dy1Mo1O4,1.8205
Bi1H1O12P4,5.0137
As4Eu3,0.2956
C1Ho3In1,0.0
Au2Si2U1,0.0
C14Co1H24N8Rb1,5.0310000000000015
C2I6Sc4,0.7987
C1Mg3Zn1,0.0
Cu1Lu1Pb1,0.0
Ca2Cl1Cr1O4,1.0563
Au2Hf2In1,0.0
Se2Ti9,0.0
Li1P1Sr1,1.3456
Sn1Te3Tl2,0.3958
O3Pb1Sr1,0.7905
Ag1C2Li1,1.8915
Cs2O8P2Ti1,4.0361
C1Fe3Zr3,0.0
C4Cs1H7O10,3.259
Er3F5O2,5.6224
Ba1Cu1Ho2O5,1.4514
N3Ta1Ti2,0.0
F4O3P2,5.5713
As2O13Pb8,2.1165
B1K1O8P2Zn1,5.072
As2Co1Zr6,0.0
F18Ni6Rb6,4.0605
F4Sb1Tl1,3.6022
Ho1Ni1,0.0
Ba2Mn1O6Re1,0.0
Al2Cl8Ni1,2.8907
H4N1O4Re1,4.1696
H11N2O4P1,5.4493
I5Pb1Tl3,2.5988
Fe1Ge9La15,0.0
Ca3Cu2P4Zn2,0.1946
C4H5O15Rb1U2,3.287
Na2Ni1O14P4Zr1,3.5702
As2O14Pb3Te1Zn3,3.0029
Cl1Li1O2,2.6266
C1Ce1H2O6P2,1.8676
Tb6Zn23,0.0
Cd1Cu4Er1,0.0
Cs1I4Tl1,1.2496
C2Cs1K1,3.4617
H1Na2O5P1Zn1,3.9492
C2Li1N4Y1,3.5232
Ag2O7P2Pb1,3.0775
Bi1K1O2,1.8553
B4Dy1Ni1,0.0
Ce1Ir2P2,0.0
Ge1K1Nd1S4,2.2968
Cr5Rb1Te8,0.0
Ba4Cl1O18Os6,0.0
B2Nd1Rh3,0.0
C1Nd3Tl1,0.0
Se2Tm1,0.0
Cl2Fe2O5Sr3,0.6614
As2Ni1U1,0.0
Cl3La3O7Si2,4.8772
Pt1Rb2S2,1.6273
Co1Fe2O4,0.0
Ag1Mo6Te6,0.0
O5Pb2W1,3.103
Ge5Tb3,0.0
Cu4Pd1U1,0.0
Mg1O5Te2,2.3834
K2O11Sb4,1.8466
Fe1Ge2O7Y1,2.4985
P1Rh1Ta1,0.0
Dy6Fe23,0.0
Na2O7P2Pb1,4.2994
Eu1In1Pt1,0.0
Co3Li2O12Se4,3.4776
H10N2O8P2,5.6811
K1O3Pd2,0.9971
Ag1Te3,0.0
Gd1O1P1Zn1,1.3252
Ge2V1,0.0
Ca7.9792,0.0
C2F2O3,5.2632
B2Ir2La1,0.0
Li2N2U1,0.0
As1Ni2Si1,0.0
F6Na1Rh1Tl2,2.8042
Br1F5Sn3,3.1942
Gd1Rh3Si2,0.0
Nb1P1Ru1,0.0
Cl18K2Nb6Sr1,1.098
Co1Cu2Sn1,0.0
B2Ca3Ni7,0.0
Au2In1Tb1,0.0
La5Sb3,0.0
Nd2Te5,0.0
O6Ti2U1,2.6874
Cl3N1Nd4S3,2.6102
K2P2S6,1.7118
B2Ba1Ga2O7,4.0527
Te12Th7,0.0
Ge1K1S4Y1,2.4017
B1Ga1O4Pb1,3.3718
F3Pd1,0.0
Ge40In6K8,0.0
B2Er1Os1,0.0
As1F7Sn1,3.4228
Fe1Si1Zr1,0.0
Ge2Ho2Os1,0.0
Cu6Pr1,0.0
In1Ni1Tb1,0.0
Ba1Ca4Co2N4,0.6315
Co2H4O10P2Pb1,3.9986
Bi1Cl2Cu1S1,0.8741
As2Cu1U1,0.0
Ba1Er1Mn2O5,0.0
B6Dy4Fe3,0.0
Cl6K2W1,0.0
Ge1Te3Tl2,0.4611
Au4V1,0.0
Cl6Hg3S2Zr1,1.7882
Si38Te16,0.8867
Ba2Mn2O1Sb2,0.0
Al1As2Li1O7,3.0351
Hg1Y1,0.0
Cs1Se2Yb1,0.0
H6Ir1Na3,3.7131
C2Fe1Sc1,0.0
Ba3Mo2O18P4,2.0016
C4H4O12Y2,3.4392
Fe2Tb1Zn20,0.0
La1Si10,0.0
Hg1Ho1,0.0
Al1Nd1,0.0
Be1K4P2,1.1447
C1In1Tb3,0.0
Br7Fe1Te1,1.9308
B6P1,2.488
Au2In2Sr1,0.0
Cs2O9V4,2.1244
Bi1Cl3,3.552
F4H12Mo2N2O6,2.4737
Ba2Na1Nb5O15,2.4925
Ce1Pd4Sn1,0.0
Cl3O6Pr3U1,1.9022
Cl2O24P6Pb10,3.3576
K1Na1Nb1O5Pr1,3.1815
Ce1Li1Sn1,0.0
In1Na1O2,2.0709
Cs2Pt1Te2,1.2344
C4N4Ni1Tl2,3.3798
As2Ga1Li1O7,2.5655
Ir1La1P1,0.0
Al2Na6Se6,0.5499
F6Ga1Li1Mn1,3.9072
Ge6Ir7Y4,0.0
Cr1N1Nb1,0.0
S1Te1,0.0
Cd1La2Rh2,0.0
F5I1N2O4,1.3469
Ca1H4O4P2,5.5958
Al1B1Mo1,0.0
As1C1F11N2S3,3.2564
Er2Mo4O18Sb2,3.0913
Cu1Sb1Sr1,0.0
Fe1H2O5S1,3.7822
Al5Gd3O12,4.1126
Dy1Ge2Rh2,0.0
Cu2Fe1Ge1Se4,0.7806
Gd3O3Sb1,0.2608
K2Mn2O12S3,4.4546
Cu2H4Na2O13Si4,0.1839
Ho1Rh1Zn1,0.0
B4Os1U1,0.0
Cu2Sn2Th1,0.0
Co1Ga8Lu2,0.0
Cs2Pt1,1.992
C16Cr2H24O8Sb4,2.2629
Gd1Tl1,0.0
Cl1H5O2,5.2001
As2Eu1Ru2,0.0
Bi4Te3,0.0
Cu1K1O9Ta3,0.0
F1H2O2Rb1,4.0379
Cd1K6O4,1.616
C1Pb1Tb3,0.0
B4Ir3Sc1,0.0
K7Li1Si8,1.7006
Dy2Ge2Mg1,0.0
Er1Na1P2S6,2.5473
Ce1Rh2Sn2,0.0
Au2Si2Sm1,0.0
C1Mn6,0.0
Br1Mo1O4Pr1,2.0666
La1Mg1Na1O6Te1,2.4724
Br4Cs2Zn1,3.9976
Ge4O9Sr1,3.0119
Al20Cr2U1,0.0
Br3Gd2N1,3.1751
Na1O6Os2,0.0
La4Rh3,0.0
As2Ca1Co2,0.0
La1O12Sb5,3.0194
O8P4,4.5182
I2Mn1,2.7268
Cr5Ge3,0.0
Al1Au2Sc1,0.0
F1Nd1Se1,0.8713
Al3Ni1,0.0
Al3Ho2Si2,0.0
Sn3Yb5,0.0
Al16Hf6Os7,0.0
Na1O4Re1,3.6628
Dy2O2Te1,1.0947
Re3Sc2Si4,0.0
B2Mo3,0.0
Er1Ga1Ni1,0.0
Er1O4Ta1,4.2036
Cu1Ge4Ho2O12,2.19
Tl1Y1,0.0
C3Fe1O3S1,2.5358
O3V7,0.0
Bi1F5K2,4.7712
Ni3Te2,0.0
Cs5Fe1O4,1.4506
P1Pd5Sn1,0.0
Cu4Sn4Tb3,0.0
Sc2Te1,0.0
Ge2Ru1Sc1,0.0
C1Ni3W3,0.0
Fe2Si1,0.0
Pt1Sb1Si1,0.0673
Pt1Sc1,0.0
Eu3O12Sb5,0.0
Ba3Ge2N2,0.0
Ga6Pu1,0.0
Rb2Se4W1,1.4659
H1Na2O9P3,5.21
Cl1F2O1P1,5.448
Gd6Ni1Te2,0.0
Ba5H1O13P3,4.5184
C6H12N6O8Pt1,2.6660000000000004
Ba1Cd2P2,0.7766
Li4N3Ta1,2.6998
Bi1Cs2F6Tl1,3.0941
Al1Ba1H1Si1,0.6927
Br6Cs2W1,0.0
Ge2Ni3Sr1,0.0
Ho4Sb3,0.0
B2Yb1,0.0
Rh1Sc6Te2,0.0
C4N6Zn1,4.6984
Ca2Fe7O11,0.3891
In7Sr11,0.0
Ba1Hg1S2,1.1507
As1Cd2F1O4,1.8328
Ga1Ge1Te1,0.0
Al3Nd1Pd2,0.0
Cu1K1S3Zr1,0.7389
Au2Ca1Ge2,0.0
Co1Si1Zr1,0.0
Au2Eu1Si2,0.0
C2H4Li1Na1O5,4.6229
Er1Mg1Pd1,0.0
Ag4P2Se6,1.0749
B1H4K1,1.4006
Co1Nd1Sb3,0.0
Br6Cs2Pt1,1.3571
Al1Ir1Th1,0.0
Ca2S4Sn1,2.0529
Mn2O8Te3,2.529
Cr3N1Sn1,0.0
Fe1Hf1Si1,0.0
C3H9N3O2,4.8698
Al12Ca8O24Te2,3.1259
Al1Gd2Ge2,0.0
Ba1P2Ru2,0.0
Ge13Nd3Rh4,0.0
Cr7Nb6,0.0
Ca1Ga2Ni1,0.0
B1Ge2K1O6,3.389
Cl6I1Se6W1,0.7991
Ag3Fe1O8V2,2.068
As4Ba3Cd2,0.0
Mg1Pb1Yb1,0.0
Cd2Sm1,0.0
I7Nb3S1,0.8384
B2C1Er1,0.0
Ca11Sb10,0.0
B12H16Na2O14S6,2.1592
C1Cl1H6N1O1,5.3264
Hf3Ni2Si3,0.0
F6Rb3Y1,5.0594
P2Se5,1.3199
Fe17N3Pr2,0.0
Fe2Nd1,0.0
Li1O1Rb1,2.2446
Rh3Si5Tb2,0.0
Br1N1O3,2.2354
Cl3O2Re1,1.9508
As1Nb2,0.0
Ho5S7,0.0
Cs2P2S6,1.9251
Cu1N2Na5O12S4,1.5473
F6Mo1Na1Tl2,2.0679
Co1Sn1Ti1,0.0
As2Rb2Sn1,0.6346
Cd1Cr2O4,2.9553
F9K5Th1,5.7056
Ba1Rh2,0.0
B1La1Rh3,0.0
Mn1Na1Se2,0.0
Cu3K3Nb2Se8,1.7884
Al1K2Na1P2,1.5126
Dy1Mn1Sn2,0.0
Cl2Zr1,0.8416
Au2Gd2Sn1,0.0
N4O3S5,1.7646
Li7N4Nb1,3.3322
Fe2Si2Y1,0.0
Al4Cl14Te4,1.4353
Cs1H12Mg1O10P1,4.763
H4Mg1Na2O8S2,5.0457
B2Fe1Nb2,0.0
F1Mo1O4Y1,3.6441
Cl5Li1Yb2,3.5882
As1Cl13Nb1P1,2.5502
B4Cr1Ho1,0.0
F12K2O1Zr3,5.4236
Cr2Si2Yb1,0.0
Ba1F5Fe1,1.7435
Be17Os3,0.0
Co1Ho6Te2,0.0
La7Pt3,0.0
F5Mn1Rb2,1.6228
F3K2O4S1Sb1,4.6526
Ge4Li4Yb5,0.0
Cd17La2,0.0
Bi1K1S4Si1,2.0398
Lu1Pb2,0.0
Au1Gd1Pb1,0.0
Te3Y1,0.0
As1Cu1Eu1,0.0
Nb6Sn5,0.0
H2Ni1O5Se1,0.9125
C6Cr21W2,0.0
Cs1O6W2,0.0
Mn2O5Pb2,0.0
Ge7Li2O15,2.7937
As1Li3O4,4.1272
P5Re2,0.6524
Ag1Br5Pb2,2.579
Al1Lu2Si2,0.0
Hg11Rb1,0.0
Ag1Bi1Yb1,0.0
Ca3Co1Mn1O6,0.0
F4In1Li1,4.1563
Au3Sm1,0.0
Cs6F18Mn6,3.482
Na1Sn5,0.0
C1Cl18Rb4Zr6,1.2656
Al16Os7Ti6,0.0
Au3Yb5,0.0
O9Pr1Ta3,3.3099
Al1Cs1F4,6.9481
Pd2Pu2Sn1,0.0
H4I4K2O14Zn1,3.1952
La2Zn17,0.0
F7In1Mg1Na2,5.0869
Al20Fe1U2,0.0
I1Ni2Pr2,0.0
Al1Li1Mo2O8,3.5391
Ir2S3Sn3,0.0
Eu1Tl1,0.0
Be2Dy2Ge1O7,4.4185
Ba2Ca1Cu2O8Tl2,0.0
Cu4In1Mn1,0.0
Co2Si1,0.0
Li1Nd2Si2,0.0
As2Fe2O6Sc2Sr4,0.0
Ag3K3Nb2S8,2.325
In1Rh1Tm1,0.0
Ho1Mn2Si2,0.0
Er2Ni2Sn1,0.0
F5Hf1Rb1,6.8049
Dy2Rh3Sn5,0.0
Cd1Co1Dy4,0.0
B6Ce2Re3,0.0
Fe1Ge3Pr1,0.0
Be13Sb1,0.0
O9P3Ru1,1.6964
Na1P2S6Sb1,2.0340000000000003
Fe6Ga6Sc1,0.0
Co4P12Pr1,0.0
Ba7Ge6,0.0
As1Cr3N1,0.0
C1Re2Si1Tb1,0.0
Ga16Ir7Ti6,0.0
Co1Nd1Si3,0.0
Fe1Rh2S4,0.0
Cu1O1P1Th1,0.0
B1O3Y1,5.1669
Gd1Mg2Ni9,0.0
Cs2Hg3S8Sn2,1.5299
O6Sn3W1,2.0796
H1K1O7Se2V1,1.9581
F14In3K5,4.783
Ba2Cu3La1O8,0.0
As7Nb9Pd1,0.0
Nb4S8V1,0.0
Co1O3Pr1,0.0
Li1O2Tb1,2.0379
Rh1Sc1Si1,0.0
B4H20Mg1N4Na2,5.0485
Au3Er3Sb4,0.4738
In5Ni1Zr2,0.0
Mo2Na2O7,3.1016
Ho1Li1Sn2,0.0
Pt3Yb5,0.0
Ba1C1Cl1N1S1,4.114
C4Cd1N6,3.0392
Ba2Cd1Te3,1.436
Au31Mn9,0.0
Bi1Dy2O2,0.0
I6K2Tc1,1.2486
Cl2O4Pb1,1.2679
As2Fe1Li1O7,2.4
Cl1Mo1O4Y1,2.6824
In4Ir1Sr1,0.0
Mo1Rh1,0.0
Al1La1Pt1,0.0
C2Cu1H6I1Se1,2.8022
Br1O1V1,1.2945
Bi1Li1O2,2.173
Br5Pb2Rb1,3.0318
In5Ir1Yb1,0.0
Ba2S3,1.5852
Ce2Ni12P7,0.0
Cs1P2S7V1,1.4886
F2O2P1Rb1,5.1803
N2Se1Zr2,0.3302
Cr1O6Tb1Te1,2.6525
Cu1Mn1O2,1.7892
Ge3Pt9Tb2,0.0
O7S3Si2Y4,2.4813
Rb1Sb1Se2,1.5316
Ca2O10Rb1Ta3,2.4464
Dy2Mg1Si2,0.0
Al2I12Sb2,2.2566
Cd1La4Ru1,0.0
Cu1Dy1O8W2,1.4504
K1Mn1Sb1,0.9473
Ga16Rh7Zr6,0.0
Cl5Co1Cs3,3.4402
Bi1Cl8O2W2,0.0
K4Re6Se12,1.1368
Bi1Cs2F6Na1,5.0202
Ge2Ni1Y1,0.0
Cl1O8Se2Y3,4.2068
Dy3Ni1,0.0
F8Li4U1,3.6963
Ni1Tb1Zn1,0.0
In2K2Sb3,0.8384
Na3Sb1,0.4539
F1Pr1S1,1.2709
B3Nd1O6,3.8171
C1F1N5O3S5,1.8946
Ga5Rh3,0.0
Ba2Bi1Fe1S5,1.2882
Cu2Fe1Se4Si1,1.7193
Ba2Cu3Eu1O7,0.0
Ba1Ho2S4,1.7427
Al5Er3O12,4.7586
Ca1Cd2Sb2,0.1876
H2Mg1Mo1O5,3.9685
Rb4Sn4,0.7305
Fe4O16Si2Sn7,1.8215
Gd1Pd1Sb2,0.0
K6Sn2Te6,1.08
Ag2P2S11Ti2,1.2192
F6Li2V1,1.7646
Ir4Lu3Si13,0.0
As2Na4O9Ti1,3.542
Au4Th3,0.0
Pt1Sb1Yb1,0.0
Co4Dy7Ge12In1,0.0
Al2Ge2O7,3.3521
C2Pr2Re1,0.0
Ga3La1Pd2,0.0
Au2K1,0.0
Dy1Fe1O3,1.2641
I4K2O20U3,2.8273
Cl6H4N1W1,0.8144
C1Tl1Yb3,0.0
F7H4N1Sn1Zr1,4.1887
Cr3P1,0.0
Ag2O11Te4,1.4284
Er3Pd2,0.0
Ca1Cl1H4O6Re1,1.6017
As1C2F6H5O2,3.0573
As2Ba2Cd1,0.4143
Se5Th2,0.8749
Br4Li2Mg1,4.5095
Hg1P14Pb1,1.3058
Al1Mn1Pr3S7,2.0928
Al8Fe4Nd1,0.0
B3Co1W3,0.0
Cl6Rb2Zr1,3.5736
Cr1F7Pb2,3.43
Ga1Mo4S8Si1,0.0
Be1F6Ho1K1,7.3882
As1Nb2Rb3Se11,1.1722
Dy1Ga1Ni1,0.0
Pt13Sc57,0.0
Li7N4Ni1,0.0
K6O7Si2,3.5133
In1Pr1,0.0
Ga1Ge1Yb1,0.0
As4Br16Ga4Hg11,0.8708
Se4V5,1.1521
Cd4I3P2,1.4179
C4Co3W10,0.0
Au4In2Rb1,0.0
F6Li1Nb1,5.4798
Cu1La1O1Se1,1.7275
Bi2O4,1.2208
Ce2K5Na1O24S6,5.4853
B0.667N0.667,4.4439
Be1F5K3,6.2059
Au2Ba1O4,1.6887
Ir1Sc3Si3,0.0
As1Cu1Ge1Ti1,0.0
Bi1Mn2O6P1,2.4645
Ba1Cu1,0.0
Al1Ni8Tb3,0.0
Ag2In2Se6Si1,0.8075
Cl1Mn1O3,2.0637
Al2Au2Sr1,0.0
Fe4Sn4Zr3,0.0
Ge2Ni1,0.0
B4H16Na1Yb1,0.0
Ge1Li1Nd1O4,3.9745
Nd1Ru1Si3,0.0
Bi4I2O5,2.2489
Cl3Co1Rb1,2.4997
Ag1Nd1Sn1,0.0
Au1In2Na3,0.0
Ba1O7U2,2.9088
Ce1O5Rh2,1.395
Ca1O5V2,1.6451
Ce2O9Si1Ti2,2.7181
F6Mn1Na3,1.3051
Ni1P1S1,0.0
K2O14Te2U3,2.9393
C2H12N6O8S2Zn1,4.8417
N1Ni1,0.0
Al43Mo4Nd6,0.0
As1Cr1Ti1,0.0
F2H5In1N2,2.4407
F3H1Sr1,5.9478
Co1Mn2Sn1,0.0
Ba3O4P2Se4,1.3078
H4O10Si1U2,2.9527
Cl1La1O4S1,1.5566
Ge1Mg1N4Sr3,1.4156
Cu1In1Lu1,0.0
Li1P7,1.6471
C2H4Mn2O12P2,3.0780000000000003
Ba1Cu1Er1S3,1.3234
Co1O3Si1,3.6069
C1Sc2Tl1,0.0
As2B12,2.6544
S4Sn1Sr2,2.227
C6Co1Li1N6Rb2,5.0293
Br2Cu2O6Sr2Te1,1.1185
B4Dy1Rh4,0.0
Fe1H2O5V1,2.3101
Ce3Nb1O4S3,2.5104
C4Mn3W10,0.0
Ba1Ca1Fe4O7,1.1923
Au2K2S4Sn1,1.5565
Rh2Si2Yb1,0.0
B2Dy1Ir2,0.0
Fe1Pd2Se2,0.0
La1Rb1Se2,2.0459
As2Se3,0.6036
Al10Fe2Th1,0.0
B4Gd1Re1,0.0
Cu1Nb3Te4,0.0
Ca1Ga1La1O4,3.4369
B1H6Mg1O8P1,5.3617
F1O3P1Sn1,3.6028
In1Na5S4,2.057
B1C3K2N3,2.4531
Ga2Mn2Pr6S14,2.0674
Cu2In1Y1,0.0
H8K2O14V2,1.5294
Mn1Zn3,0.0
Ge1Mn2Se4,0.5759
Er1Fe6Ga6,0.0
Ba2Mo1Nd1O6,0.0
C1Dy5Ge3,0.0
F8O2Re1Sb1,3.8469
Ce1H3,0.0
Ni4P16V1,0.0
Al8Cu4Ho1,0.0
Cd3In1,0.0
C3O2,3.9189
Al1N1Zr3,0.0
Br1Se2Tl5,0.3185
Ge2I2La2,0.0
Cl2H1N1O4S2,4.0461
Mg1Se4Y2,1.3014
Br3Ni1Rb1,2.1590000000000003
Au2Ba1In2,0.0
Ge1K1O5Ta1,4.0262
Al1Ge1Sc1,0.0
Na2S5,1.7549
B4Er1Ir4,0.0
Bi2Cs2Pt1,0.4947
C2H9N7O6,3.2776
Ba1Cd1Sb2Yb1,0.1675
Ba2Cl7Er1,4.9503
Se4Tb3,0.0
Al102Re24Si12,0.0
H4O7Re1Sb1,2.9323
F5O2Sb3,3.8101
I6In1O18Rb3,3.0206
F11Mn1Na1Zr2,4.2697
C3H10I1N1,4.3326
Ag13Al36Mg32,0.0
Ca1H2O12P4,5.6844
Al1In1Se3,1.6974
Fe1Na1O8Se2,1.7662
Ba1Pd5,0.0
Ge6Ho2Pd1,0.0
H6Li2Pt1,2.6793
F4La1Rb1,6.8362
Ba3I2P3,0.0
Cu1Dy3S7Si1,1.8387
In2Ir1Li1,0.0
Ag1O3Te1Tl1,2.6724
Dy2Ga3.33,0.0
K1Na1Te1,1.9616
Cl1Fe2H3O12Te4,2.1082
Co1Fe1Si1,0.0
As2O4Zn1,3.5281
Cl2Cu2O5Te2,1.2901
I1Se8Ta2,0.0
In1Li2,0.0
Co1Dy1In5,0.0
Ag1H2In1O8P2,3.2911
C1N4S3,1.9234
Cl8Os2S6Se2,1.4417
O3Pr1Ru1,0.0
H2O3Se1,4.5128
Er2Ni1Sn6,0.0
Pt3Sn4U3,0.0
C2Er1Fe1,0.0
C2Dy1W1,0.0
Ca1Ni1O9P2V1,1.6027
Dy2Pt1,0.0
F13K1Sb4,4.7521
Br2C4K2N4Pt1,1.9961
In5Nd1Rh1,0.0
B2Os1Tb1,0.0
Li1Sb1Sr1,0.6702
B6Fe12La1,0.0
Ba2N2Zn1,0.6096
P2S6Zn2,2.2304
Eu1Sn2Zn2,0.0
Al16Ce2Pt9,0.0
F9Sb1Xe2,1.9528
Al1Dy1Pt1,0.0
Ag6As2O13V2,1.8401
Nb6Ni7,0.0
O3.8Sr1Ti1.4,2.3055
Dy1Ge1Rh1,0.0
La4O7Pd1,1.0981
F5Mo1,0.0
Ag1As1Ba1,0.0393
Er1Pt2Si1,0.0
Cr4Si5Zr2,0.0
Ga1N5Sr6,0.2953
Ba3Sn2,0.3717
Ba2O6Re1Tm1,0.0
Gd3In1Se6,0.4849
Co1Nb1,0.0
Rb2Se5,0.83
Cs2O12Te4,0.2943
As2F18Pb1Xe3,2.5425
Ba1Mo2O14P4,2.8139
Cl1Dy1Mo1O4,2.6397
P3V4,0.0
Al1Pr1Si2,0.0
Cl7Fe1Te1,2.3668
Be3F9K1Zn1,6.952999999999999
Ba2Cl1P7,1.5683
Mn1Si1Tb1,0.0
Ge1Rh1Ta1,0.0
I1Na1O3,3.6855
O24P6Sr1Zr4,4.3789
Cu1La1Sn1,0.0
Ag2Mo2O7,2.5879
H2Lu1,0.0
Al2Ba3Sn2,0.0
Au1C2K1N2S2,2.7705
Pr2S3,0.8134
Cl2Cr1O2,2.3977
Mn1O4P1Rb1,2.8552
K2Se4W1,1.3216
Rh2Se3,0.0
Fe1Mo4Zr9,0.0
Br2C1Se4,1.505
Na2O4Te1,1.83
Nd1P1Pd1,0.0
C1Cl1H4N5,3.3782
B1O3Sc1,4.6182
Co12P7Zr2,0.0
B4Ce1Cr1,0.0
Rh1Sn1Tb1,0.0
Ce4O4Se3,1.3516
C6Cl6H16O14Ru3,1.5108
Cd1Cu2,0.0
Mo3O10Rb2,3.318
Br1Tb1,0.0
Co2Sm1,0.0
B1Bi1,0.2191
La3Pd5Si1,0.0
H4In1O6P1,3.8011
Cs1Cu1O2,1.2829
Ir1K0.25O2,0.0
Ba1Cd1F1Sb1,0.3796
Dy1Se2,0.0
Cl3La4N1S3,2.9981
Li1N4Re1Sr2,1.8785
F4H2Mn1O1Rb1,1.9182
Ge3Ir1Sr1,0.0
Ag1Fe1O7V2,2.0798
Ba17Dy16O57Pt4Zn8,2.6203
Ca1H3K1,3.3165
Br1Mo1O4Tb1,1.8115
Ru4Si12Y3,0.0
Ba1F5Ga1,5.8636
Fe4Nb4Si7,0.0
Cu3K1S2,0.6995
As1K1O2,3.8356
Ag1O2Sc1,2.4628
Al2Ba5Er2O13Zr1,2.5874
B1Br3P4S3,2.6959
B6Nd2Re3,0.0
F4Na2O2W1,4.0503
B1Cu2H5O6,0.0688
Pr1Ru1Sn3,0.0
Cr1Li1O7P2,3.0256
Al1Ce3Mg1S7,2.3733
Cl3Rh1,2.1953
B2Ga2O7Sr1,4.0216
Nd2S5Th1,1.359
Cl8O2Se4Te3W2,0.8202
C4Co1H8O8,2.7981
Na1O6Ru1Sr3,1.4291
Al3F12K2Na1,6.7925
Nb1P1Rh1,0.0
Ge1Ni1Ta1,0.0
F1Gd1Mo1O4,3.664
Ba1Bi2La1S6,0.6654
Li1Mo3O8Sc1,1.5233
Br7Fe1Se1,0.3228
K2Pd1Te2,0.7916
P9Zr14,0.0
C3Ga1N1Si3,2.5992
Cs2F6K1Ti1,0.0
Os2Pu1Si2,0.0
As4Ga1Na3Sr3,0.4356
Cl12I2Nb6,1.089
H8Mn1O16P4Tl2,0.0
O12Tb7,0.0
Be2V1,0.0
Sn1Te5Tl2,0.0
As1Cl1O2Pb1,3.3329
Co4Na10O9,1.6086
F2O1S1,5.266
Cd1Cl1K4O15V5,2.3068
F7Li3Th1,5.6008
Cl1Fe1O3Sr2,0.8181
As2Hf1,0.0
Co2Eu1P2,0.0
Ce2Mg17Ru4,0.0
Bi1Na3O3,2.9059
Ba5Li2O15W3,2.0695
H6O12P3Sc1,5.3982
Cl1N2S1Se2,1.4695
Cd2Ho1,0.0
Dy1O2Rb1,3.6008
H4O3Sr1,4.3382
F14Sr4Zn3,5.8499
Nb3Te1,0.0
C4H8N1O10Ti1,0.0
Bi1Pt1Te1,0.0
Al16Rh7Zr6,0.0
La4Pb3,0.0
K4P2Zn1,0.9114
Br6C4H16N2Sn1,1.4745
As1B2Ir5Mg2,0.0
Cs3O1,0.0
C4Cu1H12N8Pd1,0.0
Br2La1,0.4525
Ag1Mn1O4V1,2.1854
In1Mo2O8Tl1,3.6602
Gd2Pt1,0.0
Cs3F6Tl1,3.3288
Co1F6H12O6Sn2,4.5235
N6S5,2.2781
Cd2Na14O9,1.4275
O3Pr1Rh1,1.1234
Al43Mo4Th6,0.0
C22Ge2H66Si8,3.9389
Bi2C30H34N2Ni10O18,1.3496
Co2Na3O6Sb1,2.1073
Br14Rb2W6,2.9082
Er2Mn2O7,0.9107
C1Fe2Ni1,0.0
Co1Er1Sn2,0.0
Ho1Ir1Sn1,0.0
B2Gd1Os1,0.0
K2O9Si3Sn1,3.4705
Pd1Y1Zn1,0.0
Cu4Sn4Y3,0.0
Cl3H12N5O1Os1,2.7494
B4Er1V1,0.0
Ni21P6Sn2,0.0
Cu23Tb6,0.0
Ge3La1V1,0.0
Ba3Bi1Ir2O9,0.4296
C4H12I1N1,4.1956
K3Li1Na2O6Te1,2.2191
Fe1Si1Yb1,0.0
Cu1In1O5P1,1.5622
Cd1Dy1Ni4,0.0
Ca2H16Li2O26P6,5.2559
Cu2S2Y1,0.0
Gd1Na1Se2,1.6686
Bi1Cu3I1O8Se2,0.9541
Ag3P11,0.9127
H12Mn1N2O10S2,4.3668
B1Er1O3,5.6499
Br9Mo2Rb3,1.2287
C8Er1H8Mo1N8O4,0.0
Cu2Li1P2Yb1,0.0
Cs2O2Pb1,1.8327
Cd11Sr1,0.0
H24O20Rb4Te2,3.0263
Bi1Ho1Pd1,0.0
Cl4S1Sm2,0.9943
Se2Tl2,0.1079
Cl1F1,2.0695
I6Nb2Te2,1.0296
Pb3Sc5,0.0
Bi3O11Pt3,0.0
Tl3Y5,0.0
Al16Rh7Ti6,0.0
Ba2O9V3,1.2967
C15Dy12Re5,0.0
B1Ba1Co1H1O9P2,4.1229
Na2S5Si2,3.5235
Ba1Hg6,0.0
O7Ru2Yb2,0.0
Ba5N6Si2,1.4085
Ce4Ru3,0.0
B1H1Li1,0.0
Cl8Ga2Ni1,2.9466
Ba1O8P2Zr1,4.1487
Al1F3H2O2Pb1,4.4897
K2Mg1O4Si1,4.0079
Al1Er3N1,0.0
Au1Mg1Sn1,0.0
Au3Rb1Se2,2.0087
Dy1Ni10Si2,0.0
Pt4Tb3,0.0
Li1Nd1O4Ti1,3.0225
Ag5O4P1Se1,0.8118
Ca3Cr1N3,1.4152
Mo2O11Pb1Se2,2.3888
Fe32O2Y12,0.0
As4Br7Cr1Hg6,1.3021
Cu1Li2O8W2,1.494
Bi1Ge1Rb1S4,1.9813
Ge2Ni1Pr1,0.0
Bi1Tl1,0.0
Li8O6Si1,4.4532
Ca1Mg2N2,1.9832
B6Ni12Y1,0.0
Cl6K2Ru1,0.0
F2S3Sn1Sr2,1.8342
Ca1Rh2Si2,0.0
F1Na5O16Si4Y4,4.7718
Ni2Se8Ta11,0.0
B1H1K1O9P2Sc1,5.2277
Al8Cu4Dy1,0.0
C1Co3Ta3,0.0
Ce1In2Pt2,0.0
O4Sr2U1,1.0149
Dy1Ge1Pd1,0.0
Er2In1Pd2,0.0
B2F8H6N2,7.4411
Li1O8Pr1W2,3.4560000000000004
Al1H1Si1Sr1,0.6106
La4O19Os6,0.0
Cr1Mo1O7V1,2.4684
O3Rb1Re1S1,2.857
Br3Nb1Se1,0.9657
Sc2Zr1,0.0
Cl8Sc5,0.0
Ce1Te2Tl1,0.1649
Ba1O3Si1,4.5269
Ag1C1H3N2,3.148
As3Ce4,0.0
F1K1O2Se1,3.3248
Al2Au2Gd1,0.0
Br3In1K1,2.3217
Eu1I3O9,0.2321
H7La1Ni5,0.0
Ca2Se4Si1,2.4027
H4Na2Pt1,2.5203
Si6Sr1,0.0
Mg2Ni3P1,0.0
Hg1Rb2Sn1Te4,0.531
Cr0.25Nb1S2,0.0
Cl2O6Pb1,4.3401
Ag4N2O2S1,0.7846
C3H3Nd1O6,0.0
Se4Yb2Zn1,0.0
Mo1O7Se1Zn2,3.7918
Ir1Si3Tb1,0.0
Al2Ca3Ge2,0.0
Er1P1Pd1,0.0
H7K2O9P3,6.4509
Bi5Mn1Pr3,0.0
B12Ho1,0.0
Ga3.33Y2,0.0
Br2O6Sr1,4.2217
As1Co1Hf1,0.0
Cu3Ta1Te4,1.266
As6Ir7Mg4,0.0
Mg1P1Pd5,0.0
Cs1O4P1Zn1,4.103
Cl8Ir1K3Sn1,2.0064
H2Mn6O17P4,2.943
P2Pb1Rb4Se8,1.6585
H5N1O3Se1,4.4165
As2Cl3Hg3Tl1,0.8277
K6Na14Tl18Zn1,0.0
I1Nb2Te6,0.6782
S3Te1Tl2,1.3204
Os1Ta1Te4,0.0
Gd1Mg2,0.0
Cr3N1Pd1,0.0
O6S1U1,2.9336
Ga16Hf6Ru7,0.0
Ba3Ge1Mg1N4,1.2932
Hf2Ho2O7,3.1166
Cr1K3Mn1O8,0.8319
Ba1Er2O10Si3,4.7929
H5Rb3Zn1,3.2704
Br1.6Cl0.4Sr1,4.444
C1Fe1N2,0.0
Al1K6Na3Sb4,0.7457
Al1Fe1O5P1,3.3239
As1Rb3Se16,0.9046
Gd1Si1Ti1,0.0
Ba2Cd1,0.0
Ga1I3O9,3.2983
Al3Ge4La2,0.0
Ca2Cd1Pd2,0.0
Nb1Pd2,0.0
As1K1O5Sn1,1.8869
Cl4W1,0.1444
Ge2Li7,0.0
Ga1Ti2,0.0
C2Cl2H9N5O8,4.3566
O12Pr7,0.0
Ge2Ir1Tb1,0.0
Ag2O4Si1Zn1,0.0
Cu1Eu1F1Te1,1.6063
B1C1H5N2,5.4506
Sc1Si1Sm1,0.0
I1S1Sm1,0.0
As1C5F7N1O5Re1S1,2.352
C3Fe17Ho2,0.0
Cl2I2Ta1,1.4072
Br1C5O5Re1,2.4896
Hf1Nb1P1,0.0
Pt1Sb1Tb1,0.2756
Al8Mn4Pr1,0.0
Co1H4N2O4S1,2.7273
As1Na5O5,1.4273
Cr1F3O1,2.1478
Al2O15Ti7,0.0
Ca1N2O6,3.6402
Au4In6K1,0.0
Co2Pd1Se12Ta4,0.0
Cl1Cu1H1Na3O5P1,0.9855
B3Ba3In1O9,3.5617
Au1Pb1Tb1,0.0
Br4Ga1K1,3.5899
La1O8Rb1W2,3.6428
Ag4Rb2S3,0.5924
Ba1Br1Cl1,4.9342
Au3Li1,0.0
Co7Fe9,0.0
Dy1Li1O12P4,5.9317
B6Co21U2,0.0
Ag1Te2Tm1,0.0
C5H10O5,6.4152
As2Cd3O8,1.7084
Ba1Bi1Na1,0.3039
Ag2Ge1In2Se6,0.7792
C2O6Rb2,3.9082
Ga12Rh1U4,0.0
B4Cr1Th1,0.0
Br4Tl2,1.7089
C2Cl2H12N4O4S2Zn1,5.3773
Nb4Si5V2,0.0
Fe2O16P4Pb3,2.2686
Ca4O19P6,5.3295
Co1Sb1Ta1,0.0
Ba1In4,0.0
H1I1O8S2,2.8331
Co3Sn2,0.0
B1Mg3N3,1.3737
In3O8P2,3.1027
Ba2O5W1,2.8722
As5Cu4U2,0.0
Au1Ca1Ga1,0.0
Pt4Y5,0.0
La2Sn5,0.0
Nb2Te3,0.0
C12Rh5Tb8,0.0
B1Fe2Ni1,0.0
Cs2.67O16Te5.33,0.0
C10Cs1,0.7461
Br3Gd5O10Se2,3.4922
Fe6Ge5,0.0
As4Mg1Rh6,0.0
B12Ni1,0.2542
Ga2I3,2.205
Eu1O4W1,1.8772
Fe5O28Re5Sr8,0.0
Ru1Si1Sm1,0.0
B6Ho2Os1,0.0
Cr1N1O9Rb1U1,2.6874
Cl2Re6Se8,1.2354
Er2Mo1O6,1.9993
La5Li5N12Si4,2.3257
Ba5Ho8O21Zn4,3.5123
La4Mg1Ru1,0.0
H24N8Ni1O10V2,2.1827
Nd1Ni1,0.0
Au9In13Sr4,0.0
H1I1O4Zn1,3.4799
Eu3Rh4Sn13,0.0
Ca3Ge3O12Sc2,3.4351
O7Pr2Te2,0.0
As1Ca1Na1O4,3.5914
Ge13Ir4Nd3,0.0
C2H18N18,1.9948
Au1Gd1Sn1,0.0
La3Sb5Ti1,0.0
Au2Ca2Pb1,0.0
Co2O8Pb1V2,2.5231
Ga1La1O1Se2,0.044
Cs5Sb8,0.6054
Bi2Se2Te1,0.7564
Gd1Pb3,0.0
Ga1In1O3,1.5028
Ca3Pd1,0.0
Eu2O7Zr2,0.1307
Ba2Nb1O6Pr1,0.0
Al4H3O15P3,5.5152
Rb2S5,1.771
Nb1Rh1Sn1,0.0
Li1Mo6Se8,0.0
Ag2C14F8H18O8S4,3.5308
B1K2Na1P2,1.7855
B2Mn5P1,0.0
La1Nb7O19,2.4
Al1Cl6I3,1.7458
Ag1Dy1Si1,0.0
In1Pr1Rh1,0.0
Bi4Ce3Pd3,0.2811
Ba6O1S15Ti5,0.8409
Ru4Si12Tb3,0.0
C4Cl2O4Pd2,1.1334
B18Hg2Rb4Se18,1.8729
N1Rh2Zr4,0.0
B6Pu1,0.0
Ge1Sn1Tb1,0.0
C3Fe17Tb2,0.0
Lu1Sn2Zn1,0.0
Bi1Er1O9W2,2.6697
Cu3N5Sr6,0.6227
Ba4Br6O1,4.1599
I1Li1Mo1O6,2.1767
Ga4O8Ti1,2.7285
Ge2Na1O6V1,0.0
Cu1Pr1S2,1.3559
Cu2S13U6,1.1179
H6Li2N3Rb1,0.4608
B1Co4Nd1,0.0
F6P1Tl1,6.3827
Mo6O17Tl1,0.0
B5H2Li3O10,5.8878
Co2In1Zr2,0.0
Dy1Ge1Ir1,0.0
Ba1Nd2O7Sc2,3.6336
P2Pd2Sr1,0.0
Cr1O4P1,2.3387
Na1Nd1O8S2,3.4615
Co1Mn2Sb1,0.0
Tb1Te2Tl1,0.6179
Co1Ga1Mn2,0.0
Mn4O9Ta2,2.6299
In4K1,0.0
Ba1Ga1Ge1,0.0
Pd1Sc1Si1,0.0
Br1Mo1S1,1.1228
Cs8O19Ta6,3.4803
Ho7Rh3,0.0
Mn1Mo1N2,0.4173
C8H24Mn1N2Se10Sn4,1.3484
Cl14Mo4O4Tl2,1.9518
C6Gd3Mn2,0.0
Cu1Rh2Sn1,0.0
Rh1Si2Y2,0.0
Ho2Sb5,0.0
K3N3O6Se3,2.7822
As1C1F6H3O2,5.2651
C2Co1Pr1,0.0
Cu2Sn2Sr1,0.0
Br3In1Mn1,1.9528
Pt1Y3,0.0
Bi2Ni1U1,0.0
B1Dy5Ge3,0.0
Cu4Ge2Hf3,0.0
C2N2Zn1,6.066
As2Li2Pr1,0.0
Cr1Ge3Pr1,0.0
Ba3O14Pb1V4,3.147
As2La1Rh2,0.0
Li1Rb2S4Ta1,2.8193
B2Er1Ir3,0.0
Al2Gd2O7Sr1,3.5876
Al1Ba2In1O5,2.0592
P3Tc1,0.6023
Br3Cd1H5N2,2.9161
Li1O4Re1,4.1014
B12Pu1,0.0
B1Ba1Li1O3,4.394
Fe2Mo1P12,0.2475
Cd1Eu1Sn1,0.0
Ni3Si2,0.0
Nd1P12Ru4,0.0
Cd4K1P3,0.0
Al2Co1H10Zr6,0.0
Cl3N1,2.1809
Ba1F6Pb1,2.8611
As3Hg1S6Tl1,1.237
Bi12Mn1O20,0.0
C3H9P1,4.1612
Li1Mn1O9P3,4.354
As2Ba2Mn1O8,2.5610000000000004
Bi2I1Nd1O4,1.2754
Ag15Cl3P4S16,1.7522
O8W3,0.0
In2S6Zn3,0.2641
Cl3O1W1,0.5791
Cu1K1Mo4O16Tb2,1.4136
Cd1Cu1F4,2.6212
Fe1O2Tl1,1.0836
Au1I2K5O2,1.9767
Ag1K3Se8Sn3,1.1477
La5O15Ti4,0.0
Ge1Na2O6Te1,2.6547
As1Au1Na2,0.649
Cl4Os1Sc4,0.8056
Al2Ba3N4,1.5689
Er1Rh1Sn1,0.0
Mn1P1Rh1,0.0
Dy2O7Tc2,1.3957
Rb4Si4,1.3536
Al1Nb1O8Sr4,3.2119
Ni2V1,0.0
F2K1Mg2Na1O10Si4,5.2083
Cu4La3O2P4,0.0
Au5Sn1,0.0
Ba1Se3,0.9308
B1P1S4,2.2292
B4Ho1Ni1,0.0
Er3Ga9Pt2,0.0
Dy1P5,0.0768
Pt1Sn1Th1,0.5419
B1Ti2,0.0
As2K2Pd1,0.9343
P3Rb2,0.7577
B12H20N2,5.6543
Au3Dy3Sb4,0.4624
C5F5Mn1O6Te1,2.2399
O9Pr2W2,3.2247
C4H8In1N1O10,3.5664
As1H9N2O4,3.9734
C6H18N3O1P1,3.9102
Ba2Cu3S6V1,0.9233
In7Pd3,0.0
Br2Hg2S2Sn1,2.3176
Cd1S2Tl1,0.0
B2Na3O6Sc1,3.5855
F1K2O3P1,4.4466
B3C2Y2,0.0
Ga1Pd1Yb1,0.0
C2H2N2O1,3.888
B4Ce1Ru4,0.0
B1C2F4H6N5,4.3407
Cu3Er2K1Se5,1.3079
C2Cd1H8N6O6S2,2.9703
C2H8N1O4P1,5.5207
As2V1,0.0
C1Cl18W6,1.0922
Ru3Si4Zr2,0.0
Ce1Ni2Sn2,0.0
B4W1Y1,0.2699
Ge9Pd25,0.0
Cl4F6Ir1,0.0
O9Re2V1,2.3038
Cl3H6O6Rb3Te1,3.3765
Cl4Fe1K1,0.0
N1Ni2W3,0.0
Br3Cs1Yb1,2.9563
Co1H12O11P2Zn1,0.0
Ca4Mg13Zn29,0.0
Fe2K6S6,1.4093
Fe2Ge1Mn1,0.0
H4S6Si4,3.3238
O7P2Rb1Y1,5.035
Au1I1Te1,0.9299
Cl16Li2Nb6,0.9276
Bi1F6K1Rb2,4.7686
Cl1Ho1O3Te1,3.8552
Ba2Fe2Li1N3,0.5479
Au1F11Th2,2.5904
F6Ni1Pt1,2.6446
Br3Si1Tb3,0.0
Ag2Ge1Rb2S4,2.1538
C1Co3Mg1,0.0
As1La1O1Ru1,0.0
Rh4Si5,0.0
Li2Ni1O3,1.3056
Co2O3Rb2,1.9432
Ho2S4Sr1,1.8213
Ca1N6,3.4107
As2O8Sr1Zn2,3.1638
Ge5O25P6,3.4953
K2Se2,0.71
Gd1O6Re1Sr2,0.0
Ga1K1Te2,1.2528
C4O4Tl2,3.3593
Au1K3Se2,2.0959
Be1H4O4Sr1,4.1604
Ca1O8P2Zn2,4.3175
Br3Ca1Cs1,4.3954
Ca2Sb1,0.0
Ge6Ho1Mn6,0.0
Ga4O9Sr3,2.9467
B3Re1U1,0.0
Ce1O4Ta1,2.98
Br3Cd1In1,2.1923
Cu1F8H12O6Sb2,0.0
C1P2V4,0.0
Pr1Ru1Si1,0.0
Cs3Na2P3Sn1,0.9748
Dy1Ge1Ni1,0.0
Al6Tc1,0.0
Ce3Si2,0.0
As2Cu1Tm1,0.0
F12O1Tl2Zr3,4.2545
Hf1Rh1Sb1,0.0
As2Co1O7Sr1,0.336
H6Li4Os1,3.1628
Ce2Co5Fe12,0.0
Hf2In5,0.0
I2Nd1,0.0
Cl3Cu1H5N2,0.0
C4Hg1N4Rb2,5.8245
Co5Ge7,0.0
F5Ru1,1.7651
Gd1K1Na1O5Ta1,3.6029
Co1O6Re1Sr2,0.0
Al1Fe2Mo1,0.0
Li13Sn5,0.0
B1Pr1Pt3,0.0
Ho3Os1,0.0
Cl7K1Mo2O2,2.072
Au6Hg5,0.0
C2H20Mn1N6O12S2,0.0
Au1In2Yb1,0.0
B6Ni21Sc2,0.0
Er6I7,0.0
H6N1Ni1O5P1,3.8001
In2Pt1,0.0
In2Na6S6,2.3287
F6Fe1Li1Rb2,0.0
O7Y2Zr2,2.7011
Ba1Nb2O11V2,2.3349
K6Mg1O4,1.6816
Cl2F6I1Sb1,1.8813
Li2Si1,0.0
Au4K1Sn2,0.0
Cu1Ge1La3S7,1.8225
Al1I4In1,3.0029
Cs1Dy1Te3Zn1,1.4548
Rh1S1Sb1,0.8867
Ag1Se1,0.0
Dy1In2Ni1,0.0
Nd1Tl3,0.0
Cu1O7Rb4Si2,1.6805
Bi1Pt1Se1,0.0
Au1C2Cl1H3N1,4.0028
Cs1Lu1S2,2.0697
Dy3In1N1,0.0
K1S4Si1Yb1,0.0
C3K3Na1O11U1,3.2079
B13C2Li1,2.5448
C4Dy4Ni13,0.0
Bi2Li3Y1,0.0
Fe1S5Th2,1.7058
C4H2O4,2.8678
Cu1Ge4O12Tb2,2.1957
B1La6N3O6,0.9252
B9Li1,0.0
As4Ge2Sr3,0.7729
Ba2Ge2O7Zn1,3.367
Cl4K3N1O3Zn1,3.3007
La1Se1.9,0.4602
Mn1Nd1O1Sb1,0.0
Ag1Pb1Pr1,0.0
Cr1Hg5O6,0.855
C1Li2N2,3.7212
Cl7Nb3O5Rb2,2.6022
As1Cu1O1Th1,0.0
H4O4P2Pb1,3.882
Ba1Mg1O7Te2,1.8425
Na3P1S4,2.2629
C4H4N4,3.5925
Cl9Cs3In2,3.5417
Ce5Cu19P12,0.0
Fe1Mo1O7V1,2.15
Be2K2Na4O5,2.4609
Cs2Cu2Sb2Se5,0.9926
Co1Ge2Tb1,0.0
N3Nb4,0.0
Ba12Li8N6Na15,0.0
Gd1Ni4P2,0.0
Hf5P7Pd9,0.0
Er2O2Se1,2.1853
Ni1Sb1Zn1,0.0
Ba1Cd1Ge1S4,2.6847
Hf1Ru1,0.0
Br4O1Rb6,1.527
K3O4Sb1,1.8611
B2F4,4.877
C2Li2O4,3.2411
F5Na1Te1,5.2523
As1Cu1Si1Ti1,0.0
Ce1O6Se2,1.9939
Ba1Mo1O3,0.0
Cu1Se3Th1Tl1,1.4488
Eu3Ir1O7,0.0
Ag1C6F6N4O2Sb1,2.4426
C10Cl4Ga1H30N2P1Si3,3.1536
Dy5Rh3,0.0
Al2Ba3Ge2,0.0
La1Rb1S2,2.4036
H2Na1Nd1O9S2,4.0096
Pt1Sb1Tm1,0.0
C2Ca1H8O6P2,5.4253
K4Mo8O52P12,2.0989
Br1Hg1I1,2.2562
B3Eu4Li1N6,0.5511
Ag3N1O3S1,1.5219
Sb1Tm1,0.0
B1Br1Eu2N2,1.4828
Ba1Cl5Gd1,3.8959
Ge2Mg1Pr2,0.0
As2Cu1Y1,0.0
Na1O6Si2Tb1,4.3029
Ga5Ta6,0.0
Li3Na1Si6,0.1264
Sm1Zn1,0.0
Be1Na1Sb1,0.8879
B2Os2Th1,0.0
O19Ta6Th2,3.4385
Si3Ti1V4,0.0
Br3Ce1,1.6129
Ru1Si1Ta1,0.0
As1Mg1Pt5,0.0
Ga3Ti2,0.0
Ba2Eu1O6Ta1,0.0
B1C4Cu1N4,3.5248
Cu2In2S6Si1,0.8341
As1F6N1S2,2.595
Ca2In1Pt2,0.0
B2F10H1Nd1,4.8473
Br2C4Mg2Na6O12,3.8894
Mn1Si1Ti1,0.0
Cr1P2,0.0
Al12Nd4O32Pb8,2.9997
Cs2F6Mn1Na1,0.0
Au1La1Pb1,0.0
Sc2Sr1Te4,0.7125
C2H11Mg1N1O10,2.9944
K1P1Se6,1.8503
Nb1O3Rb1,3.6605
S3Sn2Tl2,0.8417
Ba2Ni1O6U1,3.0342
Ca1I2,3.7959
Al2Ni1O1Ti3,0.0
B1Ce1S3,2.4446
Cd2Eu1,0.0
Dy1Ga2Ni1,0.0
F1In1O5Te2,3.2663
Co3In1N1,0.0
Gd3O7Re1,0.6893
Pt4Rb2Se6,1.0925
Ba3Mg1O8Si2,4.7041
La1Mg2Ni9,0.0
Ba1Cu9Si4,0.0
Cu1O4Re1,1.8366
Cl2O1Pd2,1.4743
Ge1In1Li1,0.0
Cl2O1Ru1,0.0
H9Na1O6Zn1,3.9952
Sc1Te2Tl1,0.3698
Pr2Te5,0.0
Ge2Rh2Sr1,0.0
As4C4F12,3.3073
As6Ru7U4,0.0
As1Au1Eu1,0.0
Ir3Th7,0.0
As2Mn3O2Sr2,0.0
B7Gd3W1,0.0
F12K1Tb3,0.0
In4Ni2Sc5,0.0
As2O6Pb1,2.1285
C2N2Se1,3.4667
Cl3Er1O12,5.0196
As1Pb3Zr5,0.0
K4Sn4,0.7106
B3Os2,0.0
Co1Ho1Sn2,0.0
Pt1Yb1Zn1,0.0
C2F1H8Ho1O8,3.8173
Ge2K6Te6,1.047
As2Ni2U1,0.0
Ag2Si2Sm1,0.0
Al1Br7Se1,2.1722
Cl10Nb2P8S20,1.3927
B6Ba2Mg1O12,5.1929
Tb1Te2,0.0
Dy1Ge1Sn1,0.0
N1Zn3Zr3,0.0
Fe2P12W1,0.0087
C1H1O2Rb1,4.4349
Ba3Co1O9Sb2,2.3321
Al11Mn4,0.0
Hf1Mn2,0.0
Au3Sn4U3,0.0
H2La1Na1O9S2,5.6729
Ba1Cu1Se3Y1,1.1069
Cr2K2O12U2,1.8528
Bi2Co1Hf6,0.0
H12In1N1O12S2,3.9873
C2I9La5,1.3027
H6Li6O21P6,5.2955
Ag1Be12,0.0
Br3N1Se2,1.2382
I4K2Mo1O14,2.9688
Ag3Cs1S2,0.7594
Ba1Pt1Si1,0.0
Ce1Pd1Tl1,0.0
Ge2Ir2Nd1,0.0
Li4O8V3,0.8176
O2Pd1,0.0
Dy1H2,0.0
Hf1Ni4P2,0.0
H2Mg1O8Se2,3.2439
Ca3Fe1O6Rh1,1.8516
K1Pr3Te8,0.4871
Ba2O6Sb1Sc1,0.0
Ba5Ga5Sn1,0.0
B5H8K1O12,5.5957
Cu2Li1P2Y1,0.0
H2O4Pb3,2.8413
Au1Sn1Yb1,0.0
Cu1O2Pr1,2.9012
Ca3In1P3,1.0032
Au1Bi1Sr1,0.0
Co1In8Y2,0.0
Bi1Os1Se1,0.7439
Ho4O14Si4,4.6125
Ba1Tl4,0.0
Al2Eu1S4,3.1
Ru1Sn2,0.0
Ag1Cr2H4O10Sc1,2.4777
Er3Ge13Rh4,0.0
As4Ba3O19U2,3.2869
Ca3Li1N5Si2,2.4415
C1Cl3F3Si1,6.1572
Ca1Ge2Rh2,0.0
Cs3F7Ni1,0.7381
H5O8P2Tl1,4.997
Ga1H1O2,2.9643
Mo3O12Y2,3.4431
Al3Ce2Ge4,0.0
Na2O1S2Ti1,2.7587
F1Ho1Mo1O4,3.6454
H2K1Li1O5W1,5.0486
Dy3Ir1,0.0
F3Ga1H3N1,2.0555
As2Hf3,0.0
Lu1Rh1Si1,0.0
Ba1P8,0.8884
B1C3Cs1F9N1O2,3.3924
Ag1Ba1F1Se1,1.6025
Se11Ta2Tl4,1.1425
Bi1Br1O2Sr1,3.1648
Ge1La1Li2,0.0
N1O2Tl1,1.6442
Cd1Gd1Pd1,0.0
B5Na3Pt9,0.0
Ba1O4Si1Zn1,4.0044
Nb1P1Zr1,0.0
F6Pb1Pt1,2.3941
Cu2Ho1S2,0.0
P1Se3Sn1,1.3247
Ga1P1Pd5,0.0
Mo8P5,0.0
I4Pt1,0.815
Ga1Pu1Rh1,0.0
Re1Se2,1.1774
In1N1Tb3,0.0
Br1Hg3I1Te2,1.2808
Ge10Rh4Tb5,0.0
Al8La1Mn4,0.0
Cl2O1,1.0613
As1Li1Zn1,0.9409
Cl5Fe1Tl3,2.7207
Mn23Yb6,0.0
As1Co1La1O1,0.0
Cu19La5P12,0.0
Cr2N1,0.0
Ge1P4Sr4,1.0416
Ag1Bi1P2S6,1.3822
B1Pd4Sr1,0.0
C4Cl6H16N2Sn1,2.5433
C1H5Na1O4,4.7708
Er2Si4Ti3,0.0
Hf2Sc3Si4,0.0
Pb1Pd2Y1,0.0
C2W1Y1,0.0
Br1Cl1,1.7512
Cu1Se7Sn1Tb3,0.9258
Re8Sc5Si12,0.0
Al1C1Tm3,0.0
Ba3Ir2Ni1O9,0.0
B4La1Re4,0.0
B6Co12Dy1,0.0
Bi4Rh1,0.0
Ba2F10Mg3,6.8859
Ge6Tc7U4,0.0
Cu1Mo2O8Y1,2.1063
Cu2I6Tl4,1.8163
Al1I3O9,3.3319
Pt3Tl2,0.0
Be1Cu12La1,0.0
Cu1F5Pd1Rb1,1.2867
Bi2Dy1I1O4,1.3734
Ca1In2Ir1,0.0
Cl4Cs2Mg1,5.0233
C1H8N4O4S1,5.1225
B4Gd1Ni1,0.0
Cu2Eu3P4Zn2,0.0
Cl5P4S4Ta1,1.9987
Cs4I13Os1Pr6,0.0
Hg1Sc1,0.0
Al3Li12Si4,0.0
B1Ta4Te8,0.0
Al1C1.67Zr1,0.0
Au1Ho1Ni4,0.0
Ba1Cd1K2Sb2,0.1933
Cd1H2I3O1Rb1,2.5513
Nb1P2,0.0
Ga5Pd1U1,0.0
H2Li2Pd1,0.0
C6H12Nd2O18,3.1623
Al3Ta5,0.0
Cs2Sn1Te4,0.6017
Cd1Eu1,0.0
As3W2,0.0
Ca1Fe1Ge2O6,1.2116
Na2O3Pr1,1.3468
B5Eu2Os3,0.0
Al2La1Zn2,0.0
Ga2Mn1Te4,0.0
Mn2O12Rb2S3,4.5585
Co7Y2,0.0
Bi2Li8O10Pd1,1.2482
As1Ge1Nb1,0.0
Al1Ge3Y2,0.0
Bi1O6P1Zn2,3.2517
Ag1C2N2Na1,3.5237
Mo9S11Tl2,0.0
F1Fe1O3Te1,2.1829
O11Se2V2,2.1271
Fe2K1S2,0.0
Ag1Cs1Se4,1.2815
Dy4Ge4In1Ni2,0.0
C2Cl4Cu1H10N2,1.2083
C18Ru12Th11,0.0
Cr1K1N1O9U1,2.6568
Bi1I1O4,2.3956
Al2Au2Ce1,0.0
Na4Nb8O32P4,2.2857
Al8Mn4Th1,0.0
Co1Er2Si2,0.0
F6Nb1Rb2,1.2539
Ba1Ge1O3,3.4902
O4Rb2W1,4.4489
Cd1N3O6Tl1,2.154
Ge5Ir3La2,0.0
Ag1Mg1Y1,0.0
Pd2Yb5,0.0
Hg1Na1,0.0
Cu1Eu1F1S1,1.5408
K4O9Si3Sr1,4.1406
Fe1Li1Mo2O8,2.4373
As1Cd1,0.1588
Ba1Eu2O5Pt1,0.0
Cu4K1O12P3,0.0
F4Mg1Sr1,6.2223
Ge1Hf1Rh1,0.0
As1S1Sm1,0.0
Cu2O10P2U1,1.2567
F1Mo1O4Tb1,3.6655
Ba2O7U2,3.1495
Er1Ge1Pd1,0.0
Al1F4H4N1,6.7912
Cl5P1,1.7596
Co2Nb2Te4,0.0
Mo2O16P4Pb2,1.152
Ga2K6O6,2.6619
Cu1H2K1O5P1,1.6204
F3U1,2.8611
Cd1Cu2Ge1Te4,0.0
Ag2C6Cl1H12N3,4.1523
Na1Sn2,0.0
F2I2O6S2,1.92
C4N4Ni1Zn1,4.1432
Al2Cu1Yb1,0.0
Ce1Cs1S2,2.2811
B13Ho4Ni1,0.0
B1Dy1Pd3,0.0
Fe2H2O1Zr4,0.0
H4Na6O18S4Zn1,5.0216
Br3Cs1Hg1,0.0
Ge5Ir3Y2,0.0
Al1F6Li1Yb1,2.6252
Dy1Fe6Ge6,0.0
Ge13Os4Y3,0.0
Cd1Cu1Dy1,0.0
Cu1H6O7S1,2.0143
Mg3Ru2,0.0
C4Mn1N1O5,2.3186
C8Fe1Ge4H24N2S10,2.3886
Br4C2H12Hg1N6,2.7717
Bi2Ge1Te4,0.5909
B2Dy1Rh3,0.0
Au5Ba1,0.0
Cl3La3O6W1,3.1724
C4H12I1N1O3,3.9603
Li3N4Nb1Sr2,2.1437
Br1La3S8Si2,2.7735
In2Mg1,0.0
H12K2O14Ru1S2,3.114
Ag1Pr3S7Si1,1.7907
Ge1Hg1Te4Tl2,0.1124
Ba1O5Si2,4.3615
Ce1Cu1Si2,0.0
Co1Mo4Zr9,0.0
I10Ir2Te16,0.9955
As2B4Cl4,3.3936
Au1K1N4O12,2.0098
Bi2Li1Mo4O16Rb1,2.8989
B6Co20Ga3,0.0
Fe4Si2Y1,0.0
Cd1Cs1Se3Y1,2.1293
Ca3N3V1,1.1086
I3Pb1Rb1,2.4748
Au1Si1Yb1,0.0
K4P8Te4,1.1891
Bi2Ca1Mn2,0.0
Ca12Li6N16O3Re4,0.0
Ba1Nb2O6,2.6385
C10Cl1Co3O9,2.1749
La2O8S2Ta3,0.9695
B4Pr1Rh4,0.0
As1Dy1Pd1,0.0
B4Re1Th1,0.0
Co2K6O7,1.5131
Hg2O7P2,1.4774
Ru1Sb1,0.0
Na2O4Pd3,1.1793
Br2H4Mn1O2,3.4295
Se4Tl4Zr1,1.2558
Ce2Mn2O3Se2,2.2478
Ba3Ga2S6,2.6784
Au1Ge1Lu1,0.0
O2S1Yb2,0.0
Ca5N4O2W1,2.3326
As2S3,2.0006
Rb1Te2Y1,1.3624
In2La1Rh1,0.0
Ca1Na4O18P6,5.1825
Co2Ge2Th1,0.0
Ge1Sb1,0.0
Cr5Cs1Te8,0.0
In3Sm1,0.0
C1K3O8V1,2.3746
Al3Ru1,0.0
S2Tc1,1.114
F6H8N2Sn1,4.6486
Al1Er3Ni8,0.0
H16I2Mg1O8,3.7975
Hf1Pd5,0.0
Ni2Si1Ta3,0.0
Cl10Mo2N4S4,0.7922
F10H1S1Sb1,4.7142
Sb2Te2,0.0
In1Mo1S2,0.0
Al2Cs2O9P2,4.9061
Br3Cd4P2,1.3947
In6O12Re1,0.7090000000000001
H4O4V2,1.2990000000000002
Li1Rh3Sn5,0.0
Br4Pd4Te3,0.9405
As2Ca1Ga2,0.0
Cd1P14Pb1,1.1937
Al4Be1Mg1O8,5.5277
Er1F6Na1Rb2,6.4913
Nb1Sn2,0.0
Al1C8Ge2H24P1,3.8334
Cl4Cu4O12Te5,1.3717
Au3Rb2Tl1,0.0
Er1Mo4Na5O16,3.77
C4H5K1O15U2,3.2259
Mo1Rh3,0.0
Al1Dy1Ge1,0.0
Cu1F11Na1Zr2,2.7598
Co1Ge1Ti1,0.0
C2F4O4S1,6.1737
Na2O3Tb1,0.0
K1P1Zn1,0.9864
Cs2Te13,0.4787
Fe2K3Na1O8,1.5974
Cl4Ga1Li1,4.1554
Fe2Ni1,0.0
H9K1O5,4.7077
Cd1F3Rb1,3.4652
Ca3O9Si2Zr1,4.4592
C2H2N4Ni1,2.4013
F3O1Rb1V1,2.4646
Ba2Ge1P2,0.5868
Br18K4Nb6,1.0688
H20N4O2P4S8,2.5676
Ga4Sc1V2,0.0
Ba1H6O8Si2,5.0576
As2Si1,1.0938
Be8Na5O11Rb1,3.8068
K1La1O3Pd1,1.1244
Hg9I6P5,1.3495
Pt1Tl1,0.0
Ba2O5Re1,0.7949
B2Ca1O6Sn1,3.1742
K2O19Si8Zn2,4.6052
Ba1C4O4,2.5632
Gd2In1Ni2,0.0
Cr1F6H8N2Na1,4.332
H4I3N1Pb1,0.9161
As1I3S24,2.1133
Br6Se8Ta3,0.0
Br10Ni1Tb6,0.3551
C1Cu1H8N2O5P2,1.8615
Mn1Na2O15P5,1.2685
Be1La3S7Sc1,1.3184
O14P4Sr1V2,0.0
Al1Sn1,0.0
F1H3Si1,6.0317
Al4Ca2H10O21Si4,4.9892
Br10Rb1Re3,0.9023
H6Ru1Sr2,2.8478
Ce3Zn22,0.0
Au1Ce1Sb2,0.0
C6Fe2O6Se2,2.1471
Al8Cu4U1,0.0
Co1Cr4H4K2O16,2.4824
Cu1P2Y1,0.0
Mo9Se11Tl2,0.0
Ba3Bi1Cl3O3,3.9776
Al1F5H4Mg1O2,5.8141
B1K1Li2O3,4.0201
Fe1Ge2O7Tb1,2.5047
Cu1Hf5Pb3,0.0
Au2In1Zr1,0.0
Al2B2O7Rb2,4.1606
Ni1Pr1Sn1,0.0
Ge13Ir4Tb3,0.0
Ga3O20P6Rb1,4.6538
Ni2Sn1Tm2,0.0
C8I2Mo2O8,0.7348
Al8C3N4,0.0
Se9V2,0.9824
Ge3La4,0.0
Ba2Cu3O8Pr1,0.0
B10Ca1La2O19,5.8143
Li1O2Ru1,0.0
As4Bi1Cl7Hg6,1.2819
Er1Pt1Zn1,0.0
Gd1Ge2Ni2,0.0
C1H5N1O2,5.1095
Cl18Rb2W6,1.1028
Li1Na1O6V2,3.0723
Ga5Hf1Ni1,0.0
F6K2Na1Tl1,3.6391
Ce4Cl3N1S3,3.0405
B4Pu1Ru1,0.0
Ni4Sn1U1,0.0
B1La3O9W1,3.4312
In1P2Se6Tl1,1.4673
Co1Fe3,0.0
Ca1In2Pd1,0.0
Pb1Se3Tl4,0.2317
Ba1Te3,0.7383
B2Ir2Tb1,0.0
S2Tl1Y1,1.5099
Ca1Cu1In2,0.0
Ba1Co3H2O10V2,2.8893
Na2O8Si3Zn1,4.2360000000000015
Cu1Nd2Rb1S4,1.1169
Ag2Bi1O3,0.6619
Er2Mn3Si5,0.0
Ge46K8,0.0
H8O9Pu1Rb3,0.0
K2O12P3Pr1Zr1,4.3428
H6N4O4Pd1,2.579
C8Re3U5,0.0
Cu3F6O8P3Rb1,0.2473
Cs1Eu1F3,1.556
B4Pr1,0.0
Mn1O6Ta2,3.2768
Bi2Dy1Ni2,0.0
B7Br1Fe3O13,3.2073
Al1F1O4Sr3,4.0505
Co3Ga16Y4,0.0
Pt1Sm1,0.0
Bi1Rh1Se1,0.2827
Ce1In5Ir1,0.0
B2Cu1Ir5Mg2,0.0
Bi9I3Rh2,0.4577
Au1Eu1Zn1,0.0
Ga1Ho3O6,3.5973
Ba2Cl7Y1,4.7066
Cu1Ga1Zr1,0.0
As1Li1O5V1,1.4317
K1Mg1O9P3,4.9521
B9Cs1H14,3.7922
Ca1O4Rh2,1.7573
Cu1In2O4,0.0
Cd1Cl4Cs2,3.3236
Cu1Rh2S4,0.0
Er2Mg1Se4,1.3675
C1Pb1Zr2,0.0
B6C3Nb7,0.0
Al10Pr1Ru2,0.0
Ge3Rh2Se3,0.3423
Hg3Tb1,0.0
Eu1Ho2S4,1.413
H4N2Ni1,2.1567
Mg1Pd1Pr1,0.0
As1H1Mn2O5,1.3119999999999998
Ca1F6Rh1,1.2968
C2H8N6O3,3.3343
Au1Gd1Ge1,0.0
Ho1O6Rh1Sr3,2.8441
C2K2O4,2.7369
K1Na1Se1,2.0463
Ag3Cu1S2,0.5739
O13Te6Zn1,2.9949
Ni1Si2Tb3,0.0
Ba1Be2N2,1.1727
H8O8Sn1Sr2,3.0286
Nd1Pt3,0.0
P1Pd5Zn1,0.0
Fe2Li2O4,1.0014
Bi1Br1Cd1S2,1.7996
Bi1F1O1,3.1349
C1F2K2O6S2,5.6497
Al7Cu16Dy6,0.0
B1Cs1Li2S3,3.0988
Ba2Co1O6Re1,0.2893
H3Na1O8S2Zn2,4.7539
Ce2Mo4O18Sb2,3.1944
F6Pd1Rb2,2.8423
Eu1Zn5,0.0
Al9Gd2Ir3,0.0
Mo3Si4Tb2,0.0
C1Cl2Eu2N2,2.7875
Cr1Cu4O20Sr8Tl3,0.0
Bi1Cd1Cl1O2,2.8823
Cs3I9Zr2,0.3998
Au2Sc2Sn1,0.0
C1H7N3O4S1,4.9999
Ge3Na1P3,1.0869
K1Nb5O13,2.6646
Al2Se3,1.7565
F4Ru1,1.6054
Fe4Mn8Y1,0.0
Ba6Si46,0.0
Al13La16,0.0
Ir2Sr1,0.0
Cs1F2H1O6S2,5.6111
Cu3S8Ta2Tl3,2.1014
B2C1Rh2U1,0.0
C1H9N7O3,3.1552
Co1P1Ta1,0.0
Cd1Gd4Pd1,0.0
Cr5K1S8,1.2963
La3Ni3Zn1,0.0
Ca2H6Ru1,3.054
Ca2Mn1O6Sb1,1.0729
F2Li1Rb1,6.1187
Co1I12Tb7,0.2546
Cr1Ge3La1,0.0
Co2Si3Zr3,0.0
Bi2Eu1Se4,1.0232
Cs1In3,0.0
F7Rb1Sb2,4.1936
Eu1Li2O4Si1,2.0938
H1Li1O3P1Tl1,3.992
Al1Cu1Pt2,0.0
Co2I1Tb2,0.0
Bi1Cu1Sr1,0.0
Ge1Ir1Nb1,0.0
H16Mg6Ti1,0.0
Ir1Sc2,0.0
C1Cu1H1O5S1,3.6264
Bi1F6Na1Rb2,4.9188
Ag1C1F3O6S2,4.0475
He2Ne1,14.2694
Pt2Sn1Tb1,0.0
Nb1O9Rb1S2,3.1485
Pr3S4,0.0
Ag2O4Te1,0.4781
F3Pu1,0.0
Pb4S11Sb4,0.0
K8O24Sr2U6,2.9267
Bi14I12Rh1Si2,0.0
C1Ce1,0.0
Al3C5Zr2,0.0
Ni1Se4Ti2,0.0
Ho2Mo1O6,2.0322
Er5P12Ru19,0.0
Ge1Sr2,0.377
Ag1Se27Ti6Tl5,1.122
Co1Sb2Tb5,0.0
Er1F1O3Se1,4.3017
Ag2Ge1Pb1S4,1.5918
Al1Ce1Si2,0.0
Bi2Yb1,0.0
B6Co12Er1,0.0
F5N3W1,3.128
Ni1Pb1,0.0
Ni1P1Se3,0.3336
Dy3Ir2,0.0
F6K1Mo1Rb2,2.9131
Ca2Ge3Li1,0.0
Ca3In2O12Si3,3.7776
O56Si28,5.6271
In1Pd1Y1,0.0
B8Ce2O15,5.0446
Ce4Rh4Si3,0.0
K1Sb2,0.2017
Ba3Na1O9Ru2,0.0
Hf1Pb1S3,1.4281
H10Mg3Rb4,3.4376
I2V1,3.295
Br2C4Cd1H8N8,3.3817
Co5La1P3,0.0
H3K5O14S5,3.5402
Al3C3H9N1O14P3,4.9492
Ni3Ti0.67Zr0.33,0.0
Al1H5Mg1,3.2778
B3Ba5C1N1O9,3.3088
Cl1Cs1Mn2O7V2,2.5207
Mo1Ni1P1,0.0
Cl4Se1,3.0869
Cu2Ge1O4,0.0
Ag1Cs2S4V1,1.3046
Ce1Ir2Sn2,0.0
As2Ba1Cu4,0.0
As1Ho1Pt1,0.0
Se2Sm1Tl1,0.0
C4Cd1K2N4,6.0
Ag5Rb1Se3,0.0
B12Tb1,0.0
Ca3Co1O6Sc1,2.9897
B6Ca2Ni21,0.0
Al2B2Na2O7,4.3507
Cu3Pt1,0.0
S8Ti1Tl1V4,0.0
Bi4Cl1O8Ta1,1.1259
As1Li1O4Rb2,3.5532
La1Ni1P1,0.0
H8Mg5O9,3.6134
Li3N4Ni4Sr3,0.0
Dy6H40N8O49,3.0126
Cd1Mn2O4,1.5225
Al1As1F1Na1O4,3.4558
Eu1Pd1Si1,0.0
Cl3H1La3O6Ta1,1.0173
Ce1Cr1S3,0.4397
Cl3O12Pr1,3.707
Sn3Zn1Zr5,0.0
In1La1Zn1,0.0
Cu1La1Sb2,0.0
La0.625Li0.125O3Ti1,2.3509
C2I1K1N2,4.5117
H3Na3O5Si1,3.9183
Eu1P2Pd2,0.0
K1O4P1Zn1,4.3191
As1H3O5Sr1,3.9043
Ga5Ho3,0.0
K1O4Pb1V1,3.3673
Ce2Ge6Li1,0.0
B2C1Ce1Ni2,0.0
Co1O4Re1,0.7136
Bi2Cl1Gd1O4,1.3621
K1O2Y1,3.9736
Rb1Se2Sm1,0.3751
Cl7Hg6P4Ti1,1.8292
Eu1K1S2,0.0
C2H6N4O4Zn1,4.9198
Cl6Pd1Rb2,1.2176
Bi2Cl1Ho1O4,1.4148
F1Fe1H4Na1O6S1,3.7192
Al1Pd1Pr1,0.0
Dy1Te2,0.0
Au2Dy2In1,0.0
C1N2Ni1,1.1899
As1C1F9H3N1O1,4.7432
Al7Cu16H9Zr6,0.0
B4O7Rb2,4.581
As3Ni5Sr1,0.0
Cr2Dy1Si2,0.0
As2Ge1Te4,0.24
Ga2O12S3,4.4667
Re4Si2Y1,0.0
Cr1Cs2F6K1,3.9692
Ni1S8Ti4,0.0
F1Na1O4S1Zn1,4.8106
C12Ni4O18P4,3.4264
La1P2Ru2,0.0
Hg45La11,0.0
Cl8Ga2Hg3,2.4794
As1Hg1S3Tl1,0.192
Ag4O4Si1,0.7241
Ba1Bi1Cl1O2,3.1752
C2H8N2O3,3.451
As1Cs3,0.0
B6Ba2H4O13,5.2311
Ba2Fe1Se3,1.6801
Ba1Cu1Te3Y1,0.6231
H28N8O12P4,3.0803
Ga1Ni2Ta1,0.0
In1S4Si1Tl1,2.5153
Nb2O9Zn4,3.1564
Ca2Cu1Fe1O3Se1,0.5118
Mg1Sc2Se4,1.4152
H8Mn2N4S5Sb2,0.6722
Bi1Gd1Ni1,0.0
F1Ga1K1O4P1,4.2212
Ca4Ge1N4,1.4172
As1Rb3,0.0
Rb1S2Tb1,2.296
Li1Mo3Se3,0.0
C2H6O4S1,6.2071
As2Cu1Gd1,0.0
C1Cs2O3,3.3429
In8Ir1Yb2,0.0
Ba1Cu2Se4Sn1,0.5828
H24Mg1O20P2Zn2,4.7282
Cr3Na1O8,2.0521
C1Cd3H2O8Se1,2.8938
Ge1Ir1Sc1,0.0
Gd1K1S2,2.1244
Bi1Li1Yb1,0.2468
Fe4Si2Zr1,0.0
B7Ho1Mo3,0.0
In1Lu1Pt1,0.0
B4Gd1Mo1,0.2213
Co1Er2In8,0.0
F1Na3O4S1,2.2228
Cl4Lu1Na1,5.1863
B3Br1La2,0.0
As2Ge1K2,0.8177
S5Y2Zr1,1.2429
Pd2Sn1U2,0.0
Cl2Cu2O6Pb1Se2,0.9741
Ge2Ho2Rh1,0.0
As1Pr1S1,0.0
Cl6N2O2V1,1.3301
Cu1H6N1O5P1,0.9988
F6Ni1Sn1,3.2938
Au1Yb1Zn1,0.0
Fe2S2Tl1,0.0
Co2K4O5Rb2,1.4469999999999998
Cr3N1Ta3,0.0
O4Pb1U1,2.4454
B6Br1Cs3H12Se4,4.5047
Co7H4O24P6,3.7212
Hg2Na3,0.0
Bi14I12Ir1Si2,0.0
Au1Cl1Te2,0.0
Er2Mo3Si4,0.0
Co1Nd1P1,0.0
Rh1Sc1Si2,0.0
C4Cl2H16N8Ni1S4,2.3734
Ga2Li3,0.0
Al3Er0.8Y0.2,0.0
In1Pu3,0.0
B2Mg1O6Sr2,4.5996
C10Mn2O10,2.5058
Cu1K1S4Tb2,1.1813
Na2Pt1S2,1.4629
Cu1S4Zr2,0.0
Mn4P3Zr2,0.0
Fe4Ni3O24P6,1.8685
Cu3Gd1O8Pb2Sr2,0.0
B1F4Rb1,7.6767
Li1Mg2Si1,0.0
Cu2Na3O6Sb1,1.4204
Co1F4K2,0.0
Pd1Si1Ti1,0.0
H1O1Rb1,3.1298
Fe1O2Rb1,1.884
Al1K1Mo2O8,3.7839
Fe29Y3,0.0
As1Fe1V1,0.0
Ge2Mn2Sr1,0.0
Ni1O9Se3Sr2,3.1591
Dy1P1Pt1,0.0
Br1H6Na1O5,2.1673
Pt3Tm1,0.0
As2Pd2Pr1,0.0
Au2La1Si2,0.0
Cl1Eu1O3Ti1,0.3272
La1Ni9Si4,0.0
Cu1Gd1Ge1,0.0
C1H3O3P1Pb1,4.1263
Fe2Ge1Se4,0.8036
Ge2La1Rh1,0.0
Cu4Ho4K2S9,1.122
Al1Si2Yb2,0.0
B2C1Er1Rh2,0.0
Al6Ge6I2Na8O24,3.3466
Ge4La1Rh6,0.0
Ir2P2Sr1,0.4370000000000001
Al1Ce3Cr1S7,0.0
Ag3F14Hf2,1.3399
Al16Ni7Zr6,0.0
As1Te1,0.0
In1Li1Mo3O8,1.7965
Cl3N3Ti1,2.6768
Cl5H2In1K2O1,3.6041
Ca3Ge1N1,0.0
Dy3S7Sc2,0.0
Al2Ce1Pt3,0.0
B2O6Pb1Zn2,3.7576
Cu3La3Sb4,0.1482
Cl2N2S2Te1,2.0113
Cr1H6O6Rb3,0.3238
Nb1Se4,0.0
C1N1Na1,5.0443
Mg1P1S3,2.8051
F1K1O3Xe1,2.1373
C1Cl13Cs4Sc6,0.0
Hg2Rh1,0.0
B2S4Sr1,2.8327
Cu1K1Na1O10Si4,2.3248
As6Pt4Sr1,0.1036
Ge1Mn1Tb1,0.0
Ba3O9Y4,3.3047
K1Mo6S8,0.0
K2O3Te1,3.5757
Au2Pb1Yb2,0.0
Ni4Sn2Sr1,0.0
K2O9P2W1,3.7699
Ba2Lu1O6Ru1,1.0539
Ba1Co2Ge2,0.0
As3Cr4,0.0
C1Co1Tb1,0.0
Pd3Ta1,0.0
Er4I5,0.0
H9La1O12S2,5.1506
Ca1In1S4Yb1,0.0
As14Ba3,0.0
B3Ba5Br1O9,3.7573
As2F12N2Se3,2.3191
La7Rh3,0.0
La9O5Sb5,0.0
Eu1Ga2Se4,1.5002
Ba1Cs2H6N2O12,0.7539
As2Co1Fe2H10O14,2.0568
B3N3O3Sr3,2.1445
Cl1In1K6Te4,1.9812
Br1H3Li4O3,4.4506
Rh1Si3Th1,0.0
Cd1Sb1Tl1,0.0
Al1C1F5O3Sr2,5.0615
Ge1Nb1Ni1,0.0
Al1Au1Y1,0.0
Cl18Cs2Pb1Ta6,1.4144
Cl6H8N2Re1,2.7534
C1Mn1Na3O7P1,3.5715
Ce1Ir1Sb1,0.0
Ir3Si4,0.0
Ga1K2Li3O4,3.4914
As6Cl2O18Pb10,2.6527
Ca1Cu1P1,0.0758
B4La1,0.0
Ba2O4Ti1,3.6237
Ni2O8Te3,2.9534
Se5Sm2Zr1,0.0
Al16Co7Ti6,0.0
F4H1K1O1Te1,5.0296
As2Mo2O12Sr1,2.5683
Cl6Pt1Tl2,1.916
As2Co2Th1,0.0
Ag1Bi6S9,0.0
H3O4P1Sr1,5.7706
La2Mo4O18Sb2,3.2259
B2Mn1O4,4.4791
Al2H9Ni6Y3,0.0
Hf9S1V4,0.0
O6Rh1Sr3Yb1,0.3746
P2Th1,0.0
Ag2O7W2,2.7283
Cu3Dy1O8Pb2Sr2,0.0
B6H10,3.9988
Ca4Ir8P7,0.0
Au1Co1Na4O5,2.0317
I2La2P1,0.0
Au4Yb5,0.0
Ge1Hf1Ni1,0.0
F6Ge1H10N4,4.6501
Ni5P2,0.0
Al2Ca3F14Na2,7.1142
Na3S4Sb1,1.9199
K1Mo2O8Y1,3.4764
Bi2Dy4S9,0.9783
Ba8Si6Sn1,0.2733
Co1N2O6,2.9621
B2Ho3Ni13,0.0
Ho3Tl5,0.0
Cl3Y1,4.8567
Co4Ga12,0.0
Co2Ta1Te2,0.0
C1F3H11O8S1,5.6939
Be1Li1N1,2.6854
Ba5Cl6O4Si1,4.5318
F4H6O1,7.3658
Pb2S4Si1,2.2069
Ni6Pb1Y12,0.0
N3O11Rb1U1,3.544
B4Re1Tb1,0.0
Bi2Br1Nd1O4,1.2472
Hg3Ho1,0.0
Be2Gd2Ge1O7,4.285
Cl6Te6Zr1,1.0186
Au3Er3Ga8,0.0
Au1Bi1Ca1,0.0
B2Ce2Ir5,0.0
Al2Os1,0.5131
Ba5Cl1Co5O13,0.0
Cu1Na1S3Ti1,0.4973
La1Mn3Ni2,0.0
H12Mg1N6O6,4.4918
Cu2Fe2O5S2Sr3,0.6873
H10Mn1O9Se1,0.0
Se6Si2Tl4,1.6051
Fe1Sb2Zr6,0.0
Bi2Ga2In4S12,1.8395
Ca1In2O4,2.1275
Al6Ca10Ge9,0.0
Ca2P2S6,3.0754
C1Ge3Ho5,0.0
B28,1.5406
Os2Si2Th1,0.0
As1Au1K2S4,1.1325
Mo1Si1Zr1,0.0
O3Pd1Se1,1.9685
As1S1Tb1,0.0755
As1I1Se1,1.3092
K10Mg1Mo7O27,3.6042
Ce1F4,2.7537
Br5K2Pr1,3.3138
Cl2Cu3H6Ni1O6,0.0
Li1Sn2Tb1,0.0
H3Ni1Yb1,0.0
Fe1P1Ta4,0.0
Cl2Cu1O2Sr2,0.0
C2H8N1O2P1,4.9819
Li1Pd2Sn1,0.0
Eu1In1,0.0
Co1Fe1Ga1Mn1,0.0
Hg2Rb1,0.0
C1H6N6O4,2.5519
Ba2Cu3O6.93Y1,0.0
Co1Ge1Ta1,0.0
Fe0.25S2Ta1,0.0
Ca1F6Si1,7.5218
B1Ir6Zr2,0.0
Cu1Nd1O1Te1,0.0
Nb1S4Tl3,2.4822
Ca1Co2O4,0.0
Dy1In1Ir1,0.0
As4K4Sn1Sr2,0.4962
Rb3Sb1Se3,2.3059
Cs1Mo3Te3,0.0
Cr1P1Ti1,0.0
Co3Dy2Ga9,0.0
Ba2Ge2Se5,1.2679
H6O6P3Yb1,0.6002
K2O12P3Ti2,1.702
B1W4Zr9,0.0
Mg2S4Sn1,1.853
Ag2Hg1Se4Sn1,0.0
Be2K2O9Si3,4.8087
O6Te1Tl6,1.3546
C2Ho1K1O6,4.3266
B1Cr1O3,2.9234
Gd1Rh1Sn1,0.0
Ge1La2Mg1O6,4.2908
B1Co2Fe1,0.0
As1B1Ba1F10,4.9437
Al3Os2,0.0
Au2I1K6Na1O8,2.0921
Cl5Ta1,2.9886
Ga12Gd4Pd1,0.0
Ce1Li2N2,1.8307
I7Se1Ta3,0.7004
Ni2O1Zr4,0.0
As4Ba3Zn2,0.0
Cu1Ge2Pr1,0.0
Ba1O3V1,0.0
Co1Nb3S6,0.0
Al1Cd1F6Na1,4.7116
Ge6Li11,0.0
Ba3Li1O9Ru2,0.0
Li1O3Re1,0.0
Ba4Cu2Nd2O9,0.0
Au1O8Rb1S2,1.7698
Cl8O12Si8,5.674
B1Br1C4F4H11N1,5.0907
Ba1Co1O5Y2,2.795
Ni1Si1Th1,0.0
Al8Cr4Dy1,0.0
Ba2Cu1O3,0.0
K3N1,0.0
Ba1Mo2O11Se2,2.4341
Hf3Sc1,0.0
Cl1Cs6Dy21S34,1.9608
Al43Er6W4,0.0
Cs1F4Fe1,2.5218
Ba3Bi1Na1O6,1.7746
I6Pb1Th1,2.1965
Er1Ga1Rh1,0.0
F4K1Pr1,4.3166
C3Cl2H13N3O1Pt1,2.8367
Cu2Ge2Th1,0.0
Co1N3O2S3,1.5343
C4Cl3Co1Ga1K1O4,3.8394
Au1Ce1In1,0.0
Cl12O4P2Sb2,2.2702
Co5Er1Si3,0.0
La4O22Si4Ti5,1.4656
Al1C3V4,0.0
Al2Ge2Tb1,0.0
Ag1C4F1H8N8,4.0042
C2H6N2Ni1O4,2.1698
I12Nb2Se4Te4,1.053
Br1C1Cl1F1H3,2.694
N2Zn3,0.5708
Al1Lu3Ni8,0.0
Cl5K2U1,3.0810000000000004
C1H3Hg1N3,3.6406
As1Hf3,0.0
Cu1Nd3Se7Si1,1.295
C3Co1H9N7O2,0.0
Cu1N1Ni3,0.0
B2Cl1O4Pr1,3.8996
C5Y4,0.0
As1Cl1F8O1,2.9388
B6Co22Sb1,0.0
P3Pd1,0.0
Br11Nb4Rb1,0.4962
P2Pt5,0.0
In1Ru3,0.0
Cd1Hg1O2,0.4955
Cl2Nb1Se2,1.0697
Ge2K2S5,2.3015
Ca1Mg1Sn1,0.0
Ba1C8N8Pt2Rb2,2.4868
Ce1P1S1,0.2182
Cl12Os1Te2,0.9444
Ir1Sn4,0.0
Rb2Se5Sn2,0.6928
Ag4O5Te1,0.0
Cr2Si2Y1,0.0
As3Cs5Si1,0.5864
C1Pb1Y3,0.0
Ni1P2Zr2,0.0
Cl4Cs1O2Re1,1.5821
Au1Ge1Sc1,0.0
In1Pd2Th2,0.0
Pd2Rh15S15,0.0
Ba1O6Ti1U1,2.7397
C4H12Si1,5.6077
Fe2Ge3Mn3O12,1.9384
In1O8Rb1W2,4.4602
Al6F34Na2Sr7,6.9212
Ca4Mn4O24Si8,3.3275
K2P2Pd1,1.2547
Mn2O9Pb2Si2,1.2712
F1H10N2O4P1,4.9057
Cu1Ge2La1,0.0
C2Cs2Pd1,2.0926
P1Zr2,0.0
F6K1Mo1Tl2,1.5854
Mn2Se4Zn1,0.0
Ni1O6Rh1Sr3,0.6526
Na2Rb1Si17,0.0
H16Mg7Nb1,0.0
Ba1F5Sb1,4.7432
H3N1Na1O3P1,5.1804
K8Sb4Sn1,0.2895
Br2Mo1O2,1.4022
Al7Cu16Zr6,0.0
Au7Ge2K4,0.0
Er2Pb1S4,2.2508
Ca1Rb1Sb1,1.5145
Ag2H1O4P1,1.9716
Cu1Ge2Zr1,0.0
Nd1Os2,0.0
As2Nb1,0.0
F3O2Re1,3.4106
K1P1,1.0338
C4H6N2S2Sn1,3.636
Br6In2Zr1,2.1691
Br14Ta6,1.1116
Br5Pa1,1.9147
C1H5Nd1O7P1,3.6951
Cs1F2H1,6.5153
Ba1O6Te2,1.7384
Ag1B1C4N4,5.3858
Al8Cr4Er1,0.0
Cl5P4S5Ta1,2.355
Ni2O7V2,2.4601
F3H1Na2O5S1Te1,3.9053
Al3Li9O29P8,5.3517
Fe1La3O6S3W1,0.045
Cu1Ge1Li2,0.0
Hf1Zn22,0.0
B2O1,0.0
Gd1Se2,0.0
Al16Ru7Zr6,0.0
B2Co7U3,0.0
Al2Te4Zn1,1.7089
Al1Ge1Li1O4,3.1135
B1Ge3La5,0.0
F2O1Te1,4.2107
Rh1Tm1,0.0
In3Rb1S5,1.2787
Cs2Pd3S4,1.6966
Pt1Tb3,0.0
F4Na1V1,1.6134
Cu1Se3Tl1Zr1,0.3853
F1Na1Nb6O15,1.8251
F1O3Se1Y1,4.27
Ag1Ge1Pr3S7,1.7973
Ag1As2Sm1,0.0
Li1Sn3Tb5,0.0
Mo1O4Sr2,0.0
Ce1Dy1S3,0.8072
Cr2Ga1N1,0.0
F3Na7O12S3Sn1,4.9113
Cd32K6,0.0
C2Cl5Pr4,0.0
Ge3Mn5,0.0
Cd2O7Te2,1.7973
As3Cs6In1,0.5118
Co2Ga7Mg3,0.0
Cu4In1Sc1,0.0
Nb1Ru1Si1,0.0
Dy1Tc2,0.0
Rh3Tb5,0.0
C1Ti2,0.0
Eu2O2S1,0.0
Ga1Mn1,0.0
As1Cl3F5O1P1,4.4791
K1N7P4,3.7477
Ce1Hg2,0.0
Al1Au1Ho1,0.0
I3Nb1O1,0.7584
Br2Co1H12O6,3.8341
P6Rh7Sr2,0.0
Al1Si1Y1,0.0
Ho1Li1O2,4.0212
Ca3In4Ni8,0.0
Al1Cr1Cu2,0.0
K3P1S4,2.7708
Ba3O1Sb2,0.3323
Gd1Ni5,0.0
As9Pb7S20,0.0
B7Fe1Tb3,0.0
Ba6Cl2O12Pt1Ru2,1.4983
Al1Fe2O4,0.0
B2Ir5Sc2Si1,0.0
Al1F6H6K1O2,6.9345
Rh1Si1Ta1,0.0
O9Se3Tl2,2.1722
Al4Ge2Ni1Tb2,0.0
Ag2Sn2Sr1,0.0
Br1C8H20Li1O4,4.6106
Ba6Ca6Cu9O29Tl5,0.0
Pt1Yb2,0.0
Ni2P2Y1,0.0
Ge1K2Te4,1.0341
P1Te1U1,0.0
K1Nd1Te4,0.1331
Ge2Nd1Pd1,0.0
Au1H7N4O15,0.0
Nd1Ru1Si2,0.0
Cs2Mo3O12Se1,2.4853
Fe1Te1,0.0
Cd1Pr1Tl1,0.0
Ge2Mg1Nd2,0.0
Dy1Li1Sn1,0.0
H6Li4Ru1,3.0362
Ce1N5Si3,3.4366
Mn1Sc2Se4,0.957
Cl5Cs3Zn1,4.4955
In1Na1Se2,1.1043
Bi2Eu1I1O4,0.2654
Ba1F6Ge1,5.5516
K1Se8V5,0.0
Cl9P1Sn1,2.4214
Li1Nd1Sn2,0.0
Al1Ca2F7H2O1,5.4432
K1Mg4O12P3,4.9929
Ba6F26Mg7,6.8135
Cl4F5N1Te1W1,2.1316
Co1La4Mg1,0.0
Cl4Co1K2,3.7408
Cr1Nb1Si1,0.0
Ga2Pd1Y1,0.0
F6Li1Ru1,2.6286
Ga1Li1Si1,0.1922
Na4O12P3Sc2,0.0
Al1As2K2Na1,1.0468
Ge2Na6Se7,1.5811
Ca3Ga2O12Si3,4.3289
Pr2Tl1,0.0
Fe1Ni2S4,0.0
C2O4Sn1,2.6451
Cu2Mn1Sb1,0.0
Li1Pd1Si3,0.0
B4Ga3Pt9,0.0
Cd1Rh1Tb4,0.0
B9Ba1Na1O15,5.4761
Ge2La3Ni1,0.0
C1Li1N1,5.4945
Br1In1O3Te1,3.0263
Ca1Cu3Ge4O12,1.8098
F7K3Ni2,3.7454
Al3Pd2,0.0
Cs1Ho1K2O8P2,4.881
B1Co1Re1,0.0
Bi2Mo1O6,2.1092
Al2Ce1Ge2,0.0
Ho1Ru1Si1,0.0
Ge1Nb1Pt1,0.0
La3Tl5,0.0
Cd3H6O16Rb2S3,3.3903
N1Nb2,0.0
Cr2Ga6Zr3,0.0
C1Pb1Pr3,0.0
Ba2Cu1O8P2,1.705
O12P3Rb1Sn2,2.7910000000000004
Cs1H4Li1N2,2.051
La1Pd1Sb1,0.0
B2Ce3N4,0.0
H2In1O14Rb3Si5,4.1594
B1Se3Tl3,1.2363
Lu1Sb1Zr1,0.0
B3Ga2Li2O9Rb1,3.6831
Br1Te2,0.6018
C2Ni1Sc1,0.0
Ni3O8V2,2.62
Rh3Te8,0.0
B5Be6Cs1Na2O15,4.4830000000000005
Cu2Ge1Te3,0.0
Ce2Mg1Ni2,0.0
In7Te10,0.8954
Ta3Te12,0.0
K1O7Se1V2,2.3594
C2H8N8O4,2.2667
B1Ba1Li1S3,2.1594
Al57Mn12,0.0
P1Pt5Sn1,0.0
Cl8I1P1,1.6752
Cd1Ge1Li2,0.0
Cs3F4Li1,5.6316
La2O4Pd1,0.0
B3Gd1O6,5.2619
Ga1K1O7P2,4.4732
Al1O9P3,5.6199
P1Sb1Ti2,0.0
Al1Mn3,0.0
Au2Y3,0.0
Au5Ba1Ge2,0.0
F6H3O1Sb1,4.6581
Cs2I6Sn1,0.1169
Hf1P2S6,0.8296
Al2Cl8Co1,3.2763
Al1F6Li1Pd1,2.962
Fe16Nb6Si7,0.0
Ge1Sb4Te7,0.2257
Cl4Ga1Tl1,4.1546
C2Cl3H8N1Pd1,2.2149
Mn1Na1Sb1,0.0
Cl6Hf1Te8,0.8771
Co1Ga8Y2,0.0
I4O20Tl2U3,2.7018
Fe1S4Yb2,0.0
Pd5Th3,0.0
C1Ga1Sc3,0.0
H1O8P2Rb1Zn2,4.3889
O5V1Y2,1.489
Co1Sn3,0.0
C2H5N1O4,3.1649
Au1Ce2P3,0.0
Ba3O9Ru2Yb1,0.0
Cl3Eu1,0.0
Cl1Cr1K1O3,2.773
Ca2O8Pt3,1.612
F6Na1Rb2Rh1,3.2279
Bi1Cs1O2,2.3438
Os1Y3,0.0
Cl5K2Mo1O1,2.1716
B1Na1O4Si1,5.4177
Au1Cd1Ce1,0.0
Al43Mo4Tb6,0.0
Sb2Th1,0.0
Al2Cs2O7Sb2,3.6419
Pb3Yb5,0.0
Cu1Na2O12P4,2.3146
Au1In1La1,0.0
P3Pd4Zr3,0.0
H2O4Rb2S2,3.2873
Mg1Mo1O4,3.6112
Cr1O1,0.0
Os1V1,0.0
C2Cl3N3S1,3.1799
Pb5Sc6,0.0
Ag2C8H12N4O4,2.855
Ge2Ho2O7,3.6617
Ho2Mo4O18Sb2,3.1023
As6Cl2O24Pb10,3.0580000000000003
B2Ni13Tb3,0.0
Ca1Ge2Ni1,0.0
La4O7Se3Si2,2.4389
Al16Rh7Sc6,0.0
Al6O11Sr2,4.1355
P1Rh1Se1,1.1241
Co1Dy8In3,0.0
K1Li1Mo4Nd2O16,3.2984
Al1Nd1Pd1,0.0
Ho2O7Ru2,0.5524
H8N10Zn1,4.113
Cl8I3Sb1,1.1817
K6Si2Te6,1.7119
Er1O6Rh1Sr3,2.8567
Dy2Sn5,0.0
Ag4Ho3Sn4,0.0
Ca1Ge2Li1,0.0
Bi1K3P2S8,2.106
Al1Gd1Pt1,0.0
Be2F8Li1Na3,6.9791
Se3U2,0.0
K3Nb8O21,0.0
K2Se3,0.6304
N0.2V0.6Zn0.4,0.0
Cl10Co1Tb6,0.0625
Cs2Hg6S7,0.6109
Au1La1Sb2,0.0
C5H3O5P1W1,2.9672
Ag1Se1Tl1,0.653
Cl3Hg1Na1,2.5332
P1S1Tb1,0.3651
C6Cd1N6Pd1,4.1242
Ho5Mg24,0.0
C1Er3Pb1,0.0
Cu9Mg2Y1,0.0
Fe1Hf9Mo4,0.0
Ba11In6O3,0.0
Ni4Sc1Sn1,0.0
Al2Ge2Sr1,0.0
Re3Si5Tb2,0.0
Cl10W2,0.7707
Nb1S2Sn1,0.0
As6Bi1K3Se12,1.4081
C2H9K1Ni1O10,4.3179
H2Mg4O5,4.0129
Ag1Nb1Rb2S4,1.929
I12La6Os1Sr1,0.0
Cl10O7Si6,5.518
Ga1Li1Mo2O8,3.4598
Er11Sn10,0.0
Ga1Rh1Th1,0.0
Bi1Br1Mn1S2,2.0648
B1Pr1S3,2.3563
Ge1Li1Pr1,0.0
Cu3O7Pb1Te1,0.6476
Al13Os4,0.0
Al2Dy2Fe15,0.0
Cl2La3Si3,0.0
Cu1Fe2In1Se4,2.5947
Eu1Ge1Li2S4,1.8481
Cu1Ge6Yb2,0.0
Hf5Re24,0.0
Ag1Br3Rb2,3.1286
Er2Ge2Mg1,0.0
O13P4Y2,5.6513
Cr1In2S4,0.0
Ba2Ga1H1O14P4,5.0995
Au1Sc1Si1,0.0
As2Mn2Yb1,0.0
B6Ho2Ru1,0.0
Ce7O16Zr1,2.3321
Nb1Ru3,0.0
Ir1Si1Ti1,0.0
Hf1S3Sn1,1.2387
Co1Ga3Tb8,0.0
K1P1Pd1S4,1.8134
C1H3O6Re1S1,1.9415
H9N5O6S3,4.9525
Bi1Na1O6Sr3,1.7909
F12Sb2Xe1,2.7169
F6Pb1Zr1,5.0089
Ga4Li1Y1,0.0
Al1F6H15N6,5.5261
Dy1Mn2O5,1.3181
Co1Ga8Tb2,0.0
Cl7K3Mn2,3.036
Ba1C1F2Mn1O3,4.7455
Bi1O1,0.0
Nb5Se8Sn1,0.0
C4H4Na5O14Sc1,4.9616
Nb1S2Sn0.33,0.0
C2Cd1N2S2,3.3418
B6Mn2Ni21,0.0
As1Cr1O4,2.2052
Hg2K1,0.0
O7Te3Tl2,2.792
C1F3K1O3S1,5.2797
C1Ge3Mo5,0.0
Ni2Sn1Yb1,0.0
Pu3Zn22,0.0
Br1O4Y3,4.2091
O6Rh1Sr3Y1,2.8381
P2Ru2Yb1,0.0
Br2Ni5O12Te4,2.4969
Hf1Ni2Sb1,0.0
B2Re1Ti2,0.0
Bi2Eu1,0.0
As1Te1Ti1,0.0
Ba2F2S3Sn1,2.0508
Ge1Pt1Ti1,0.9283
Dy1Mo6Se8,0.0
Co1La3O6S3W1,1.1735
B1Ba1Pd4,0.0
Ni1P1V1,0.0
Ag1N2Na1O4,2.2672
Cl5Cs3Hg1,2.9409
Br4U1,2.2644
Hg3Sc1,0.0
C1Ho2N6Si4,3.213
Li1Pd2Sn6,0.0
Pd1Sn1Te1,0.0
B4Ir4Th1,0.0
Cl2Ni5O12Te4,2.5921
B1Ba1Cl1F4,5.9901
Mn1Si1Yb1,0.0
Nd1Rh1Si2,0.0
Ba2Li3N4Nb1,2.4072
Br12C1Sc7,0.0
Mo1N1Na3O3,3.5949
As2Co2O6Sc2Sr4,0.0
Hg1K1O9P3,3.0446
Ag7Cs1S4,0.7013
Co8Ru1S8,0.0
Cl4Gd1Na1,4.3827
F12Mn1Sb2,0.0
S4Sr1Tb2,1.8099
Er1F1S1,1.3285
Mo5O8Sr1,0.2466
Cr5P3Zr1,0.0
Ga1Pt1Th1,0.0
In1Pt1Sc1,0.0
Gd1Pt2Sn1,0.0
Cl3H6N2Sc1,4.2767
Pd4Se1,0.0
Bi1Cu1Eu1,0.0
Bi1Cs3O3,3.0558
Ir1O9P3,3.0225
Au1Sr1,0.0
C2H6O1Se1,3.8509
Ge6Rh7Sc4,0.0
Cl6Pt1S2,2.158
Cl2Hg1O2Pb2,2.2603
Ca3Na2O9Ta2,3.6593
I6K2Pt1,0.7337
F6Mn1Pt1,2.2564
H12N1O12S2Tb1,5.2478
Ba2C4H12N2O10S2,3.6042
Ba2Bi2Mn2O1,0.0
Bi1Ni1Y1,0.0
Mo1Sb2Se1,0.0
F6K3Y1,6.483
Nb1Ni1Si1,0.0
I2La2O4Si1,3.5072
Al16Ir7Zr6,0.0
Ba3Cr1O5,1.5053
Ag2F14Zn1Zr2,1.7959
H8Li4O12P2,3.6226
Cl2Cu2O6Sr1Te2,1.3727
H2Mn1O8S2,4.2203
Eu1Ge3Pt1,0.0
B2Ir3Th1,0.0
Cu1Dy1Mo2O8,2.0983
K1Mo5O13,0.0
N1Ni3Sn1,0.0
B8Bi2O15,4.4356
P2S8Zn3,2.2874
Au1Na1Te1,0.0
Cu1Ir2S4,0.0
Bi1Cd1Cl1S2,1.9795
Pr1Rh1Sn1,0.0
Ni4W1,0.0
Ba2S4Sn1,1.6782
Eu1Hg1Sn1,0.0
Ag5Rb1S3,1.3389
K1O7P2Ti1,3.0828
Hf27P16,0.0
Au1Cs1N12,1.5197
Mo1O3Rb0.3,0.0
Ba1Ge2Rh2,0.0
Pa1Rh3,0.0
Cr1Hg1O6Pb2,2.0708
In5K1S8,1.3564
Nd3Pt7Sb4,0.0
Cs1F7Rb2Si1,5.4903
Ba1O8Si2U1,3.548
Ba1O14P4V2,1.5242
Lu1S2Tl1,1.3101
Cl2H2Mg1O1,5.3456
Be1Cr1S7Y3,1.0538
Ca3K2O10Si3,4.7606
Mn1Nb2O8Zn2,2.938
Ag1Te1Tl1,0.4633
Se4Ti1Tl4,2.1992
Cu2Fe1S4Si1,1.4679
Cd1P1Pt5,0.0
In4Rh1Yb1,0.0
Fe2Li1N3Sr2,0.0
Al18Mg3Mn2,0.0
Cu2Er1,0.0
F7Sc1Sr2,6.7586
Li1S2Sb1,1.2023
Ag1C2H2O9S1Tb1,3.4930000000000003
Al8K8Si38,0.7651
Au1Cs1Te1,1.4802
Na2O8P2V1,2.5034
Pd1Tb1Zn1,0.0
S3Sn1Sr1,0.5687
Rb4Se6Sn2,1.4947
Cr1Ge1Nb1,0.0
F2O2Xe1,2.4642
Ag16Ca6N1,0.0
P2S6Th1,2.2095
Fe2Mo3Na1O12,0.0
Al2Te3,1.8551
C2H6O6,3.3139
As1Cl2Hg2,1.3016
H8K4O16P4,5.3612
Ag2In1Sc1,0.0
Hf1Ni2Si2,0.0
K10Pb48,0.0
Er2S4Sr1,1.8082
Al3B4Gd1O12,5.2348
Ba2Ni1O8P2,2.5757
Ba1Cu4O17P4V1,1.0361
La3Ni2Sn7,0.0
La1Sc1Si1,0.0
Dy1Rh5,0.0
H8K6Mo6O30V2,2.8288
As2Eu3S8,1.4911
Ba1O7Sr1Ta2,2.4591
B6Ru1Y2,0.0
Pb1Sc2Se4,1.5158
Eu4O1Sb2,0.1077
F10I1Sb1,4.0297
Al3C4Hf2,0.0
Eu1Pt1Sb1,0.0
Co1Tb3,0.0
Al2Sb6Sr5,0.7645
As1Br1Hg3Se4,1.2728
C6Fe1N6Ni2,0.0
Br3N3S4,1.716
Cd1Gd4Pt1,0.0
Se5Sr1U2,0.5016
B3Rh7,0.0
C2N2Ni1S2,1.8423
Co1Dy2Si2,0.0
S7,2.545
Ni1Sc1,0.0
Mo1O6Os1Pb2,0.0
Rh2Ta1,0.0
Mg1Mo1O6Sr2,2.212
Al1C8H24P1Sn2,3.2554
H3I3N2,0.778
As1In1Pt5,0.0
Ca1Ni3O14P4,3.5652
Dy1Ir1Si1,0.0
Nb2Pd3Se8,0.6581
Bi4,0.0
Cs1Cu1S4,1.866
Cl2I1K1,2.3549
F20O2Re2Sb2,2.1199
Co1Ho2In8,0.0
Cu4Er3Sn4,0.0
Ba1O10Si3Yb2,0.2561
Ho1K1S2,2.353
Co1H10O16P4,0.0
Na1P1Pd1S4,1.4657
Hf2Zn1,0.0
C1N2Na2,3.0533
Dy3Ge6Pt4,0.0
Br4C6O6Ru2,2.2909
Ba2Eu1O6Sb1,0.0
C1Dy3Pb1,0.0
B1Ba1F10P1,7.2482
Gd1Ge1Li1,0.0
Pd2Si1Y1,0.0
Ge1Li1Pd2,0.0
Eu1Ru2Si2,0.0
Ga5V6,0.0
Pt3Rb2S6U1,1.476
B12H12Li2,5.7099
N1Nd3Tl1,0.0
As1C1Cl2F9S1,3.807
Cu2Hf1Te3,0.1669
Ge1Li1Tb1,0.0
C2H3K1O3,5.1855
Ba1P2Rh2,0.0
Cs1O8S2V1,2.2143
Ba2Hg3O14Pd7,0.0
Ba3O15Ta5,0.0
Na1O4Pd3,0.0
Co1Hf1P1,0.0
Al16Ni7Ti6,0.0
Sb2Sr1,0.0
Cs1Tl1,0.0
Ba2O6Re1Yb1,0.0
Dy1Rh3Si2,0.0
Bi2S4Yb1,1.1332
Cs1F7Xe1,3.2451
C2Fe1H6N2O4,2.0737
Ni7Tb2,0.0
Re1Si1Zr1,0.0
Ga2Ho1Pd1,0.0
Ca2Cd1Pt2,0.0
Cl3O6Pr3W1,3.1216
Ca3Mn2O14Si4,1.5328
Au2Pu1Si2,0.0
Au3Li1Na2,0.0
As1H36Li3N12Se4,1.7024
Ag2C1Cl1N1O4S1,3.1761
La2Mo1O12Te3,3.5531
Ba5Sn3,0.0
B1O8P2Rb1Zn1,5.1448
Br2Nb1O1,0.9063
In1Ni1Ti2,0.0
As1Li1Mn1O4,1.7265
Pb3Tm1,0.0
Cu2La6S14Si2,1.7814
Cd1Ni4Y1,0.0
Ca2Cu6P5,0.0
O13Rb2Ti6,3.0903
La1S3Sc1,2.1856
H8Mg1O10P2,2.4391
Er1P2Ru2,0.0
Al1H5Sr1,3.5512
Eu1Li1O2,0.5227
O32P4W8,0.0
Al3C3Dy1,0.0
H4I2O8Zn1,3.3779
K2Mn2O3,0.4429
Na3Nb1O4,4.1613
Li14O14Pr3Rb2,2.143
Li2Mg1Mn3O8,1.9021
Li1Si2Y2,0.0
Fe1H5N1O10P3,2.4843
Fe2Na2O1Se2,1.564
Pt5Se4,0.0
Fe1Rh2Sn1,0.0
Mg1O4Sb2,2.5473
Mg5Na2O16P4,4.9376
Cd1Ge2Ho2,0.0
Si5Ta2V4,0.0
Ba4F24H1P3,6.0181
B2Ba2Mg1O6,4.5344
In1Ti3,0.0
Ru1Sb1U1,0.0
Cr1Se6Ta3,0.0
Cs1Ho1S2,2.1398
Cd3Er1,0.0
Sb1Tl1,0.0
Bi2Cr1Fe1O6,1.8669
Cd1K2O7P2,3.8553
Cu8K3S6,0.0
Ni1Ta4Te4,0.0
Pu3Si2,0.0
H1Nd1Ni1Sn1,0.0
K2O7W2,2.3134
Al1Lu3N1,0.0
Dy1In1Pt2,0.0
Li1Mo6S8,0.0
Ba4I6O1,3.9836
Cu5H4O12V2,1.3579
Mo1Na1O5Sb1,3.268
Fe5Na3O9,1.6826
Pa3Sb4,0.0
N1P1V3,0.0
Al1Ho2Ni2,0.0
Cl6Eu5O4Si1,2.6654
Ge1Rh1Y1,0.0
Fe2Ge1Ti1,1.2535
Al16Hf6Pd7,0.0
B7Cr1Ho3,0.0
Na2O3Se1,4.2405
Br6Cl8Cs2W6,3.2889
Hg1Tm1,0.0
Se4Y2Yb1,1.0816
Al1Au1Pr1,0.0
Cu11Sn8Yb5,0.0
B2O6Zn3,3.4733
As1H3,0.0
Be1In1La3S7,1.6575
Ag1Sb1Yb1,0.0
Sn1Tb1Zn1,0.0
Al4Fe8U1,0.0
Rh3Si5Y2,0.0
Cs1Na3O4Pb1,1.5277
I12K4O1Ti4,0.0
Fe1Gd1Si1,0.0
Te5U3,0.0
Cu5K3O4,1.7536
H4O12S3Sr1,5.8512
Ge1Te6Ti1,0.4088
Ba3Bi2O16P4,3.8162
Ca1Hg1O2,2.1118
Au1Sb3,0.0
Al1Co1Th1,0.0
Dy1Tl1Zn1,0.0
Fe5K7S10,1.2134
Gd3Ni6Si2,0.0
Cs8Ga4Se10,2.1207
As2Co1U1,0.0
Au4Cd1K2S4,2.1815
Cl4Cu4S4W1,0.0
Al3C3Co1W9,0.0
Ge1Ni2O4,2.1223
Ca1Li1Si2,0.0
Ag1As1O1Th1,0.0
B2C2Lu1,0.0
Cu1Li2P1,0.0
Bi3Pr4,0.0
Cr2Ga6Hf3,0.0
Al1B2Li1O5,5.4055
Eu1K1O8W2,0.0556
P1Se1Th1,0.0
Au1Cd3,0.0
Co1Cs2O4Si1,3.2906
Ba5F5Ga1Li1N3,1.3516
Au6Pr3Sn5,0.0
Cr1S6Ta3,0.0
Ge3Nb1O9Rb1,3.3296
Ni1P1Zr2,0.0
K3P1Se4,1.6776
As1Cl13P1Ta1,2.5829
Ge1Pd1Sc1,0.0
Co1P3Si3,1.1676
Ga2O6Rb6,2.4409
Hg11K3,0.0
Cl16Mo1Te3,0.9373
Rb4S6Si2,2.8262
Cs2P2Pt1,1.1105
Ce1Pb1Rh1,0.0
Au2O7Se2,1.2094
Ca3Ga4O9,2.6967
C4Fe1Hg1N4S4,1.9139
O3Pb1Tc1,0.0
Ag5Cl2P1S4,1.6996
C1H7K2O11,3.5639
Cd5Th1,0.0
Cd1Na1O4V1,2.7099
Al1Ge3Tb2,0.0
As1Cu1K2,1.1223
Al8Er1Mn4,0.0
S4Ti1Tl4,2.5204
Cu4Pd1,0.0
As2F7K1,4.7742
Ba2Cd1O6U1,2.8785
Bi2O13P4,4.544
Ba3N2O1Zn1,0.5205
Er11In6Si4,0.0
Bi3Nd4,0.0
As4Zr7,0.0
C10Hg1Mn2O10,2.6956
Al3Co14Ho2,0.0
Ag1Nb3O8,2.3829
C1Rh3Tb1,0.0
Cu1Zr3,0.0
Ba2Ca1O6Te1,2.9961
F6K2Re1,3.3471
Fe1O8Rb1Se2,2.0578
Mn1Sn2Y1,0.0
C1S14,2.4978
Ca2H20N2O24P6,5.2985
Au1Ca1Cd1,0.0
As1Rb3Se4,1.1912
H5N1O2,3.3689
Bi2Sr1Zn1,0.0
Cl5K2La1,4.8553
Ag4K2S3,0.5544
Al1H6Pr1,2.1023
As4Na2O11,2.075
Mo3O12Sc2,3.6276
As4Se3,1.6669999999999998
F4Zr1,4.8993
Co1Er3,0.0
La7Mo7O30,0.38
C4Cl4N4S4,2.7757
B4Er1Re1,0.0
Cd2Zr3,0.0
Cu9Ga4,0.0
C1Fe1W3.3,0.0
Co1Gd1Si2,0.0
Au1Ba1Bi1,0.0
Ba1I2O6,3.5429
C4Cd1H6O2S4,2.4117
Pt1Pu1,0.0
Al1P1Pt5,0.0
C2Cl2O4Pb2,2.9272
B1Eu1Pd3,0.0
Cu1Pb1Se3Tb1,1.4152
B4Ce1Ni1,0.0
Cl2H1K3O6Pt1S2,3.276
Rh3Si2Sm1,0.0
K2S11Sn2Y4,1.5862
Cr2O16P4Pb3,2.6014
H1Si1,2.1606
Al10Ru2U1,0.0
Cr1H10Mg1O9,3.0143
C1H1N2Na1,4.0384
H22Mg1O15S1,5.115
C1Sn1Tm3,0.0
B2Ca1H12O10,5.4308
F7H1K3Nb1O1,4.5824
Ni1O6Ta2,2.8841
Hf3Rb4S14,1.9595
Ba1Bi2Zn1,0.0
Au1Li2Sn1,0.0
Li3O6Sb1Zn2,3.0132
Cd1Cl1O3V1,2.6579
Mn1O5Si2,3.757
Ge1Pt1Sc1,0.0
Cr1H1O8Se3,2.8145
Fe3Th7,0.0
Ba1Bi2Cd1,0.0
Au6Sr2Zn3,0.0
N1Ni2V4,0.0
La6Ni6P17,0.0
Cr1F6K1Rb2,4.2308
K2Mn3S4,3.2742
Co3Sc2Si5,0.0
Ba3Ga2N4,1.5197
Co6Mg1P4,0.0
Dy1Pt1Sn1,0.0
K1Rb1S1,2.2096
O9S2W1,2.1888
Cs4Cu1K2O8Si2,1.6465
Rh1Si3Sm1,0.0
Ti1Zn2,0.0
Ca2O7Ta2,2.4623
S4Sr1Yb2,0.0
B2Ru3Yb1,0.0
Ag1Cr3O8,1.7852
Bi2C2Ca1O8,1.0568
Al1H5O9P2,5.5326
Pd2Si1Tb1,0.0
B2H4Li2O8,3.6072
Fe1Mo2O8Tl1,2.4330000000000003
In5Th3,0.0
Ba2Ir1O6Sr1,0.9726
Ba2Ni1O6Re1,0.0
Ca1Ga4O7,2.6659
C2H1K5N4,3.7849
Ir2Yb1,0.0
Mo1O6Os1Sn2,0.0
Co15Ga2Nd2,0.0
Al4Er1Mo2,0.0
Ag3K3S8Ta2,2.6291
Na1O8Ta3,2.9522
Ag2K1S4Sb1,0.8055
Bi2Cd1Sr1,0.0
Ge1O4U1,0.0
Bi2Ce1Ni2,0.0
B6Re1Y2,0.0
Cl2Li5N1,1.9505
Al1As3Cl4S5,2.2595
Cd2Pd1Sr1,0.0
Pd1Ti3,0.0
B1C1Cl2N1Sr3,1.8679
Th2Tl1,0.0
Ba1O4P1Rb1,5.0173
Cs1Hg1La1Se3,1.3529
Gd1O4Ta1,4.1177
As1O5P1,2.0142
Ba2Ga2S5,2.8003
Ce2In1Pd2,0.0
Ba2F6Zn1,5.872000000000001
Mg2N2Sr1,1.6916
C1Si3Yb5,0.0
Eu1O8Rb1S2,0.1193
Ca1Pt5,0.0
Cd2K2O3,0.7752
Ag1Cu1Te2,0.0
Eu2O7Pb2,0.0
Ca1F6Li1Ni1,1.9831
Br6In2Th1,2.8619
As1Ca2Cl1O4,3.7949
K2O5Zr2,3.8083
Br6Gd1Na3,1.1078
Pr3Pt4,0.0
Al2O18P6,5.8131
I6Pb5S2,1.8352
Mo4O18Sb2Y2,3.1236
Au1F5,0.9043
Bi3Mn2O7,0.0
C2Pt1Rb2,1.4434
Al2H8Mn9O32Si8,2.8534
Ba11Cd6Sb12,0.1799
C10Fe2O10Se1Te1W1,1.9402
Ba1Cl2Hg2O2,1.6030000000000002
Co1H4N2O8,1.134
I1Nb1O2,0.7592
C1Dy2Fe2Si2,0.0
As2Ni2Pr1,0.0
Al1N1Nd2O3,0.0
Ag3Rb1Se2,0.3783
Ca7F3K1O12Si3,4.7123
Gd3I3Si1,0.0
Cd11Pr1,0.0
Cd2Nd1Pd1,0.0
Ga2Ho3,0.0
Gd1Mn1Si1,0.0
C3Cs2O9Sr2,4.5844
Cu1In2Se4,0.0
H20N8O12P4,2.1456
C6Cs2Ir1Li1N6,5.662999999999999
Br4Li2Zn1,4.0687
F14K4Sb2Sn1,3.5703
As1Na3Se3,2.0059
Be6Mn8O24Si6Te2,2.9482
Ge6Os7Sc4,0.0
I4O20Rb2U3,2.8031
In2Na3O12P3,3.3605
La1Rb1S4Si1,2.695
B5H9,5.8019
Bi0.67S2Ta1,0.0
K1Na1O2Zn1,2.1917
Ba1Sn3,0.0
Eu1Ge4Ni9,0.0
Co1F4Rb2,0.0
Ca1Cu4P2,0.0
Ba1F7Fe1Mn1,2.0358
Al1Co2Fe1,0.0
B1O9Tb3W1,3.4306
Ga8Ru1U2,0.0
Cu1Hf1K1S3,0.9066
Al3Cs2F12Na1,6.9014
B2C1Tb1,0.0
Nd1Rb1Se2,1.8686
Se10Sn2Sr4,0.8009
Mg2S4Si1,2.9672
Cl1F8Ta1,3.3993
H2Na2Pd1,0.0
Er2Pb1Pd2,0.0
I3Nd1O9,2.9668
Pr1Zn5,0.0
Cl7Cs3Mg2,4.3876
Dy4O7S3Si2,2.6162
As3Cu2O1U2,0.0
Cs1La1S2,2.2983
Tm1,0.0
Na4O12Si3Sn2,2.6545
Au3Yb7,0.0
Al2Li1Pt1,0.0
Br2Ca1H12O6,4.135
H2O26Pb10V6,2.7859
Ge3Ru2Tb3,0.0
Hf1La2S5,1.0715
Cr0.125Ga0.875P1,0.0
Ba2P3Pd1,0.0
B1Sn3Zr5,0.0
Ca2Fe1Mn1O5,0.0
Ce1F4K1,5.4375
B2La1Ru3,0.0
Bi1Br1Cd1Se2,1.4434
F11Na1V1Zr2,1.949
Cl6Rb2Se1,2.6107
Li2Na6O10W2,3.5026
Ge3Sr5,0.0
Gd3O7Os1,0.0
As4Cu12S13,0.0
H4K4O14P4,5.0873
Co2O8P2Sr1,3.8134
Cr1F6Li3,3.9115
O14Sr3Te4U1,2.9429
Br2Se2,1.7208
Ag2Cd1Mg1,0.0
Ca1Cs2H4,2.9971
C1Nd1Rh3,0.0
Ba1C3H3O7,3.0139
K2O3Pb2,1.6911
H14N4O8S2,5.1784
Cl2H12Sr7,3.8637
Mg1Ru1Sn4,0.0
Ba8Co1Nb6O24,2.7526
Pd4Sn16,0.0
La1Re2Si2,0.0
B2Pu1Ru1,0.0
Li1Mo3O8Y1,1.6165
Al2F2Ge1O4,3.9823
F4Ge1,5.2736
I1Li7N2,0.0
Bi2La4S9,0.9838
B1C1Cl3La3,0.0
Ge4Pd4Yb3,0.0
Cu1K2Sb1,1.2565
Cl3Ir1Te6,1.2386
K2O7P2Zn1,4.5205
Ag1I2Tl1,1.6271
Dy2Ge3Pt9,0.0
Al1Cl1O1,2.3992
Al0.4C0.2Nb0.6,0.0
Br2Ca2Cu1O2,0.0
La1O19Ta7,3.2865
Cl9Cs3Sb2,2.4432
Ga5Ru1U1,0.0
Te4V3,0.5031
Co2P12Re5,0.0
Cu1K1S3Th1,1.794
Cd1Sc2Se4,0.7749
Ba2Ca1H6O16P4,5.4557
Br9Nb2Rb3,0.6022
Ge6Os7U4,0.0
H1Rh1,0.0
Cr1Er1O3,2.4991
Ni4Sn13Yb7,0.0
Al2C1Nb3,0.0
Cd1Ge2Yb2,0.0
In1N1Ni3,0.0
Ag2Br6Hg7P8,1.0068
Nd4Ni3O8,0.0
B1Hf9Mo4,0.0
Ba1Lu2S4,1.7267
F4K1Sc1,6.5371
H12Mg1O9Te1,4.4204
Bi2Ni1Ti4,0.0
Fe1Ni2Se4,0.0
Cs2F6Nb1,1.2461
Bi1Pd1Y1,0.0
C2Cu5H8I4N2O4,0.0
Ni2S2Tl1,0.0
O11Te4Yb2,0.0
Ca2F1O6Ta2,0.0
K1Na1Nb1Nd1O5,3.4688
K1Nd1O8W2,3.6129
B4Gd1V1,0.0
Ba1O3Th1,2.9236
Ca1Sb2Zn2,0.0
Ba2Bi1Dy1O6,1.8664
Ce1Ru4Sb12,0.0
Ba2Ga1Sb1Te5,1.0286
Au2Si2Y1,0.0
Cr1K3O4,1.3896
Ni3Pt1,0.0
Au1C26H20N2P1S2,2.6447
Cs1F6Ru1,2.5271
Bi2O5Se1,2.8753
O1S2Y2,2.5505
Ag1S2Yb1,0.0
As4Nb5Pd4,0.0
B4Ir4Tb1,0.0
Cs2F6In1Na1,5.4119
Mn1S4Sb2,1.4966
Nd1P5,0.0
Be1F3H10N3,5.2031
As2C16Ga2H48Si4,3.7059
Gd1Hg2,0.0
F1K1Nb4O5,0.0
Be1N4P2,4.0409
Er1Fe2O4,0.0
Cu1H12N10O8,0.0
Au6Ba8Ge40,0.0
F8N2O2Re1,0.8002
Fe3O12Si3V2,1.5011
C4La1N8Rb1Si1,4.0758
K2N6Ni1O12Sr1,2.0954
Ce1Cu1In1,0.0
Ca2H2Mg5O24Si8,4.8623
C4Na2O8Sn1,2.8215
Ga1Ni2Ti1,0.0
Ba2Ge2Mn1O7,2.1454
As2F12Hg4,0.7433
Au6K4S5,1.8572
C9Fe3O10S2,2.2534
B4La1Ru4,0.0
As1Bi1O5Pb1,2.3021
Cr3Na4O14U1,2.6462
Bi1Cl1O2Sr1,3.3315
La4O10Re2,1.2121
Li1Nb1O6W1,2.5701
F6Na2Zr1,6.2462
Bi0.67Nb1S2,0.0
Cu2Er2In1,0.0
Bi1Br7Hg6Sb4,1.0215
Ca1Li4O8Si2Sr1,4.8325
O6Se2Ti1,2.8319
Cr1Nd1O6Te1,2.4921
Gd1Pt2Si2,0.0
Co2O6Sr3,0.0
Mn3Sn2,0.0
Ge13Rh4Tb3,0.0
B2C1Lu1,0.0
Cs6Ga2Se6,2.1099
Al1Au1Ce1,0.0
Ag1Ba1Sb1,0.0
Au2Hf1In1,0.0
La1Pd1Sb2,0.0
B1Rh3Sc1,0.0
Bi1Br8O2W2,0.0
Pr1Ru4Sb12,0.0
Co2F7K3,0.0
S11Ta2Tl4,1.5941
Co1In1Ti2,0.0
C5F8H1N3O2,4.8837
H3K1O6P2,1.84
Ag2In1Mg1,0.0
Cs2Cu2Se4Ti1,1.586
Ag3P1Se4,0.55
S1Sb3Zr5,0.0
Au1Sn1Tm1,0.0
B2Fe1Mo2,0.0
C8H24O8P4Rh2,2.4130000000000003
Cu1P1Sr1,0.0295
Al2Ba1O7Sb2,3.4175
F2H12N3O5V1,2.6493
Pd3Se8Ta2,0.7058
Ir3S8,0.0
Nb3Se6V1,0.0
Au1Ge4K3,0.8206
Cd6Sb5,0.0
As5B1O20Pb6,2.9306
H9.975La3.99,0.0
Gd1Ge1K1S4,2.2636
S1Sb1U1,0.0
Ir1Pt4U1,0.0
Al1As2K1O7,3.0315
Bi2Mo2O13Se2,2.675
Cs2F6K1Rh1,3.3968
Ni6Pr3Si2,0.0
B6Ni21Yb2,0.0
K3Mg18Sn11,0.0
Ba3Co1Nb2O9,2.5805
Mn1Na1Nd1O6W1,1.9298
K2Nb2O14Si4,3.7203
La3N1S3,1.2125
Ir1Si1Yb1,0.0
C6F5H3O3Se1,3.4737
C8H24Mn2O16P4,4.6316
B6Dy4H2O16,5.1876
B1S2Tl1,1.7496
Ca1Er2S4,1.5607
Ba1Sb2Zn2,0.0
In1La3N1,0.0
Be5Co1,0.0
Cs3I9Nb2,0.508
Al4Cu2O7,0.0
Fe1K3O4,0.2852
B2Pu1Rh3,0.0
B2Ca1Rh2,0.0
Cl2F2I2O2,2.0702
Br1La1O7Pb6,1.9246
Cu4Na1S4,0.0
F4Pb1Pd1,1.9165
Cu1Ge4Zr2,0.0
F4H1O1Rb1Te1,4.9664
B3Cl1Pr2,0.0
Pt2U1,0.0
Pd1Sb1Tm1,0.0
Au1Ga1Li2,0.0
Cr1P1Se3,0.0
Ge6Na4O15Sr1,2.655
Ag1Na1O3S2,2.8858
Nd1O9Ta3,3.3036
Mo4O11Tb4,0.3471
Ag2Ge1K2S4,1.8882
Ba1Fe1Nd2S5,1.2073
Ga2I2Y2,0.0
Bi2Cl1In1S4,1.8813
Be22Tc1,0.0
As3Sc5,0.0
Al1Gd3N1,0.0
Ge3Ni1Pr1,0.0
B1F4H5O2,6.9955
Dy2Te5,0.0
Dy2Hf1S5,1.2047
Eu1Ir1Si3,0.0
Ga1H1O4Se1,3.9548
C4H6Na2O7,2.7688
N8Si5Sr2,3.1953
H1Na1O4Se1,3.651
As1Pd5Sb1,0.0
As1Cs1Se2,1.3330000000000002
Ce1Cu1Pb1,0.0
C2H6Mg1O6,4.8989
K4O8P2,3.1957
Cu2O4W1,1.1743
Ag7Rb1S4,0.6296
F6H10O4Si1,6.4835
Cd1Cu1Pr1,0.0
Cl4Zr1,3.6272
Ho1Pd3S4,0.0
Ce1Ge1Li2,0.0
As2Li1O7Sc1,3.4192
Ce2F4Se1,3.3292
Cd1Hf2,0.0
Al6Cl2Ge6Na8O24,4.0496
Li7O6Ta1,4.5523
Ir7Sc4Si6,0.0
Gd2Mo1O6,2.0863
F1Fe1Na1O4S1,3.5333
Cl17P1W6,0.5011
H4Na2O5Ti1,0.8783
Au1Gd1Mg1,0.0
Ba6Na2Si46,0.0
In1P1Pt5,0.0
H2I2K2O10Se1,3.6653
Cd1H6N1O5P1,3.401
Ho1In1Rh1,0.0
Br4Nb1O1Tl1,1.405
Cs1O7P2Y1,5.1259
Au1Pb1Y1,0.0
Mo1P1Rh1,0.0
Ge1Lu1Ru1,0.0
Eu1O2,0.0
Os3Zr1,0.0
Ag2Ho1In1,0.0
Ba2Dy1Nb1O6,3.0914
Pt2Si3,0.0
Ca1Ga1Pt1,0.0
C3H5K1N2O5,3.0514
Be1Cr1Nd3S7,1.1075
C1Ca1H6N2O10Re2,3.4737
La2Mo3O12,3.5437
C5Ca4Ni3,0.0
B12Br1H12Rb3,4.7368
N5Na1Ta3,0.0
Cr2Dy1Ge2,0.0
F3Yb1,0.8059999999999999
Cu1La1O2,2.8106
Cd1H6O7P2,4.935
Br1Zr1,0.0
Cu3Sb4Y3,0.2728
Cu1Mo6S8,0.0
K1Mn1Na1O2,0.6215
F1Li1O4S1Zn1,4.9297
Ba4Hf3S10,0.0
Cl6Cs2Ir1,0.0
K4Mo4O16Th1,4.0044
Cu5Tm1,0.0
Ge1Ru3U2,0.0
O6Sr3Tl2,0.7697
Cd1Na1Sb1,0.0
Be15Cu8Ta6,0.0
Nd1Rh3,0.0
Ge1Na1O4Tb1,3.5619
F12Ge5,3.8947
Cu2Lu1Sn2,0.0
B2Ho3Ni7,0.0
Co1Er6Te2,0.0
Mn1Na1P1,0.0
Cu2F7K3,0.606
Cu1La3O2S3,1.0452
Br3Tc1,0.066
F6N1S1Sb1,3.5311
Ho5Ir2,0.0
B2Cr1Ir5Mg2,0.0
Cr6O28P8,1.4259
N1Sb1Sr3,0.2557
Cu2In1Y2,0.0
Cu2Sn2Y1,0.0
Be2Ca3H10O20P4,5.3263
Al2I1La2,0.0
Cu5Na2O14Si4,1.4461
Ag2F1H2I1O1,2.1606
Ag2Cl1N1O3,2.486
Dy1Fe5P3,0.0
Se4Y2Zn1,0.3121
Na6Se7Sn2,1.2347
Co4Ge13Lu3,0.0
B2Ba1S4,2.7223
Au3Na1Si1,0.0492
Ag1Mg1Pr1,0.0
Cu1H6N4O4,1.067
Ge2Sr1Zn2,0.0
C5Fe1N6O1Tl2,2.5395
Au1Sb1Sr1,0.0
O11Pb1Pt4Sr4,0.9557
Co1Er3Si3,0.0
Mo4O18Sb2Tb2,3.1235
Al1Cl4Tl1,4.649
Fe3Na3O16P4,2.0938
Cu2H4O8S2Zn1,3.0504
Co1Dy1Si1,0.0
Co2Sn2Th1,0.0
Au2O10Se3,1.0858
Ga3Lu1,0.0
B2K1O6Ta1,3.6466
Ba1Mo6O10,0.0
B2Ba1Cu1O5,1.9008
Er1Ni1P1,0.0
Cd1Zr1,0.0
K4Nb8O34P4Si1,2.2044
Ca1Li2O4Si1,5.198
Nd1Sn2,0.0
Co1Ga5Tm1,0.0
P1Ru1Ti1,0.0
Cl4H10O5Sn1,2.854
Li1O12P4Yb1,0.2052
Pb4Rb4,0.4251
H1N1Sr1,1.7276
Gd1Hg3,0.0
C2H12N2S4W1,2.3338
C1Cl1F3,6.5731
Pu5Si3,0.0
Cu5In1Th1,0.0
O5Se2Sr1,3.2782
Br1Mn1Sb1Se2,1.1743
F7Mn3O10P3Rb3,0.7921
Cs1F7Mo1,3.3389
As2Na1Sn2,0.0
Ba1In2Pt1,0.0
Al1Cd1La3S7,2.3163
C1Na3O7P1Sr1,3.8686
B4Rh1Yb1,0.0
B2Ce1Ru1,0.0
C2I10La6,0.4031
C3Ce2F1Na1O9,4.0737
K2Se3Te1,1.7702
Cs3O8Ta1,3.0132
B1Na1O3Sr1,3.8658
Be2Ho2O7Si1,5.0881
Ca1Mn1Sn1,0.0
Pd3Rb2Se6U1,0.8611
Gd1Li1Sn1,0.0
Al7Au3Ho1,0.0
Cu6Fe2S8Sn1,0.0
Br10O1Ta2Te4,0.9962
Cl6Cs2Er1Na1,5.3476
Fe3Si5U2,0.0
Cu1Ho2K1S4,1.2224
C4Cl2Mg2Na6O12,3.7789
I1La1O9V2,2.5354
Pd3Pu1,0.0
Cl6Hf1Hg3Se2,1.6211
Ir4Mg29,0.0
Ge6Mn6Zr1,0.0
Au1Ni4Y1,0.0
Rh1Tb3,0.0
Mo1O6Tb2,2.0753
Rh1Zn1,0.0
La1Os4P12,0.0
P1Pr1S4,0.0
Si46,1.3129
K1Na1O3Ti1,4.0302
Ag2Al7Ca3,0.0
Bi1C5H5K2O10,4.1207
Ga1Ho4S9Sb1,2.2208
Na1Pr1Se2,1.5632
Ag1Eu1O4Ti1,0.0
Ag1Cu1O2,0.2722
Bi1Li1Mg1,0.4624
Ba1Li2Mg2Si2,0.0
Er1Ga1Pt1,0.0
Ca22O36S2Si8,3.5083
B4Ho1W1,0.2748
Au1O4S1,1.5829
K4Mn1Mo4O15,3.1061
Cd1Ge2O5,1.4768
C8H16Hg1N6S2,3.5747
Ca1Ga1N1,0.0
Au4K1Sn6,0.0
As4Sn3,0.2644
As2Eu1Rh2,0.0
C1Hf2Pb1,0.0
Fe1Sb2Sc6,0.0
Al2S4Sr1,3.8954
Hf5Sb9,0.0
P1Pt1Yb1,0.0
B2Gd1Rh3,0.0
Fe1H1Ti1,0.0
B1Ca2F1N2,2.914
C4N6Pb1,3.6419
K3P5Ru1Se10,0.9774
Fe1Ga12Tb4,0.0
Te4Ti1Zr1,0.0
P1Rb1Se6,1.8395
H3Nd1O3,0.0
Ba1Na1P1,0.8391
Cu1Mg4Tb1,0.0
C3Eu4I3Li1N6,2.1423
Ge2N2Sr3,0.0
H12K2N6Sn1,2.292
Ru1Sc3Si3,0.0
Ga1N1O1Zn1,0.1314
C4N6Sr1,4.6772
As2O11W2,2.8583
Al2C2Mg1,1.7472
B6Dy2Os1,0.0
F6Na2Nb1,1.0604
Dy3Ge13Ir4,0.0
Cl1Hg2O12S3Tl3,2.7432
Au1Se3Tl4,0.0
Ag5I1O6,0.0
Ag2Si1,0.0
Er1Mo6S8,0.0
Si136,0.5324
B1C2H10N1,5.962999999999999
Br12Co1Sc7,0.3738
Ba1O10Pr2Ti3,2.4189
Ba1Cd1O7V2,3.0874
Cu2Mn3O8,0.0
C2Cd1Cl4H12N2,3.5783
Bi1Cu1P2Se6,0.9369
Li1Mn1Se2,0.0
B4Ir4Y1,0.0
Ca3Ir4Sn13,0.0
Ag1N3O4,2.6451
Al1Fe2,0.0
O1Rb6,0.0
As1Cs1H12Mg1O10,4.1741
Cl6N6S4W2,0.8127
F6H6O2Zr1,6.0286
H3I1Sr2,2.0685
Dy1Ni2Sb2,0.0
O11U1W3,0.0
Br5C2Ce4,0.0
Cu1F2O3W1,2.015
Al9B1Ca1O18Zr1,4.8637
Ag8Pr6Sn8,0.0
Ga1Pu1,0.0
C15H19N3O5Pb1S2,2.0521
Ba2F6O1Ti1,3.8468
Ba1Cu1F1Te1,1.2877
Ir1P1Sr1,0.0
Ga2Se4Yb1,1.5337
C2H10N8O6S2Zn1,3.4532
Cd4N12P6S1,3.0686
B2Rh3Y1,0.0
K2Li14O14Zr3,4.2634
Ge5Pr1,0.0
Ga6Hf3Mn2,0.0
Ba2Cu3Er1O7,0.0
In4S4Sn1,1.1596
Al1C1Gd3,0.0
Dy4Ge6Zn5,0.0
Cs3F3H12N4,4.8489
Er2O1S2,2.6411
F8Fe3H4O2,0.5207
K5Mo4O16Yb1,0.0
Bi1Rb3Se3,2.0786
Cd1Pd5Se1,0.0
Br2Cu1O2Sr2,0.0
Al2Cl6O1Sn1,3.9006
B4Cu1O7,1.5428
Co1V3,0.0
O14Rb2Te2U3,2.9257
Cl6Cs2Na1Tb1,5.1976
Cr1Li1O8W2,2.4615
B12C2Li2,1.3874
Ag1B7O12Sr1,3.7224
As2Ni1Tb2,0.0
Eu1P1Pt1,0.0
H1In1O4Se1,3.5551
Gd2In1,0.0
Na1Se2Tb1,1.8367
Au1Ba1P1,0.0
Cr1Ni1Sb1,0.0
Ge4Rb4,1.0578
As1Cs5P4S12,2.4052
P1Sn3Zr5,0.0
Ba2F6Pd1,2.8355
N9O1P1,3.9306
Mn1Nb2S4,0.0
C3Cl1F6I1O2,3.1148
H12N6Na2Sn1,1.1232
Cu1H2O6Pb1S1,1.7579
Ir2La5,0.0
Cl6O1S8Ti4,2.0921
Ge1Hf1Te4,0.3798
Ca5Ir19P12,0.0
Mn2O12P4,3.9845
Sb1Ta3,0.0
Cu2Li2O6Te1,1.206
Cl7Fe1Se1,2.4306
Er2O9Se3,3.9297
Ge3Os2,0.9046
As2Br3F11H1P1,3.4879
Cs2S8Sb4,1.4002
Cl1F6O2Sb1,1.9586
H2Li1N1O3,2.7884
Co1Dy1Ge2,0.0
Ho4Mo4O11,0.3561
Cl14Sn2W3,0.8266
F3O2Tc1,2.585
C1Cl2Co1H18N7Se1,2.4306
C1F1H7N3O3P1,5.0827
Au2In1Pr1,0.0
Fe1La3Ni1S7,0.9887
Eu2Mg1O7Si2,1.8914
Bi1Dy1Pt1,0.0
Er2O2S1,3.0735
K3O4P1,4.0001
F1O4Rb1S1,2.4231
F7Re1,2.109
Pd1Sn3Sr1,0.0
O8P2Sn1Sr1,3.0764
C2H12Mo1N6O4,0.4669
Ge13Os4Pr3,0.0
Cu1F1,0.0
C6Co1H18Mn1N12,0.9226
Hg1Mo6S8,0.0
Ca6Ge1Li1,0.0
As2Cl2In2O5,3.2685
Cu1In1Pr1,0.0
C4H8O12Th1,3.266
F2Se3Sn1Sr2,1.2797
Ba1Fe1Pr2S5,1.2712
Be2K2O15Si6,4.8082
Cl7I1S1,1.6709
O4Rb4Sn1,2.0182
Si3Yb1,0.0
Ce1Mn1O1Sb1,0.0
Ca3Ir4Si4,0.0
Ba2Bi2Zn1,0.1834
Si2Te6Tl6,1.0686
Ge3La1Ru1,0.0
Ca1Fe2Si2,0.0
Br4Mn1Rb2,2.7264
C8H4K2Ni1O6S4,1.7143
Bi12Cl12Pt1,0.8686
Ge2P4Sr3,0.9139
Ba3Ni1O4,2.1708
Co1Sn2Tb1,0.0
Cr1La4S7,0.4344
Br12Os1Se2,1.028
P13Re6,0.0
B6Pr2Re3,0.0
Cl2O1Os1,0.0
C1Cl6H3O1S1Sb1,2.0262
Li3P7,1.7903
C1H5N3,4.3872
Sc8.2488,0.0
Nb2Ni1S4,0.0
Cd1Nd1Ni4,0.0
H12N3Nb1O8,3.1281
C4F4Fe1H14N1O1,3.5598
F5H2N1Te1,2.6182
Bi2Ir2O7,0.0
Cd1Se4Y2,0.6463
F1Na3O9Si3Sn1,3.4802
Al12Ca1O27Si4,5.2441
Cu2Sn1U1,0.0
Al2H9N1O11P2,4.347
As1Eu1O4,0.0
Au1Er1Ni4,0.0
B2Dy1Ru1,0.0
Ca7Ge1,0.0
Hg1O7P2Pd1,2.1173
Ga1Ni2Zr1,0.0
C1P1V3,0.0
C2H8N1O7V3,1.6093
As4O6,4.021
Ce1Pd1Sb1,0.0
F10H1P1Pb2,5.4536
Ir3Pa1,0.0
Tl3Yb8,0.0
Au1Ta2,0.0
B12C3,1.5163
Ce1O9Ta3,2.8136
B6Ni21U2,0.0
Li7Si3,0.0
Ag8Al4Li4,0.0
S9Sb2Sn5,0.53
C1Pu1Rh3,0.0
As2Fe4O11,1.5333
B1Co3Fe1Y1,0.0
N11Pr3Si6,2.8745
H4I3N1,1.8061
B5Cs2Li3O10,4.4797
Ba5Cd2O2Sb4,0.0
As1Bi1Cu2O6,0.0
La2O6S1,5.2167
Mg1Pt1Sm1,0.0
Ba1Cl1Cu1O4P1,1.4012
Al1C1Nd3,0.0
Rb2Se2,0.9142
La1S3Yb1,0.0
Cs1Nb3O10Sr2,1.7474
C2Ca2O10Te2,3.8501
H1Na1O7Se2Zn2,4.2088
Al4Bi4Cl16S4,2.8429
Mo6Se8Sm1,0.0
Cl6Ga1N1Se2,1.6365
Ca1Cu1H2O5Si1,0.0285
Cl3F6Sb1Te1,3.726
F5Na2Sb1,4.8308
Ce1Mg1Ni4,0.0
B3C6I5La9,0.0
Cl4Cs2Hg1,3.0255
C1Ru3V1,0.0
Cl4Si1,5.5539
Er1Pt1Sb1,0.0976
Cl7Cu7P12S9,1.7623
Be1H2O2,5.7170000000000005
B4C1Cl6O1,4.0523
Ga2Li1Ru1,0.0
Be1Na2O2,2.8363
Al1Ge1Na1,0.0
As2Ba1Cu1O7,1.249
Li1Mo4Nd2O16Tl1,2.9254
Al1Ce3S7Ti1,0.0
B4Ho1Re1,0.0
As2Th1,0.0
Eu5Sb3,0.0
Eu1Ge3Mg3,0.0
As1Na1O5Ti1,2.8225
Ba1P4Pd2,0.0
C1F1O3Rb1Sr1,4.1419
As2Cl4F6,2.8391
C6Cu1Fe1Li2N6,0.0
C3Eu1Na3O9,0.1529
Ga1Ni2Y2,0.0
I3Rb1Sn1,2.0111
Cu1Mg1Y1,0.0
O10P2Re2,0.0
Ge1Hf9Re4,0.0
Ce1Cu2Li1P2,0.0
Hf9Se1W4,0.0
Ca10.6768,0.0
Ca3H20N2O20P4,4.4056
Ba6Na2Nb2O17P2,3.2626
As4Br7Hg6Ti1,1.2503
C3O1S7,2.1588
Bi1Dy1Pd1,0.0
C8Cu1H16N8Ni1,0.0
Co1Ho1In5,0.0
B1Os1,0.0
B16Ir19Mg10,0.0
Ni10Zr7,0.0
Eu1Mg1,0.0
Bi5N1O10,2.6857
H4K3Na1O14P4,4.5974
Rh2Si1Y1,0.0
Ag2Br14W6,2.7998
F7K3N2O6Sb2,0.0
Al2Au2Eu1,0.0
K2Mo2O7,3.3371
B2C1Ho1Rh2,0.0
B3La3N6,2.1204
As2Na1,0.0
C2Cl10N2Sb2,1.9327
Rh4Sn13U3,0.0
Cs3Ni1O2,1.4945
Nd2O4Si1Te1,1.3521
Ga2Nb3,0.0
Cl1H13O6,5.2321
Au1Sb1Tl1,0.0
Al2Ca1H8,4.5223
Ca1O6Sb2,2.7677
As3Eu1,0.0
As2Ir2La1,0.0
Co3Sc2Si1,0.0
Ba3Cr2Mo1O9,1.2482
Al20Cr2Ho1,0.0
Cl1O3Sb1Te1,3.1365
C10Fe2O10Te2W1,1.8725
B1I12Zr6,0.0
Nb1O7Pr3,3.0331
Cd2H20N4O16P4,3.9199
C2H2K2O6,3.3862
Ca1Cu2Sn2,0.0
Ag1F4Na2,2.1182
B3H12N1,5.4068
Ba2Lu1Nb1O6,3.0881
Cu9Mg2Pr1,0.0
As1K1O9W2,2.0103
Eu1F7Sn1,0.903
Cs3F7Ge1,4.3375
Pb1Pd1Yb1,0.0
Er1Ni4P2,0.0
Cu3Nd1O12Ru4,0.0
Fe1La1O3,1.0986
Ti1,0.0
Te2W1,0.0
B10Ba2H2Na2O19,4.7556
Nd3Te4,0.0
Ag1S3Ta1,0.0666
P1Pr1,0.0
In5Ir1La1,0.0
F6Rh1Zn1,1.2423
Bi3Tb5,0.0
Eu2I5K1,3.2137
Au1Na2Sb1,0.5755
O6P4S4,3.9191
S1Ti1,0.0
Er1Mg1,0.0
Al1Au1Er1,0.0
Bi1O3Sc1,0.6555
Pr3Se4,0.0
Ge1Mn2Te4,0.0
Ga1S2Tl1,1.774
Ge1Li8O6,3.4344
P1U1,0.0
C1Fe1O3,3.1361
Dy1In5Rh1,0.0
Ga1Ho1O3,3.7695
La1Ni5,0.0
Cr6Ge6Sc1,0.0
Sb1Se1Th1,0.0
Al2Mg3O12Si3,4.9457
Ho1Mg1,0.0
Cr2O3,2.7303
Hg1Na2S2,2.171
Al2Ni6Tb3,0.0
Ca1S1,2.3834
Ag2Si2Yb1,0.0
Ga2Pr1,0.0
Al2Ho3,0.0
Ga1Na1O2,2.9339
Ca3O8P2,5.4694
Ba2O32Ta15,0.0
I1K4Li1O6,2.0842
Cl1H1O1Pb1,3.3085
B7Cu3I1O13,0.3298
Fe2O4Zn1,0.0
Hf6Ni1Sb2,0.0
Al1H4K1,4.7566
I1Rb1,3.3481
Al1Ti1,0.0
Se2W1,1.209
Ir1La1Si1,0.0
Ca2H38O46V10,2.2907
P1S4Yb1,0.0
Ta1Te4,0.0
Cu1F1Se1Sr1,1.5108
Al1Ge1Mn1,0.0
Ir1O3Sr1,0.0
C1Mn3Mo3,0.0
As2Br3Hg4,0.7298
Cu2Ge2U1,0.0
B4U1,0.0
Ga1K1S2,2.58
Ga1Mn2V1,0.0
P1Pt5Tl1,0.0
Al2Nd1,0.0
Ni9Pt4Ti11,0.0
Ag2O3Ti1,1.7108
I2O5,2.6785
F2Mn1,2.5855
Al2H4Na2O12Si3,4.5276
Cl5Nb3O2,1.0619
S1Yb1,1.146
Ce1Ge4Ni9,0.0
Al1Ce1Ru1,0.0
B2Ta1,0.0
Ge1Se1U1,0.0
C2Ca1O4,3.1279
Cl2H2Mo1O3,2.4082
Al2Sr1,0.0
Nd1Re2,0.0
Er5Ge10Rh4,0.0
Ag1In2Na3,0.0
C1S2,3.4898
Fe16Si7Zr6,0.0
N1Nb3Zn3,0.0
Nb3Si1,0.0
Ho2In1Pd2,0.0
Al3Zr4,0.0
Cl2O2U1,2.6651
B4H16Hf1,5.7212
K1O8W2Y1,3.4982
Ca1Ir2,0.0
Al2O12P3Tl3,3.449
Ge2Ir2Th1,0.0
Ce1K3O8P2,4.9156
H2O1,0.1807
F3K1Mn1,2.7326
Sn2Tb1,0.0
Al1Cu1F6K1,2.1612
Ba1Mg1Na2O8P2,5.0195
Mn1Si1Ta1,0.0
Ho2Ni12P7,0.0
Er1In1Ni1,0.0
O10Pb1S3,4.7003
Co2K1S2,0.0
Cu2Y1,0.0
As1Ho1O4,3.6026
Li1Sb1Sn1,0.0
Cl4K2Pd1,2.1914
B4Ho1V1,0.0
Au4Er1,0.0
K1Pr1S2,0.0
Ca1Ge2O5,2.4204
Cr2H8N2O7,2.8001
Fe3Si5Y2,0.0
Co1Dy2Ga8,0.0
Cr1Ge1,0.0
Ba2N6Ni1O12,0.0
In1Pt2Tb1,0.0
H3Tb1,0.0
Ba1O3Pu1,0.0
Cl10Sc7,0.0
Ga1Zr2,0.0
K2Pt4S6,1.459
Cl9P1Se1,2.2848
Ge10Os4Y5,0.0
Dy2Sb5,0.0
Ag1Ga1Se2,0.7019
O4W1Zn1,3.0674
Cl4Rb2Zn1,4.776
Cr2Ta1,0.0
In2O3,1.1144
Ag2Ni1O2,0.0
Cd1O1,0.0
Ru1Si1Zr1,0.0
B2H8Mg1,6.6183
Eu1Hg1Pb1,0.0
Ge1Li2Pd1,0.0
Co1Zr2,0.0
Sb3Tb5,0.0
Cr1F6Hg1,1.4148
B4Dy1,0.0
Mg1O6Sr2W1,3.0773
O3Ti2,0.8497
Pd2Ti1,0.0
Ag3K1Se2,0.3075
H16N2O16P4Zn1,5.1313
La1Se2,0.0
Cu1Nd1Sn1,0.0
Ca1Pt1Sb1,0.0
Ca2P2,0.3369
Ho2O3,3.9468
Bi1I1,0.7022
Ca2Cl1N1,2.3763
Dy1Ni2Si2,0.0
Ac1,0.0
Ba1C2H2O4,4.6782
Ba14Li5N6Na11,0.0
Ba2Nd1O6Ru1,0.0
Na3O1S3V1,2.0013
F6N1S2Sb1,2.6639
Ni1O1,2.2227
O7Sn2Y2,2.237
Br3F3N3P3,4.2345
H2Ni1O2,3.5772
B2Dy3Ni7,0.0
La1P12Ru4,0.0
K2Mn1Se6Sn2,1.1822
As2Ba1Cu2,0.0
Bi1I1S1,1.001
Ca1Mg1Si1,0.0
N5Nb4,0.0
B2Zr1,0.0
Cu1Ho1S2,1.8907
Al1O4P1,3.1928
Br6Cd1Rb4,3.2699
F2H8O4Zn1,5.2942
In1Na5O4,1.8407
Pt3Pu1,0.0
Co3O8U2,3.1125
F1O12P3Sr5,5.2173
C1Ga1Ti2,0.0
Cd2Cu1Er1,0.0
Ca1Ir1O3,0.0
Al2Dy3H9Ni6,0.0
S4Tl3V1,2.1102
Ba2F2Fe2O1S2,1.8548
Ho1Mn1O3,0.0
Ca1Ge1O5Zr1,1.6418
Na1Pb3,0.0
F3K1O1Te1,4.2146
Ga1Mn3,0.0
Cr2Mg1O4,4.2825
S1Ta6,0.0
Ba1Nb10O19Si1,0.4598
Cr1Na4O4,1.8554
Co3Fe1,0.0
Ho1Ni5,0.0
Cr3O8Tl1,2.1469
Fe1Mo1P1,0.0
S2Ti1,0.5346
B1,1.4516
F3La1,5.1581
Ba1F6Zr1,6.2605
Er1Si2,0.0
H5K2O6Sb1,3.1322
Be2Mg1P2,0.6597
Fe1Sn2,0.0
Br1S1Sb1,1.7763
Cu1O3Sr2,0.0
Cu2Mn1Se4Sn1,0.0
Fe1O6Re1Sr2,0.0
Cl6N1Sc4,0.0
Mn23Th6,0.0
Cu1Ga1Te2,0.435
Cu2O7V2,1.575
Sn2Y1,0.0
Ge2Ru2Tb1,0.0
Ba1Br1F1,4.8809
Mn1Pd1,0.0
Sn3Ti5,0.0
Ce1Rh1Sb1,0.0
C1Ce3Tl1,0.0
Er2Mg1,0.0
As2Ge4Te7,0.2852
Ba1Fe1H1O5P1,3.1776
Cs1I1O4,2.5063
Ba2In1Nb1O6,3.6426
Dy1Rh1,0.0
As1H1O4Pb1,2.988
As2Ca1O6,3.3151
Al3Ir1,0.0
Rb1S2Ti1,2.1664
Li2O7S2,5.5353
Hf1Mo1Si1,0.0
Ce1Cu6,0.0
Ca1Cl2H12O6,5.008
Al1Co1,0.0
Ca1Cu5,0.0
Si2U1,0.0
As2Ce1Li2,0.5025
N1O3Tl1,2.8112
Ge1Pr1,0.0
Cu1,0.0
Ba1Pd1Sb2,0.0
Ga1Hf1Ni1,0.0
Co1Ga1,0.0
O7Ru2Y2,0.5591
Bi1Sc1,0.0
Er1Ni5,0.0
Li7N4V1,3.1486
Ge3Yb2Zn3,0.0
In1Li2Pt1,0.0
Cr1Fe2Se4,0.0
Nb5Sb4,0.0
Ge1Ho1Pd1,0.0
H3O6Rb1Se2,4.1588
Cl3La2N1,3.2448
H3Pd1Yb1,0.0
Pd2Sn1Y1,0.0
K3Sb1Te3,1.6917
Al1Nd1O3,3.6955
Fe8N1,0.0
Fe1Pt1,0.0
Al1Ca14Sb11,0.6112
Cs1O2,0.0
In1Pd2U2,0.0
Mg1O3Ti1,3.8296
K2O1,1.7128
Ge2Ho1Mn2,0.0
Ba1F11Li1Zr2,5.7305
Er1Ga2,0.0
Ho2O7Sn2,2.1953
Au1Mn1,0.0
Bi4Br2O5,2.5543
Ce1Rh3,0.0
Ba3Ir2Na1O9,0.2153
Al1C2Ti3,0.0
Nb1Rh1,0.0
Cl1F5N1Re1,2.0791
Nb3Si2,0.0
As1V1,0.0
La2O2S1,2.9693
Ba1In1,0.0
As2Ba1Fe2,0.0
Mg3Pd1,0.0
Al8Fe4Y1,0.0
C2H8N1O2P1S1,4.48
Fe1Li1O4P1,3.2254
Ag2Pr1,0.0
Ge2U1,0.0
Be1Li1Sb1,0.8711
C2Os1,0.0
Co4In12,0.0
Cl2N4S6,1.2568
F6Na3Ni1,1.5835
Al11La3,0.0
F3K1Ni1,3.6547
C3Cr1H6N3S6,2.4617
Au2Zr1,0.0
Cl2Er1O3Rb1Se1,1.351
C1Cr1,0.0
In4Rb1,0.0
Ni3Se8Ta2,0.4242
Au1Cs3Ge4,0.9197
Cu3Rb1S2,0.7227
Tl1Tm1,0.0
I2Pb1,2.4344
C12Rh5Y8,0.0
Al2Ce1Ga2,0.0
Pr1Pt2,0.0
Rh3Th1,0.0
C1Ho3Sn1,0.0
Eu1Ge2Ru2,0.0
Al2Mo3O12,3.6216
Cl18K4Ta6,1.3613
Al1Cu3,0.0
Cd1I6In4,1.5068
Nb1Si2,0.0
Pd1Yb1,0.106
Ni6Si2Yb3,0.0
Mn2O5Sr2,1.854
Fe2Ho1,0.0
Cu1Pt7,0.0
Ba1Hf1O9Si3,4.6951
O9Te3U1,2.8055
Li1Mn1O4P1,3.463
Au1C4H12O12Rb1S4,2.1691
P2S6Sr2,3.1056
Cd1Sb1,0.0872
Cu4Eu1Sn2,0.0
Rh1Sn1Yb1,0.0
Ho3In5,0.0
Cd1Na1O4P1,3.0381
B4Mo1Y1,0.3067
Ba2Ir1O4,0.0
Ce3Cl1S8Si2,2.7711
Cr1Li1S2,1.9352
Na1S2Yb1,0.0
C1Li4O4,5.9458
B2V1,0.0
Al3Ni2,0.0
Ba1H6Na1O12P3,5.1653
Ir2Si2U1,0.0
Au1Hf1,0.0
B4Re4Y1,0.0
Cu2Ge1S4Sr1,1.3813
Be1Hf1Si1,0.0
Al2Cd3O12Si3,3.0603
H1K1,3.4371
As2Ce1Pd3,0.0
Ba2O6Ru1Y1,1.4683
Mn2O4Zn1,1.705
Co1F1H6O6P1,0.0
Cl6H8N2Pt1,1.9135
Sb5Sc1U3,0.0
Cu2Ge2Tb1,0.0
B6Ni23,0.0
Co4Ge13Ho3,0.0
Cu1La2O4,0.0
Sc3Zn17,0.0
Ca5F1O12P3,5.5178
Pd2Si2Sm1,0.0
Ta1,0.0
B1Zr1,0.0
Al1Pd1Tb1,0.0
Dy1In1Ni1,0.0
B1Pd2,0.0
Ga1,0.0
Ba2Ir1La1O6,0.0
Mg2Y1,0.0
Mo3O8Zn2,2.0169
F6Si1Tl2,4.97
Cs2Er1F6Na1,6.8453
Hf1Pd1Sn1,0.1759
F8N2O2W1,2.0039
F9Na1Th2,6.6874
Ag2Ho1,0.0
Br2Cr1,2.2306
Bi2O7Os2,0.0
Gd2O3,3.6256
Ir1Na4O4,1.3093
Ho5Rh3,0.0
Co2O4Si1,2.4554
Br2Nb1Se2,1.1149
Li1O7P2Sc1,5.1722
Cd6Sb12Sr11,0.3244
Cs4H10Mg3,3.2863
Cs3Fe1S3,1.3296
Cs2Li2O4Si1,3.768
B1Er1Ni4,0.0
Cu2Gd1Si2,0.0
B1Co1Ta1,0.0
Er1Na1S2,2.32
Al1Gd1,0.0
Au1Sn1Y1,0.0
Cu2S4Si1Zn1,1.695
Ge1Lu1Rh1,0.0
Co5Th1,0.0
C1N1Si1,0.0
Ba1Ga2Ge2O8,2.9479
Cr1Ni1P1,0.0
Ge2Sc1,0.0
Ge1Mg1Sr1,0.0
Co23Hf6,0.0
Fe1V1,0.0
Dy1Sb1Sc1,0.0
Br3F6S1Sb1,2.6453
As1Co1S1,1.0907
B2Li2Rh3,0.0
Mn3Si1,0.0
Ce3Cu1S7Sn1,1.6409
Ba1O11V6,0.0
Cd1Lu2S4,1.2749
Al9Fe1Mg3Si5,0.0
In1Pd3,0.0
B4Co4Nd1,0.0
As1Ce1Ni1O1,0.0
Sb8Te3,0.0
Li1N1O1Si1,5.259
Ag1Ti2,0.0
Cl12Rb3Re3,0.9807
Al1Ge1Li1,0.0458
O20Tb11,0.0
C4H12O4Si1,4.7678
C2H10N4Ni1O6,3.9327
Al2Ba3Si2,0.0
B2Fe1W2,0.0
Ca1H4Rb2,3.299
Pd2Si2U1,0.0
I6Na2U1,2.1492
Er2Rh1Si3,0.0
Ga12Pd1Tm4,0.0
Cl6Fe1H12O6Pt1,1.1779
Mn2Ni1O4,0.0
B1Gd1O3,2.4130000000000003
S1V1,0.3605
Dy1Rb1S2,2.3096
Li1O3Ta1,3.7745
Li1Te2Ti1,0.8802
C1In1Ta2,0.0
B5Nd2,0.0
Mn23Y6,0.0
Ca1O3Tc1,0.7809999999999999
Co2P2Pr1,0.0
H1In1O2,2.0462
Pd1S2,0.6322
Fe2Na1O3,0.0
Ag1C7F7H8O2S2,3.5932
Sc5Si3,0.0
N2S1U2,0.0
B6Co12Y1,0.0
Al2H8Mg1,4.4314
Cl16Si6,4.7647
K2O8V3,1.8343
Br2Co5O12Te4,2.8377
Al21Pt8,0.0
Ba3Cu2Er2O10Pt1,1.4959
La1Mg1Ni4,0.0
Au1Ce1Sn1,0.0
Bi3O11Ru3,0.0
Li8N2Te1,2.3069
Cr3F1O12Sr5,0.9774
Cu1Eu1Sb1,0.0
Ge3Nd1Ni1,0.0
Ag2O6Sb2,0.6075
Ba2Eu1O6Re1,0.0
H6Li1N3Sn1,0.648
Au1Bi1Eu1,0.0
C3H5N5O1,3.8399
Ho3Sn7,0.0
Co1Nb2O6,3.1891
Ba1Sn5,0.0
Al4U1,0.0
Bi2I1O4Tb1,1.339
C22F14,2.2212
Au2Er1Si2,0.0
S1Te1U1,0.0
Ga3Nd1,0.0
B2Mo5Si1,0.0
Rb2Te2,0.4213
K1Mo3Se3,0.0
F4H1P1,7.4514
Al3U1,0.0
Eu1Ge2Rh2,0.0
Fe1Na1S2,1.2985
Ni2Yb1,0.0
Al2Gd1,0.0
Dy1Th1,0.0
K1Pr1Te2,0.0
As1Ce1,0.0
C14Cl12H24Mn1N8Nb6,1.0361
Hf1Te2,0.0
Cr2Cu1Te4,0.0
H2Mn1O5P1,1.6496
O2Pu1,0.0
C1K4O4,1.567
Cu1Y1,0.0
Ba5Si3,0.0
Be3P2,0.1485
Ho1Ni1Si2,0.0
Co1F4Li1,2.4792
As1Er1Pd1,0.0
Be1H8O8Se1,3.9976
Br2Mg1,4.46
Al2Cd1Se4,2.0542
Br2Ca3Cu2O4,0.0
Pu1Sb1,0.0
Os1P1S1,1.0484
As1I3,2.1742
Ba1Be2O7Si2,5.5324
Ag1As3Cu4O12,0.9344
Li1O12P3Ti2,2.8896
N1Y1,0.1472
Co1Cs2S2,2.1771
Ba1O3Pb1,0.0
Hf1Ni1Si1,0.0
Cl2O2Pb3,2.4589
Fe1Pt1Sb1,0.0
Cr1F6Mo1,1.15
Ge2Ni2U1,0.0
Mg1Te2,1.1052
Ba1O9Si4,4.3516
Tc1V1,0.0
B12Be1C2,0.0
H4Mg1N2O8,3.4252
Fe1Mo1O4,1.4666
Li1O9P3Pb1,4.7152
N1Ni3,0.0
Cd3Y1,0.0
Ga1Pt3,0.0
C2Co1Dy1,0.0
Dy1H3O3,3.7111
Li1Ni1O4P1,3.454
Cu1F7K1Zr1,2.182
Ba1Cu1Fe1Lu1O5,0.0
Al4Ce1Co1,0.0
Ho1Pt3,0.0
B1Fe1,0.0
Br10Pd1Y6,0.3271
Au1Ce1Cu5,0.0
Ca2H4O9P2,5.1525
Ag1O3Ta1,2.5724
Cl2Fe1H8O4,3.6384
Co6Nb7,0.0
Ba2Mn1Se3,1.6607
O4Sr1Tl1V1,3.2115
Ba1Pd2Sb2,0.0
C1Ho2,0.0
H12Ni1O10S1,4.5727
O3Sr1V1,0.0
Co1Nb4S8,0.0
C1H10N8O2Pt1,2.2456
Cu2Mg1Y2,0.0
Au1In1Nd1,0.0
B4Cr1Tb1,0.0
Ce3S4,0.0
Au9In4,0.0
Ir2Nd1Si2,0.0
Ag1Cs2I3,2.9587
Mo6Se8Tb1,0.0
Er1K3O7Si2,3.7388
Cl2Co1,3.4236
Re2Tb1,0.0
Fe1Ga2Hf6,0.0
Co2Ge2U1,0.0
Al1Mg1O5P1,4.9795
S2Sn1Ta1,0.0
N1Os1,0.0
Er3Ni2,0.0
Ni3Sn4Th3,0.0
As6Rh7Yb4,0.0
Cl1Tb1,0.0
In2Ni3Se2,0.0
Nb3Te4,0.0
Al2Be3O18Si6,5.3212
Er4Ge6Zn5,0.0
Ca1F1H4O5P1,5.083
O18Ti10,1.2218
Cu1Sb2U1,0.0
Co12Ho2Ni5,0.0
F5Pd1Rb3,2.8759
In1Nd1Pt1,0.0
Ho1Ru2Si2,0.0
Ba2Ca1O6Pd3,2.0682
P1S1Y1,0.3136
Mg2Pd1,0.0
Sn4Th5,0.0
As1Fe1O1Pr1,0.0
Ag1As1Ca1,0.0223
Co1Cs2O3,0.959
Ta2Te3,0.0
Ba4Bi3,0.0
Cu1S4V2,0.0
I3O13Rb1V2,1.7296
B2Ce3N3Ni2,0.0
Ba2Li1O6Re1,1.9062
Br1Cu1N4S4,1.0858
Be13Ca1,0.0
Br2H2O1Sr1,4.1722
As1Ca1Pt1,0.0
Li1Rh3,0.0
Be2Re1,0.0
C1N2O2Y2,3.9368
Os2Si2Yb1,0.0
Si3U1,0.0
Ag1Ca1P1,0.0
O6P2Pd1,0.5815
Cs1Mo1O6P1,2.6703
Br6Pd1Se2,1.4604
Cd1Ge2Tm2,0.0
Cl12O2S2Zr2,3.2367
Al3Cl12Tb1,4.2186
In1Nd1Pd1,0.0
Er1Re2,0.0
Br4Ti1,3.0161
Hg1Ni1,0.0
N2Os1,0.0
B1Ca1H3Ni1O10P2,3.8426
B1Bi1Cd1F10,2.1586
I6Si2,2.8251
Al3Ho1,0.0
P2S7,1.9771
Ag2Ce1Ge2,0.0
As1Hg4I5,0.9248
Cd1Cl2,3.5512
Dy1Ni2P2,0.0
Ho1Pt1Sb1,0.1607
Ag1Ce1Mg2,0.0
Ga3O14Si2Sr3Ta1,3.9569
K2O5S2,3.2054
Pr1Si2,0.0
Fe3N1Nb3,0.0
Rb15Tl27,0.0
Ba1O3Tb1,0.0
Cl14Fe1Zr6,1.4352
Hg2Mo5O16,2.2851
Ge1Ni2Zn3,0.0
Gd1Pt3,0.0
Mg1Ni2Pr2,0.0
P2Pb2S6,2.2305
Er1Zn5,0.0
C1N6O1,3.6024
Ba1O1,2.0909
C2H2O4Zn1,4.5147
Ho1Nb1O4,4.1865
In3Zr1,0.0
K1O5P1V1,1.341
O144Si72,5.6786
Fe3Tb1,0.0
Al2O1,0.0
Ni1O3Ti1,3.2574
F1Li1,8.743
Ni2Sc1,0.0
In1Lu2Pd2,0.0
Ni1S1Sb1,0.0
As3Sr2Zn2,0.1056
Cl18Nb6Tl2V1,0.0
Cr1Na1O6Si2,3.1025
Sc1Se1,0.0
In1Mn1O3,0.0
Cu1Ge1Nd3Se7,1.1531
Ho1Pt1Sn1,0.0
Al1B2,0.0
Ir3Mo1,0.0
Co1Hf9Mo4,0.0
Nd1Pt1Si1,0.0
K2O3Sn1,1.8636
Fe2P2Se6,0.0
Ni3Se2,0.0
Nb21S8,0.0
Ca2S4Si1,3.0973
Cl6Rb2Sn1,2.2430000000000003
F7In2K1,3.7972
B1Ni2,0.0
Ba1N4P2,3.9118
Al2Ca5Sb6,0.1525
Cu1La1O3,0.0
Ge1Mn1Ta1,0.0
Dy2O7Ru2,0.5529999999999999
Ni1Sn1Y1,0.0
Bi2Pt1,0.0
Pb1Pd1Y1,0.0
Lu1Ru2Si2,0.0
Ca1O6V2,2.8446
C5Ca1Fe1H8N6O5,2.7224
Ce4Pt12Sn25,0.0
Hg1Se4Si1Tl2,0.9209
Ca1Cs1F3,6.8925
B1F3,8.0465
B1Gd5Si3,0.0
Ni3Si1,0.0
F2N1P1,5.6226
K2O3S1,4.9084
Be1Cl2,6.2814
O5P1Ti1Tl1,2.9721
Au1Eu1,0.0
Mn4N1,0.0
H4N1O3V1,3.1091
Li1Zn1,0.0
Ge1N2Sr2,0.0667
H2Th1,0.0
Cu2Li1O2,0.7292
Cu1S2Y1,1.8538
B1Cl1F6,3.3335
Al17Dy2,0.0
B6Co4O13,3.8531
Ac2O3,3.5216
Al1H3,3.2346
Ga3Rb1S5,2.6001
Cu1La1Se2,0.9818
Ba3F2In2O5,1.8152
As2Cu1O8Zn2,1.9337
O4Pr2Si1Te1,1.6612
Dy1Ge1Pt1,0.0
Ag2Ca1O12V4,2.6212
Li1O2Rh1,2.4336
Fe2O7P2,3.4048
Al3Y1,0.0
Ca1Ni2Si1,0.0
Ce1Pt1Si2,0.0
Ba2Cl2Co1O6Se2,3.8115
Te5U1,0.5587
Ba3Ge4,0.0
Ag2Ge1Li1,0.0
Br2Eu1,3.1463
B1F4H5N2,6.3052
Bi1Gd1Pd1,0.0
Lu1Pb3,0.0
Er1Ge1Pd2,0.0
Cd1Cu1Sb1,0.0
Lu1P1Pt1,0.0
Pt7Sb1,0.0
Ga1Pr3,0.0
Be2Ta1,0.0
Al1Br4Cu1,2.7305
Ba14Ca1N6Na14,0.0
As2Ni4Sc1,0.0
Hg1Mg3,0.0
Ge2Nd1Ru2,0.0
Br5Nb1,1.7034
Ca5In2Sb6,0.1613
Ce1Pd1Sn1,0.0
Co9Si4Y1,0.0
Mn2S4Sn1,0.0
B6Lu2Ni3,0.0
Al3C5Hf3,0.0
Ba5Cl1O15Os3,1.2259
O9S2U1,3.3024
Mn1Pt3,0.0
Ba2O4Sn1,2.0797
Au1Pd3,0.0
Ba1Cu4S3,0.8448
Cs2O3Zr1,3.851
K1Na1O1,2.1639
O2Rb9,0.0
Mg1N2Si1,3.963
Mo1O4Tl2,3.249
H3Pd1Zr2,0.0
Al1Pr1Pt1,0.0
Ag1Cl3Rb2,3.5895
B4Ce1,0.0
Bi6Se13Sr4,0.4925
In3Mg1,0.0
Li1Mn1O7P2,1.3213
C5V6,0.0
B1Be2F2Na1O3,5.8904
I3La3Sb1,0.0
Ag7F31Zr6,4.2625
Te4Zr5,0.0
Cr2Hg1O7,1.9722
B12Ba1H12,5.8118
F6Fe1Zr1,0.0
La3Pd4Zn4,0.0
Cl18Mo2P2,0.9559
Na1O6Sb1Sr3,2.9117
Al2Fe3O12Si3,4.8403
Ga3Pt2,0.0
As1Fe1Na1,0.0
Pr1S1,0.0
Cu1N1,0.0
Cl6Cs2U1,3.0771
Na2O5Si1Ti1,3.5479
K2O7S2,5.2048
Cr3S4,0.0
Al3Pr1,0.0
Li2Nd1Sb2,0.0
In4Se3,0.1408
Al16Co7Zr6,0.0
As1Mn1Na1O4,1.8123
B3Re7,0.0
B2Br4Cl6N2P2,2.8866
B6Os1Y2,0.0
As2Eu1Mn2,0.0
H4O8P2Pb1,4.3316
C2Ca1H6O7,3.7012
F6Ga1K1Rb2,5.9647
C8Cl5La8,0.0
Ru2Sn1U2,0.0
N2Na4O2W1,2.0107
C8F6H24N2Zr1,6.8176
Li1N3,3.6601
Cd1Cl6K1Rb3,4.1004
Mn2Nb1,0.0
F3Rb1V1,2.1861
Ge2Na1O6Sc1,3.5448
C1F1H6N1,6.0381
Cd1Cu4Yb1,0.0
Ni2Sc3Si3,0.0
K2O12Te4,1.1339
Bi1S2Tl1,0.4586
Ge2Pr1Rh2,0.0
Cr1F4,1.5016
Bi2Fe1Ho6,0.0
Co1Ge1Ti2,0.0
Ba2Ca1Cr2Cu1F14,2.4276
N3Ta2Ti1,0.0
Be2Ge1O7Pr2,4.075
C2U1,0.0
Bi1Cl1F8,2.2176
B1F3H4O2,7.1565
Na6S4Zn1,2.318
Mg5Pd2,0.0
C1Dy1H1O4,5.2161
Fe1I3Tl1,2.1817
Br1Hg2N1,0.7037
Pd3Tl1,0.0
Ba3Ir2Li1O9,0.0
As2Cd1Si1,0.4587
Co2Sc1Si2,0.0
Dy3Pt4,0.0
Cu3O14P4Rb2,1.8445
La2O5Si1,4.6246
Au1K1P2S7,1.5021
Ca1O4Pd3,0.0
Ca1Ge1N2,2.6159
Cl1O2,0.9573
Ni1S5Ta2,0.0
Cr3Ge1,0.0
Cl5Cs2Tl1,1.8153
Ga12La2Ni1,0.0
Ba1Mn1O3,2.0195
H3O8V1Y3,2.0962
Cl3Nb1O1,2.6489
Ce1Fe4P12,0.5863
Au2Ca5,0.0
Cl8H6Hg3N2Pt1,2.4009
Nd1Si1,0.0
Be1Cu1,0.0
B1La1Pt2,0.0
B2Ta3,0.0
B4Gd1,0.0
Fe1Sb3Zr5,0.0
Fe2H6O12Se3,1.9599
Ga3I1Te3,1.1676
Cu1H2O4Si1,1.8538
O3Se1Zn1,3.7342
Ge4Na8Se10,1.6582
As1F1Fe1Sr1,0.0
Fe1P1Se3,0.0
F7Ho2K1,6.9188
Ba3In1O9Ru2,0.7288
Fe2O3Pr2S2,0.0
Ba1Zn5,0.0
Dy1Pd1Sb1,0.0
Cl6K2Tc1,2.5815
Ge3O12Sr3Y2,3.1104
Ba2F18Ni7,4.3361
Ba1C2Ca1O6,4.6841
Ge1Ni1Pt2,0.0
Br2C1O3Pb2,2.8076
F3Mg1Rb1,6.93
Ba1Fe4O8Sr1,0.0
C2Pr2W1,0.0
Pd1Sn1U1,0.0
Ce1Ga3Pd2,0.0
Mn1O7Rb2V2,2.6821
Cd1Yb1,0.0
Hf9Ni1Re4,0.0
C6Co1H3N6,4.9371
Eu2O4V1,0.379
C2H30Mg1O18S2,5.3965
B3Ni4,0.0
Cl1H3Li4O3,4.5758
Cu1Nd1Se2,0.8733
Al1B3Ca1O7,5.3866
F6Rb2Tb1,0.0192
Al1Mn1Pd2,0.0
C1F3O3Rb1S1,5.6505
B1C1Y1,0.0
Al2Ba1,0.0
La1P7,0.4105
Al3Th1,0.0
As1N9,3.333
Ca2O7V2,2.9046
Li6O7Zr2,3.9269
C4H12N2O2Se1,3.3082
S4Ta1Tl3,2.5451
Au1Pb1Pr1,0.0
Ho1In3,0.0
Ni1Sc2,0.0
Fe23Tb6,0.0
B2Ni1O4,3.3829
B2C2Y1,0.0
H3N1,4.3281
Cl2O7,3.677
Cl4Pa1,0.0
Nb11O30Rb4,0.0
F5Mn1Na2,1.7586
Ba2N3Nb1,1.9907
C2N3Na1,1.3983
La1Zn5,0.0
As4Cu3,0.0
Al1Y1,0.0
Cl2Cu1H4O4Pb2,1.8056
Cu3Ga2O18Se6,0.0
C5Ho4,0.0
Cs2Mn1S2,2.2559
Ag2Ba1Se4Sn1,0.2413
Cu1F4H12N2O2,0.0
Cs1Er1Te3Zn1,1.4666
Hf0.17Re0.83,0.0
Ba2F2Se3Sn1,1.5548
B1Li1Si2,1.1475
Ga3Y5,0.0
Ag1C1K1O3,2.2489
Na1O5V2,0.6393
C3Cu2H2N3O1Rb1,2.7145
H8Ni1O16P4Rb2,2.5864
Cu1Li1O1,1.6076
C1F1K3O3,3.8644
Mn1O4Sr2,0.0
Ru3Si5Tb2,0.0
Fe1P1Ti1,0.0
B1Gd1N2,2.1748
O6Re1Sr2Tm1,0.0
B6Dy2Ru1,0.0
Cs2I4Zn1,3.3531
Cl1Nd1O5Te2,0.2826
B3Ce1O6,5.3638
O6Pb2Sc1Ta1,2.5223
La1Nb2O7Rb1,2.1832
Li22Sn5,0.0
In1Ni1Y1,0.0
H2Li1N1Sr2,1.4611
Fe1O4W1,1.8793
Ag3Rb1S2,0.6046
H14La2Ni10,0.0
Ba1Cu1K2N6O12,0.0
In1N1Pr3,0.0
Cu1Ge1S7Tb3,1.8741
Ho1Rh2Si2,0.0
Co1O6U2,2.7804
P5Pd5Sr4,0.0
Al1Mo4S8,0.0
Br4O1W1,1.2307
Ge4La2Li1Si2,0.0
Cr1Se1,0.0
Al4Pr1,0.0
B1Rb1Se3,1.5162
Cu2Nd1,0.0
Cl1Y1,0.0
Fe1La4S7,1.8256
Br3In1Mg1,2.0243
Al1La3Mn1S7,1.954
Cr1O3Y1,1.5903
Br4C4H14N2Sn1,2.0425
Ca1Ge1O3,3.4124
Dy1Ge3Ni1,0.0
Re1Ti2,0.0
Cl1Fe24K6Li1S26,0.0
Ca2H18O12Re6S8,2.5429
Co1O4Sb2,2.0577
Cu1H2O6Se2,0.0
Ir3Zr1,0.0
B2Cs1Li5O6,3.4809
O5Sb2V1,2.3799
As1Mn3,0.0
As10Br18Hg19,1.1105
C12Cl12N12O4P4S12Sb4,3.313
Bi1Pu1,0.0
Cu1In1O8W2,1.1132
Co7Mo6,0.0
Nd1Ru4Sb12,0.0
Ag2O8P2V1,2.1687
Cr1Mo2O8Tl1,2.8541
Ba1Co2Nd1O5,0.0
Lu1Mg1,0.0
Ba1Hf1O8P2,4.923
O7P2V1,1.4106
Al5Ba4,0.0
As2Cu1F12O8S4,0.0
Na2Te1,2.0659
In2Ni1Yb1,0.0
Co5Tb1,0.0
Nb2O15Pb2Se4,2.7997
Ba3Bi1N1,0.6697
F4H7In1N2O1,4.1507
H4N4S4,3.3191
Al2Ni1Y1,0.0
I1S8Si2Tb3,2.4485
Co1H2O5S1,3.8232
H12Li3O10V1,4.058
K4Se8Sn3,1.3421
Gd3P4Pd7,0.0
Au1Sb1Yb1,0.0
Ba2Cl2Cu3O4,0.0
Li8Pb3,0.0
B4Ru1Tb1,0.0
Br7In4,2.2713
Ag1Cl1O4Pb4,2.4330000000000003
Se3Tb2,0.3423
Cd1Cs1Nd1Te3,1.4727
Co3In2S2,0.0
Re1Si1Ta1,0.0
Cu2Dy1,0.0
Al13Ru4,0.0
Al23Ce4Ni6,0.0
B2Ni7Y3,0.0
Li2Sb1,0.0
N7Si4Sr1Y1,2.7451
Al3Au1Ce1,0.0
Li2P2Pr1,0.0
F7K1Sc2,6.2062
Al1Fe2Ni1,0.0
Ga2Pt1,0.0
N2Sb1Th2,0.0
Co6Sn23Y7,0.0
B3Ca1H3O7,3.2063
C2Co1H4O6,2.9619
C8Ge2H24In1P1,3.5064
Ni3Rb2S4,1.4175
Co1I4Rb2,2.4015
B6Ni12Tb1,0.0
Na3O3Sb1,3.0878
Cl1Cu2H3O3,0.0
Cl1I1,1.8571
In1O8Se2V1,2.1646
B3O5Tl1,4.2217
As4Ba1Cu8,0.0
B2Be1Ca1O5,5.5889
As2La1,0.5008
B1Be2Cs1F2O3,5.9168
Li1O3,0.0
Ge1Y1,0.0
Co1Fe1La3S7,0.9137
Cl5Pb2Tl1,3.4421
Cl3F3N3P3,5.0249
Au2Ca1,0.0
Ga1La1Pd2,0.0
Er1Zn3,0.0
C1F1La1N2,2.8555
As4C8Cu3H18I3N2O4,2.9754
K2O2,2.3473
Er1Rh5,0.0
Ho3O3Sb1,0.3583
H8O16P4Tl2Zn1,4.9597
Au2Br2H12N4,3.6495
Al16Os7Zr6,0.0
Be1Li1P1,1.1604
La1Pd2Sb2,0.0
Pd1Sn1Zr1,0.151
F2I1Na1O2,4.276
Al16Ir7Sc6,0.0
Au1Si1Th1,0.0
Al1B1Ba1F2O3,6.0432
Dy5Ge3,0.0
F14Fe3Na5,3.0523
N4Th3,1.4449
Dy1Hg2,0.0
Si1Sn1,0.0717
Ca1Pb1Pd1,0.0
Pr1Te1,0.0
Mg1O5Ti2,3.2156
Na1O3Sb1,1.279
Ba5Fe5O14,0.0705
Be1H8I2O10,3.9849
Al43Cr4Er6,0.0
Ge3La2O9,2.652
Bi2Cs1,0.0
I1Te1,0.8115
Mn1O8Re2,3.2357
C1H6N4O1,4.9663
Al3B4O12Pr1,4.2796
Cu1Ge6Ho2,0.0
C1Hf2Tl1,0.0
O3Sr1Te1,3.2855
F6Mn1Sn1,2.1175
Hf1O1S1,2.8657
H1Se1Y1,1.5176
Co3Ga16Tb4,0.0
I3La3Pb1,0.0
Pu1Sn3,0.0
Cr2Li14N8O1,2.3976
Sn4Y5,0.0
Br3K1Mn1,3.5149
Cd1O6Sr2W1,3.2356
S3Zr1,1.0942
C1Cl15N3P3Sb1,2.1523
Al1Ho3N1,0.0
In1Pd2Pr2,0.0
P4Rh6Yb1,0.0
Cl15Co1Zr6,1.0319
Hg1O2Rb2,2.0106
Br5Cs3Fe1,2.9464
Ga5Ni1,0.0
B6Dy4O15,5.4362
Ga1Ir1U1,0.0
Mn1O4Pb2,0.7553
Br2Hg2Pb1S2,2.1747
Cd2Ge2Sr1,0.0
Co2Ni1S4,0.0
As1F6Rb1,4.9412
Ba1Mo2O9Te1,2.7313
Fe1Pr1Si2,0.0
Cd1Cu2S4Si1,1.3501
Cu1O6Sb2,0.0
Co1Hf2P1,0.0
Ga1Sc1,0.0
Bi2Br9Cs3,2.5847
N2O8Pb2Se1,2.487
Na2O4Os1,0.9015
N2Na2O2,3.3746
Cu3Er2Rb1S5,1.7095
Au2Ge2K2S6,2.3909
Pd3Se2Tl2,0.0
Gd1Zn12,0.0
Cu2Ge2Pr1,0.0
Cs18O6Tl8,0.0
Ge5La2Ru3,0.0
Er2Te3,0.0
Co6Dy7Sn23,0.0
Ga5V2,0.0
Rb2Sb4Se8,1.0961
O7P2Pd2,1.8461
K3Sb1Se3,2.2885
Eu2O7Sn2,0.1195
Ag1Mo6Se8,0.0
Ag2C4Cu1K1N4,2.6197
Ge3Ru2Y3,0.0
Au3Dy1,0.0
B7Gd3Re1,0.0
Ge1O4Zn2,2.4831
Ba2Er1Ga1Se5,1.6886
C6Fe21Mo2,0.0
Gd1Te1,0.0
Ni2Pr1Sn2,0.0
Ag2Ba1Sn2,0.0
Al3Ni2Pr1,0.0
Au2Ce1In1,0.0
C4H6O7Sr1,2.8548
C9Fe3O9Se1Te1,2.0143
Co1H2O2,2.7757
Cu1Ho2O5Sr1,1.4409999999999998
Br2Pd1,1.2792
Cs1N3O11U1,3.5486
Ga1Na3P4Sr3,0.7589
Al4F9K3O8P2,5.4552
O7Pt2Tl2,0.8794
Ag1Ge1Tb1,0.0
Ga2Ir1Li1,0.0
Au7In3,0.0
Br4Os1Y4,0.6745
Co1Sb2,0.0
Rb4Re6S13,1.3445
Al3Ge4Tb2,0.0
Al2Ca1O4,4.379
C2Co1Gd1,0.0
Si1Ta3,0.0
B4Lu1Ru1,0.0
As2F12N2S3,2.1866
Br3Hg2Te1,1.8936
Co7Ge6Zr4,0.0
Hg1Mg1,0.0
Dy1S1,0.0
Mn1Nb1Si1,0.0
Be2Er2Ge1O7,4.3828
Be1Zn13,0.0
Ge1Hf1Pt1,0.0
K1S2Tb1,2.319
C1Sn1Yb3,0.0
Bi1Mg2O6P1,3.634
Co1Sb3Zr5,0.0
C2H3Na1O5,3.2344
Ba2Cd1S3,2.1372
B4Pr1Ru4,0.0
Pd2Si2Th1,0.0
Ba11Bi10,0.0
Ca1Pt1Si3,0.0
Al4Mo2Yb1,0.0
Mn12Y1,0.0
O3Sb2,1.5108
B2Ba2Cl1O6Yb1,0.3686
Al1As2Na3O8,3.3504
Br3Cs1Ge1,0.7486
Nd1Pd2Si1,0.0
Ni2P2U1,0.0
C2H1Na2O7Y1,4.7006
B2F10H1Pr1,5.1148
Br3Fe1Tl1,2.9392
P3Rh1,0.0
Ca2K8O24U6,2.9341
Ho1Ir2Si2,0.0
Ir1W1,0.0
B4Nb3,0.0
Cr3Ga1,0.0
O7Sr1V3,2.095
Cs2F6Rb1Y1,6.1939
As1Li1O5Ti1,3.2766
Cu1H3N3O6,1.5127
Al1N3Nb4,0.0
Au3Pr3Sb4,0.0
Cu1Sb2Tb1,0.0
Er1Pd1Zn1,0.0
F4K2Zn1,5.564
Ag3C6H6N6O3Tb1,3.3685
Ag4Sb2Sr1,0.0
Al2Hf1,0.0
Cu1H1O5Se1Tl1,1.8989
Br3Cs1Sn1,0.7199
Ba1K4O18V6,3.0035
Ca1O9Zr4,3.84
Er1Hg1,0.0
B5Ca1Cl1H2O10Sr1,4.9531
H14Hg2O14Te2,2.6606
Ni1Sn1,0.0
Eu1Ge1Zn1,0.0
Ho1Pd1Zn1,0.0
F8Li4Tb1,0.0
Mg2Se4Si1,2.1333
Pt4S6Tl2,1.1
Ba1O7Te2Zn1,1.9071
Au2In4Nd1,0.0
C1Dy1Rh3,0.0
Ce1Pt3,0.0
C2Sn1Ti3,0.0
Au1Ge1La1,0.0
Co16Si7Ti6,0.0
Au1Cl7S1,1.7826
Br2Mn1,4.2827
Al1Ca3Sb3,0.2916
Cl13P1Re2,1.5675
B6Eu1Ni12,0.0
Mo4P3,0.0
Ba2Cd3O15V4,2.8846
Ag1C4H12N5O3S2,3.159
N4O3S4,1.6672
Ba2Cu1O6U1,1.3530000000000002
Ho1In2Ni9,0.0
Nd1Pd1Sb2,0.0
Ba4P4Ti1,1.1416
Co2Ho1In1,0.0
Cl2Co2O5Sr3,0.0
Ca1P2Zn2,0.9114
Ir1Nd1Si1,0.0
Dy2Ni1Sn6,0.0
Ce3N11Si6,0.0
Si3Ti5,0.0
Fe2Lu1,0.0
Cu1Ni2Sb1,0.0
Ho2Zn17,0.0
C1In1Y3,0.0
H2Li1O3P1,3.3683
H6Mg1O6Si1,5.4736
Pb3U1,0.0
Ca4Ge3Ni4,0.0
Cl3Mo1S2,1.5364
Be1H4O4P2,6.001
Ir2Tb1,0.0
Ag2O4S1,2.2146
Se4Sr1Yb2,0.0
Co1K2O2,0.7716
B1Co4Tb1,0.0
Rh3S4,0.0
Pt3Sc1,0.0
Pt2Si2Sm1,0.0
Br3Cs1Mg1,4.055
Ag2Gd1,0.0
C2N2Se3,1.9904
Ce1Fe1Si1,0.0
H2Ni1Pr1Sn1,0.0
Bi1Rh1S1,0.4491
Mg1Sn1Tb1,0.0
As2Cu1H16O20U2,0.0
K8Tl10Zn1,0.1127
Ca3Li1O6Os1,1.2576
Hg2N2O6,2.5784
Mn1Na6S4,2.1541
F12Th1Zr2,5.1276
Sn3Sr1,0.0
Ge3O9Ta1Tl1,3.6345
Ba1H4O3,4.2527
Mn6Sn6Y1,0.0
Ga1Ge1H1Sr1,0.4351
C1F1N1S1Sn1,2.8786
B7I1Ni3O13,1.9924
Bi7O18Ta3,2.3697
Ho1Zn1,0.0
Ir1Si3Th1,0.0
As4Rh6Yb1,0.0
H3N1O3S1,5.3106
Ca1Ga1H1Si1,0.2512
As4Cl7Hg6Ti1,1.2288
Er1Sb1Zr1,0.0
Br2Fe1,0.0
Na4Si23,0.0
Al1Mn1,0.0
Cl18In2Li2Nb6,0.9674
As3Eu4,0.0
Au2Si2Sr1,0.0
Ag2Er1,0.0
Au1Cl7Te1,1.5768
H3Ni1Zr1,0.0
C1Cl2O3Pb2,3.2072
C1In1V2,0.0
Ca1Fe4Sb12,0.0
Ba1O15V10,0.0
Ce2O2S1,2.587
Li1N2P1,3.806
H12N4O4P2,4.8545
Cs1F1O2S1,4.3866
O7Sr2V2,3.3193
As1Rh1V1,0.0
Ag1Hg2Ti1,0.0
Ba1H4O8P2,5.5663
Br4Pa1,0.0
Dy2O7Si2,4.6269
Dy3Ge5,0.0
Bi1In1O3,0.2239999999999999
C3Pu2,0.0
B6Ce2Ni21,0.0
K2Mo3O10,3.2667
Dy6Mn23,0.0
Co1Nb4Se8,0.0
Cs1H1O3Se1,4.1011
Na1O4Si1Y1,2.1556
Ba3C60,0.1413
Al2O10Rb2Si3,4.3787
Ce1Zn5,0.0
Ba1Na2O6Si2,4.1627
N2O2S2Se1,1.8244
Ge6Hf1Mn6,0.0
K2O3Sn2,1.3165
Cs2F6O18Pt1S6,2.209
Ge13Ho3Rh4,0.0
Dy3Pd2,0.0
B7Mg1,1.4667
Pd1Sb1Se1,0.0
F1O3Se1Yb1,0.0
Co5Ho1,0.0
Cs2Ni1O2,2.4073
Cr1F4Na2,2.5919
Fe3Y1,0.0
C4H11N1O10,3.3682
Mn1P2Rb2S6,1.58
Mn1O7Si2Sr2,2.9304
Cu1Gd1S3Sr1,1.3027
Er1Ir1Si1,0.0
Dy1Hg1,0.0
O1Sn1,0.6819
Ga4Ni1Tm1,0.0
Ba1Ca0.3333O3Ru0.6667,1.1102
Hf4Ni4Si7,0.0
Ge8Li7Rb1,0.1664
Cs2I6Pt1,0.6116
Cr1Mo2S4,0.0
Ce1Rh1Sn1,0.0
Co2N1V4,0.0
Cu2Se2Tl1,0.0
Ba2O13Ti6,1.0202
B1O7P1Zn3,4.0035
Ge12Nd1Pt4,0.0
Pt3Y7,0.0
Fe1K3Se3,1.1312
Al1Co2Hf1,0.0
Br12Zr6,0.0
Ca1F4Zn1,5.926
F5H2Mn1O1Rb2,1.5483
Co1F6Li1Sr1,2.9107
Rh1Si1Y1,0.0
Ga5O12Yb3,0.521
Ni1Sc3Si3,0.0
Co1Ge1Sc1,0.0
O3Sn1Zn1,1.3104
C2H14N4O8Te1,2.7884
Ba3Cr2O9W1,1.8793
Ge2Nd2Zn15,0.0
F6Fe1K2Na1,0.0
Dy1Mn1Si1,0.0
Ni2Sb2Sr1,0.0
Er1Ge2Mn2,0.0
Al1Mn1Rh2,0.0
Cl1O4Sr2V1,3.7663
Ba5Cr1N5,0.1737
Co6Ta7,0.0
Mo3P1,0.0
Na2O2,1.7589
Ni3Pb2Se2,0.0
F5Ta1,5.6934
Gd1In1Pd2,0.0
K2S5,1.7459
Er1Ir2Si2,0.0
Ba1Ge12Pt4,0.0
As3Nb5,0.0
Na1O2Sc1,4.3746
Ag1Er1O8W2,3.4492
B2Li2Se5,1.6287
Cd3Na4Se5,1.079
Ce1Fe2Ge2,0.0
Cl10Cs3O1Re2,0.0
Cu4Ti1,0.0
B2Ir3Pr1,0.0
Ga7Te10,0.8797
Pb2Rh1,0.0
As2Na1O7Sc1,3.4042
Ga3.33Ho2,0.0
Bi16I4,0.0
K1La1S4Si1,2.7376
As1F3,5.158
Be2Ta3,0.0
Be12Cr1,0.0
Mg1Pr1,0.0
Ca1Ga1Ge1,0.0
C1Ru3Ta1,0.0
In3U1,0.0
Ho5Sn3,0.0
O4P1Rb1Zn1,4.0664
Cs2N12Zn1,4.0592
K1O1Tl1,1.1669
Er6Zn23,0.0
B4Ho1Ru1,0.0
Cs1S2Sb1,0.9277
F3K2O2V1,2.9863
Al4Pu1,0.0
Fe2O6Rb6,2.0402
C3H4O10Rb4,4.1513
Ru9Sb8Zn7,0.0
Ga3O7P1,3.2708
B1Cr3O6,1.7664
Cd2O12P4,4.0596
La1Pd1Sn2,0.0
C1Ce3Pb1,0.0
Al2H12O12Sr3,3.8815
Br4S1Tl6,1.8077
Ag2O11Ta4,3.1596
Cr2O7Tl2,2.3148
Cu2K1Se4Ta1,1.8274
Ge2Li4N6Sr3,2.0472
Br1H1,0.0
Mn1O3Sc1,0.0
Al1Nb1Ru2,0.0
Ge1Hg1Li2,0.0
Ag6O7Si2,0.5523
As1Cu1,0.0
Ba1H2Mo2O12Te2,2.894
Al8Co2Sm1,0.0
C2K2,3.2594
Bi2K3O12P3,3.7686
Al2Ce3I2,0.0
Bi4Cl14Se4,1.3464
C2Na2O4,3.3875
Au1Hf2,0.0
H4Pd1Ti2,0.0
S3Sr1Ti1,0.0
I3Tl1,1.6451
Rh1V3,0.0
Bi3Cu1Pb1S6,0.8148
C1F1O3Tl3,2.4009
Co1H6K2O8P2,4.0349
Ge1Zr1,0.0
Mn3O1Ti3,0.0
K2Mg1O7V2,3.6169
C9La7Os4,0.0
Cs2F6Fe1Tl1,3.4751
Co5P3Tb1,0.0
F9H16N3O6S1Zr2,4.0141
Mn1Ni3,0.0
Cl2Pt1,2.3977
Hg1Na2Pb1,0.0
F6Mo1Na1,0.0
O1Ta2,0.0
Ru3Si2Y1,0.0
In1La1Pd1,0.0
Cl1La3O8Si2,5.1446
Ca1In1Se4Yb1,0.0
Hf1Nd2S5,0.9138
Cr2S4Ti1,1.3299
Ca3Tl1,0.0
Ge7Re3,0.0
Cl6Cs2Th1,4.7529
Co1Ga5Yb1,0.0
Mn56Yb2,0.0
Ge4Nb5,0.0
F5K2Pd1Rb1,2.9388
Ni1Si2Yb1,0.0
Al2B2Ca1O7,4.8274
Cl1Dy1O3Se1,4.3697
Mo13P9U1,0.0
O6Th1Ti2,3.6453
Au2Dy5Sb1,0.0
Ir1Nd1Si3,0.0
Ce3Ni6Si2,0.0
Au1Cu1Zn2,0.0
As1Gd1O1Zn1,1.0719
Cs2Ni1P2S6,2.0951
Fe3Sn2,0.0
Fe2Pu1Si2,0.0
Al9Er1Fe4Si6,0.0
Cr1F6K2Na1,4.4137
Cu2Mn1S4Si1,1.7613
Na1O2Ti1,2.4074
F5Fe1H2K2O1,1.8433
Fe1Pr1Sb3,0.0
As2Rb2Si1,0.9525
Mo8O10Zn1,0.0
Cl6K2Re1,2.8325
Br2Yb1,3.0544
Br2F16Sb3,2.6564
Al20Ti2Yb1,0.0
Mn1O3Pb1,0.0
B4Er1Ru1,0.0
Ni2Sn1U1,0.0
B2Cr2Ir1,0.0
Pd3Sc1,0.0
Co1Mo1O4,1.9646
C1Co2W4,0.0
C10O10Os3S1,2.795
Cu2In1Lu1,0.0
As2Ca1Cu1O7,1.7845
Cl1O1Yb1,0.0772
Co5Pr1,0.0
Ba1H4I2O2,3.6662
Co4Ge13Tb3,0.0
Ba1Ni2P2,0.0
Cs1F4Ti1,2.8342
Bi1Mg2O6V1,3.1773
Er1Pt2,0.0
Br4Gd4Re1,0.0
Cs2Li2O4Ti1,3.9033
Ba4Ho1O12Ru3,0.2815
Ca1O3Rh1,0.0
B3K3O6,4.1336
Cu2Er2O5,1.4903
C1Cl1H5N2S1,4.3363
As1Pd1Yb1,0.0
Al1Pt2Zr1,0.0
Cd1Mo3O12Th1,3.5888
Au7Ga2,0.0
Nb2O13Se4,0.1558
Cl1Er1H2O2,4.7072
Rh1Sc3Si3,0.0
Nb2Se4V1,0.0
Ba1Mn1Nd2S5,0.0
B1Ni4Tb1,0.0
H10O14P3Pr1,4.9241
H6La1O12P3,5.2511
Ag1La3Se7Sn1,1.1544
Cl1F1O1Pb2,2.5647
Ba1Cd11,0.0
Ge1Ir1Yb1,0.0
K2O6Si2Zn1,4.2927
As1Cu1Te1,0.0
Au1Zn3,0.0
Cs2Hg3I8,1.7202
La1O3Ti1,0.0
Be3Ti1,0.0
As1H4Na1O5,3.8489
As1Cl1Cu2O4,1.2128
Al1K1O4Si1,4.5105
Ga12Pd1U4,0.0
Ge1Mn1Ti2,0.0
Ge2Li1Pr1,0.0
Dy3S4,0.0
Ga3Tb1,0.0
O11U2V2,3.0882
Ag1O5Te1V1,2.9207
Cu2Dy1S2,0.0
Cu1Nd3Se7Sn1,1.0695
Mn3N2,0.0
Ir1Se2,0.0758
Pt2Pu1Si2,0.0
Cd1Hg2Ti1,0.0
Ge3Ho3Ir2,0.0
Ge4La1Ni9,0.0
Cs2Se4W1,1.6735
Hf1Os1P1,0.0
In1Li2Mg1,0.0
Fe1H1,0.0
Er1In1Rh1,0.0
Cl1Sc1,0.0
B12Li2Si2,1.6865
Br12Fe1Tb7,0.0
La1S6Y3,1.0507
Ag1Na2Sb1,0.7915
Ce1Pd3S4,0.0
Ba1Er2S4,1.7406
B2Dy1Ni2,0.0
N1Na1,0.0
Dy1Rh5Si3,0.0
F1Gd3O12Se4,3.808
B1Bi1O4Pb1,1.5104
Cu2O4S1,1.3138
Er4Sb3,0.0
As2B1Rb3,1.2909
Ba1O8P2Zn2,4.506
Li2N2Zr1,1.5774
B4Pu1W1,0.0
C15Re5Y12,0.0
Si2Ti1,0.0
Cu1N1Sr1,0.5407
Bi1Pd1Yb1,0.0
Pb1V3,0.0
O2S1Tb2,2.9767
Ba1F1O6P1U1,3.0981
Cl1N1O4S1,1.3179
Co3Se4,0.0
Ba1Cu10P4,0.0
Al8Ho1Mn4,0.0
Hg4Pt1,0.0
Gd1Pt1Sn1,0.0
Al2Cl2O5Sr3,4.2148
Gd1S2,0.0
B6Co21Sb2,0.0
Cu2In1Ti1,0.0
O7P2Sn1,2.8172
O2,1.7335
In5S7Tl1,0.7642
Cu9Sn4Yb1,0.0
Fe3Ho1,0.0
I2O8Rb1V1,2.7057
Al20Ce1Co2,0.0
Ho2Se3,0.0
Cr2O18P6,1.8903
Cl2Te3,0.0
Cl3N3O3S3,4.0232
In1K1Se2,1.5335
As4Rh6Sr1,0.0
Pu1Sb1Te1,0.0
As2Ba2O2Zn3,0.4098
Ga1Ni1Ti1,0.0
La1Mo6Se8,0.0
C4H4Na5O14Yb1,4.5144
Ce1Ge5,0.0
Cl1Cu1Hg1S1,0.9522
Cr1O10Si4Sr1,3.1813
Fe2O1Ti4,0.0
Hg1K4P2,0.9375
Ba1Mn2O6Y1,0.0
Re2Te5,0.6979
Au1La1O3,1.9733
O6Se2Sr1Zn1,4.3308
Bi2Er1I1O4,1.4211
H4O11P2Ti2,3.0899
Ba2Nb5O9,0.0
Li1O7P2V1,2.0634
Be1P2,0.8341
Pt1Th1,0.0
Cl1La1O7Pb6,2.128
O4Rb1Tc1,3.3725
F2O1Sb2Sr2Ti2,0.0
Er2O7Si2,4.789
Cr2Ge2Te6,0.5826
Li4O5W1,3.5657
Cr3Fe1,0.0
Au3Ca5,0.0
Fe1O3Zr1,2.4989
Ag2Ge1O3,0.5845
Al3Cu1Nd1,0.0
Ge2Ir2La1,0.0
La2Na2O10Ti3,2.5362
K1O8W2Yb1,0.2019
Cs2I6O18Zr1,3.4118
Co5Er1,0.0
As4Mg1,0.8107
Cl1Fe1O4W1,2.1276
Ga1Ho1Ni1,0.0
Cu1N3,2.2548
Ce1Ge2Ni2,0.0
Ca1Ge2Zn2,0.0
Cl2H4Mn1O2,4.0339
Dy1Ge3,0.0
F6Li2Rh1,0.1293
Cs1S2Yb1,0.0
Pt1Sc3Si3,0.0
P12Ru4Tb1,0.0
P1Pd5Tl1,0.0
Al1Er2Si2,0.0
Mn2Sb2Sr1,0.0
Cl1H6Li1O7,5.2938
Ba1Be13,0.0
Gd3Se4,0.0
I2O6,1.8703
Cl3H6La1O9,2.5826
B4H20Na2O17,5.1087
Cl2Ga6Li8O24Si6,4.4804
Al1Ge1La1,0.0
Cu1F6Zr1,2.1427
Na2O6V2,3.221
Co17Th2,0.0
Al2Ca1H4O8Si1,4.6605
Ga2Mg1,0.0
Bi1Rh1,0.0
Eu2Pd1Si3,0.0
Al1Ni8Y3,0.0
Co5Ho1P3,0.0
Be3H4O10P2,5.8499
S10,2.1955
Au1Ce2,0.0
Pd3Zr1,0.0
Mn1Na6Te4,1.5716
Li2O4Se1,3.8122
Se3Sn1Tl2,0.8589
Ba4Ge20Ni3,0.0
Ir1Si3U1,0.0
B2O6U1,3.7942
Li1Mo1O7P2,3.1711
Dy1Mn2Si2,0.0
Ba1Br6Th1,2.9308
Ba5Ga5Pb1,0.0
La1Rh1Si3,0.0
Ho2O2S1,3.0363
Cu1Gd2O12Se4,0.0
Cs2Se3Zr1,1.3618
Fe2O4Ti1,0.0
Ag1Te2Tl3,0.5854
Rh2Th1,0.0
Co3Dy4Ga16,0.0
Be3K4O5,3.214
C1Ge1Ti2,0.0
As1S1Y1,0.1061
Al2Ca3O6,0.0
Bi1F4Li1,4.8442
La7Ni2Zn1,0.0
Cu2K2Te5,0.0
O22Pr4Si4V5,0.0
Co1Ga1Zr1,0.0
I2P4S3,2.2194
Ta1Tc1,0.0
Cl18P2Re2,1.6009
O4Sn2Ti1,1.4701
Ca2Co1Fe1O5,0.0
Mg2O4V1,0.0
K2O12P4Sr1,5.6019
Co1Er1Ga5,0.0
Co2Ga1Ta1,0.0
Co2Gd1Zn20,0.0
B2O5Sr2,4.2723
Ce1O1P1Ru1,0.0
Gd2O5Re1,1.0621
B6Ba2Ni9,0.0
Al1Cl3,5.2734
B11Li6O22Rb5,4.3241
Cl1K1Mo1O5P1,1.3752
As3K1O12Zr2,4.0099
Ge4Y3,0.0
I1O1Sc1,2.3862
Cd1Hg2,0.0
B4Fe1Sc1,0.0
As2F24I3S14Sb3,1.8166
C8Cl6H24O5S4Tc2,0.2367
Ca3Cl3P1,1.8418
Na1Nd1O2,3.3337
Li2N2,0.0
Ag3Ga8Ho3,0.0
H1N2O9P1Pb2,3.333
O9Pb1U1V2,2.7677
Ga2Pd5,0.0
Ag1Ge1Yb1,0.0
Ga1Ni1Pu1,0.0
Al2Ca1Si2,0.0
Ge1Na1O4Tm1,2.5646
Ba2Se4Si1,2.2661
Ca2In1Pd2,0.0
Pt2V1,0.0
C1I1N1,4.3259
Ba2Lu1O6Sb1,0.0
B4Dy1Fe1,0.0
Cd4Ge1S6,1.4126
Bi3In4Pb1,0.0
B4Fe3La1O12,2.4433
Eu5O15Ta4,1.4057
K1Mn1O8Se2,1.4832
Hf1Ni1P1,0.0
Gd1Li1O2,4.2929
B1O3Tl3,1.3645
B1In2O12P3,4.0081
Ag1Zn1,0.0
Ca3Na1O6Ru1,1.6036
As2Ca1F20Xe4,2.5678
Au2Cd1F8,2.3103
B2Ir5Mg2V1,0.0
F6Na1Sb1,4.8782
F30O6Te7,2.3537
Li4O5Te1,2.7171
Al8Mn4Tb1,0.0
Ca2Mn1O6Ta1,1.2789
Ba1Li1P1,0.9687
Na11O16U5,0.0
Ba1Mo2O14P3,1.4551
F4K2Pd1,3.0875
O26V12,0.0
Fe1O6Sb2,0.0
Cr1O3,0.3642
C12Fe2N12Zn3,0.0
Cl2Cu2O6Se2Sr1,1.5266
Mg1O11P4,5.1186
Al2Pd1,0.0
Cu1F2H12N2O8P2,0.0
Cu2Se4Sn1Zn1,0.0
N3Sr2V1,1.6869999999999998
As1Ge1Se1,1.4452
Pt3Sb2,0.0
Al1Co2Pr2,0.0
Eu1Hg1,0.0
Ir1Zr3,0.0
C1Cr2Ga1,0.0
Ge2Rh2Y1,0.0
Ba1Cu1O5Y2,1.4069999999999998
Al4C6Zr3,0.0
Ce2Cl3N1,3.3805
Ir2Mg1,0.0
Cu2In1Sc1,0.0
In1N1Ti2,0.0
F1Gd13Ge6O31,3.694
Br2Ge3La3,0.0
Mn3O6W1,2.1998
O8Te3Zn2,3.3726
B3Na3O6,4.1278
C2H6O10Ti2,2.7082
O3Tl4,1.1181
Ga1O6Tb3,3.6365
B12Cl1Cs3H12,4.9436
Ba9N12Nb2,1.2661
Fe1Ga5U1,0.0
Co2Cs1Se2,0.0
Al2Cl8Ti1,3.1709
Cd1Hg2O6Se1,0.9523
K3S4Ta1,2.8795
Mg1Zn1,0.0
I3O9Sc1,3.9099
K1Mo1O8P2,2.4312
Ga2Ru1,0.1155
F8H24Mn3O12,1.4061
Ni3S2Tl2,0.0
Sn3Ti2,0.0
Cd1Ge1O3,1.5382
H4La1N1O8S2,5.4841
Ag1Rb5Se27Ti6,1.0265
Al2Ca1F9K1,7.1305
F6O2Ru1,0.0
Cl4Hg2K2O3S1,2.2166
B1Nd1Rh3,0.0
Cu2O2S2Sr2Zn1,1.4232
Ho1I3O9,3.115
F1La1Se1,1.7548
La1O4P1,5.4344
B12Ba7Ir12,0.0
Ce1Cu1O1Te1,1.5622
Ce1Li2P2,0.7718
C2Cu4H3N5,2.2372
As1Eu1Na1S4,1.2336
Fe1Se4Ti2,1.0429
Al5Br4La10,0.0
Cs1F2N1O4S2,5.3314
Ce1Ge2Ir2,0.0
Cu1Dy2Ge4O12,2.1804
Au1Rb1Te1,0.0
Cu3Ho2Rb1S5,1.6909
Dy2Mo3Si4,0.0
C1La1,0.0
H4N1O4Tc1,3.346
Ag7Yb2,0.0
Al2Tb3,0.0
Er2H16O20S3,5.4104
Ba9Cl2Cu7O15,0.0
As2Pt2Sr1,0.0
C1Fe2Ho2Si2,0.0
Cd1H4O5S2,2.2363
Al1Cl6N1S2,1.6666
Al1Co1Pr3S7,1.5599
As1Ca1Rb1,1.3057
Ag1Cu1O4P1,1.3317
Al2Eu1Se4,2.6764
Al4Nd1,0.0
Al2F2K2O3,3.9954
P12Ru4Th1,0.0
As5I1Te7,0.2542
I6O1Sr4,3.5761
Al3C1Zr5,0.0
As2K2O9U1,3.3396
In1Mo2O8Rb1,3.9489
Cl9Cs3Ru2,0.945
Nd3Zn22,0.0
B3C2Nb4,0.0
Mn1Rb1Se2,0.0
Ba1Se4Y2,1.3858
Sb2Si1V4,0.0
Gd2O1Se2,1.5315
Mg1P1Pt5,0.0
Ba2Er1O6Ru1,1.4477
C1Cl3H3Te1,2.5394
Nd1Sn3,0.0
Gd1O8Rb1W2,3.537
Ca1H8O14P2V2,1.9986
Co1Fe2Ge1,0.0
B2Ni1Ta1,0.0
Ag2Cr1O4,2.1654
Lu3Os4Si13,0.0
Bi2Eu1Pd2,0.0
Br1Lu1S1,2.8282
H0.333Y1,0.0
H4Mg1Ni4Y1,0.0
F1H3O1,6.7295
As2Cu4O9,1.0234
Bi2Hf1,0.0
In4Ni1Sr1,0.0
Mn1Se3Th1,0.5655
Nd2Ni1O4,0.0
Ba1O8V3,1.9821
Ag4O4S1Te1,1.0738
Pr1Rh2,0.0
As3K6Nb1O1,1.0066
Cl1Hg2O1,1.5908
C19H34,5.402
Ho1O3V1,0.8905
Ga1Gd1Zn1,0.0
K2O21V8,1.2559
Al1F1Na1O4P1,5.4423
B12H12I1K3,4.6023
Dy1In1Pt4,0.0
Ca1Cr1F5,2.8723
H8O8U1,3.0433
H2Na3O12Si4V1,1.86
Lu1P1S4,1.6955
Pt7Sc4Si2,0.0
As2Cs2Pd1,0.9617
Fe3H16O16P2,0.1782
Hg4Ni1,0.0
Cu1Si2Zr1,0.0
Lu2O13Te5,3.0369
Al3Tc2,0.0
Ga16Pt7Ti6,0.0
Sb5Tb2,0.0
Ge1Hf1Ru1,0.0
F4Pb1,1.8957
Nb4Ni1S8,0.0
Co12Mg2P7,0.0
Mo4Nd2O15,3.0611
Mn3O12Si3V2,0.0
B4Co4Tb1,0.0
Al4Co1La1,0.0
O7P2W1,0.7897
Al1C1O1Sc1,0.65
C1H2O6P2Pu1,0.0
Pd5Se1Tl1,0.0
Al16Ru7Ti6,0.0
In1La1Ni2,0.0
Br3Cu2Rb1,2.1692
Mn4Na3Te6,0.0
Al8Ca1Co2,0.0
B9Mg1N1,1.6768
Pr1Se1Te2,0.0
Ce1Co8Mn4,0.0
C4Cl3Co1Ge1O4,3.2282
Ba2Cu4Ho1O8,0.0
C15Gd12Re5,0.0
Cd1Te2Zn1,1.035
Cd1Mg3,0.0
Br1C2N2Ni1Rb1,2.8071
Pd5Sb2,0.0
Cs1F3Mn1,3.4835
Ag18O21Si6,0.7077
C4H1O4Re1,3.1737
Ge1Hf9Mo4,0.0
Si1Ta3Te6,0.0
F10Hg3Nb2O4S1,2.4046
Re2Sc1Si3,0.0
C2Cd1H6O6,4.685
As1Nd1S1,0.0
Ca3N1Sn1,0.0
Ba1F12Sb2,4.0842
La3O10Os2,0.0
Si1U1,0.0
Ce1Nb1O4,0.0
Ge2Ho1Ni2,0.0
Bi2Ni2Tb1,0.0
Ho1In1Mg1,0.0
Cu1O6V2,1.8202
Pr1Pt1Sn1,0.0
As2Cu1Er1,0.0
Li2O5Si1Ti1,3.7687
Pd1Sc1,0.0
As2Ce1Ir2,0.0
Br3C2Cu1H8N1O1,0.773
Cl2H4Mg1O10,5.0854
C19Er15,0.0
Be5Pt1,0.0
F11Hf2Na1V1,2.8936
Al2Ge1La2,0.0
Mn4O13Sr7,1.0598
H8K4O10P2,4.4771
Ga3Ti1,0.0
Au1Cu1Sn1,0.0
As4Cu12S12,0.0
Cr1F5Rb1,1.5526
Cl1H4Na1O2,4.9515
Ni2P1Si1,0.0
Al1Cu3U2,0.0
H4O9Th1V2,3.2325
Cl1F10Sb1,2.3159
C2Cr1U1,0.0
Cu3O12Ru4Sr1,0.0
Mg1O4Ti2,1.3159
Ag2Na1,0.0
Cu1Rb1Se4,1.0789
C6Eu1N9,0.9063
B2Mg1Ni3,0.0
Sb2Tl1Zn2,0.0
Li8O6Pr1,2.5214
B1Rh3Tb1,0.0
K11Li1Mn4O16,1.8573
F6Li2Ti1,4.8744
Li1Rh1,0.0
Al1Hf2,0.0
F8I1O2Sb1,2.2702
La2O9Si1Ti2,3.0481
B2Er2Na2O7,4.3657
Ho3Pd4,0.0
Au1Bi2O5,0.0
Cd1Er1Ni4,0.0
Ce3Rh4Si4,0.0
Br6Hg7P4Sn1,1.6557
Li2O13Ti6,3.2956
In1La2Pd2,0.0
Dy3In5,0.0
H4N2Ni1O8,2.5286
Ba15O27Pt6,2.1821
Dy3Ru1,0.0
Co1Ga3Ho8,0.0
Cl9Cs3Ti2,2.5882
Eu1Pd1,0.0
Fe3Mo3N1,0.0
Br2O3,1.7739
Co1Er1In5,0.0
Ba5N1O18Re3,2.3387
Cl4Cs2I2Pd1,0.9841
F6Fe1Na1Sr1,3.8463
B3Ba1Li1S6,2.8395
C4I8O1Y9,0.0
Ca1Cl1Fe1O2,0.6794
Ge1Na2Zn1,0.0
Al7Te10,1.3893
In1Th2,0.0
Co2Gd1,0.0
Al1Ba2Cu2F11,2.5133
Au1C2Li1,1.8595
Ge1Rh1U1,0.0
Ag1F1Sr1Te1,1.5563
As3Cr2Na3O12,0.0
Cu1Mo1O4,1.5938
Ba5Cr3H1O13,1.1665
Co2O12P4,4.1404
F13H4P1Sr2,7.2351
Cl8Co1Li6,0.0
Cu4Si4Yb3,0.0
Cd3Na2O14P4,3.1419
Cr1H10N4O8S2,2.7910000000000004
As1La1Rh1,0.0
Ag3Li17Sn6,0.0
Er1Fe4Ge2,0.0
Al3Dy2Ge4,0.0
C4Fe1H12N10S4,3.3201
Ca2Fe1N2,0.419
Cd1K2Pb1,0.0
Er2S4Yb1,1.1804
Ir3La1,0.0
Ag1I1O3,2.5073
Ni1P1Ti1,0.0
B3Mo1,0.0
K6O36S8V4,0.0
Al8Mn4Yb1,0.0
K2S8Sn2,1.5375
Au3Er1,0.0
Li3Ni2O6Sb1,2.8312
K1O7P2Yb1,0.4033
As1Pd1S1,0.0
Ag3Ge3P6Sn2,0.3138
Cr2Cs6O7,1.4584
Ge1Mn2S4,1.2464
Tb3Zn11,0.0
Ge6Ir7Mn4,0.0
Cu8O1,0.0
Ca1P3,0.024
H2O5Se1Zn1,2.9497
Ge4Rh1,0.0
Nd1Ni2Si2,0.0
Fe5Ho1,0.0
O12Sc2W3,4.2137
Al2Au2La1,0.0
Er3Ga1S6,2.1202
Ag1Eu1,0.0
B8Ru11,0.0
Ge2Os1Sc1,0.0
Ba3Ca2N6Si2,1.5692
Ni1Si1V1,0.0
O14Si4Sr2V2,2.8817
Cr3Se4,0.0
Al8Dy1Mn4,0.0
Co1F1Na1O4S1,3.665
Ba2Fe3O8Y1,0.0
Cs1F5Pd2,1.8119
Au1Cu4Tb1,0.0
Ba1C2Ce1F1O6,4.2924
Ag2F5,0.9722
Dy1Ga1Pd1,0.0
Ba4Ge20Pd3,0.0
Ag2O7Te2,0.0
Sb3Sm4,0.0
F4K2Mg1,6.4219
H1O5Pr1S1,3.8647
Hg1S2Ta1,0.0
C2H5N1O1,4.9518
Ag9Ga1Se6,0.0794
Ce2N2Se1,1.0594
Gd2O6Te1,2.9478
Ag2K1Se4Ta1,1.904
K3Na1O9Os2,0.0
K1.33Na0.67O5Si2,4.1779
S4Si1Sr2,2.9181
B1Nd1Pt3,0.0
Dy1In1Pt1,0.0
C1Dy2,0.0
B2Fe1,0.6755
In2Yb1,0.0
Br6Cs2U1,1.9113
As4Si1Sr4,1.1068
Cs2F6Ga1Li1,6.2133
Mn1S17U8,0.969
Cl1Hg2P3,1.1221
B3C4Gd4,0.0
N1,0.0
C3Sc2,0.0
Al1.333C2H6O6P2,4.7316
B1H6Li3,0.8604
As3Cl1O12Sr5,3.8273
Cs1Cu2F5,1.8907
Nd1Zn2,0.0
F3V1,1.1517
Sn10Tb11,0.0
Ge6Lu4Ru7,0.0
Er1Na1O2,4.0973
Cu1Er2Ge6,0.0
As1Cs1F6,5.1281
As1F7Pb1,4.2099
Ni2Sc1Sn1,0.0
Ba5Ga2Se8,1.919
Pb1Pt5Si1,0.0
Ba1Mo2O12P2,2.8146
C8O4S2,1.5502
B4Er1,0.0
F14N2Ni1,2.2875
Ho6O12W1,2.3972
Ag1Mg1Sb1,0.0
Ag1Au3I8Rb2,0.6754
Ho1Ru2,0.0
Co8Mn4Nd1,0.0
Ru1Sb3Zr5,0.0
La1Zn1,0.0
H6N1Nd1O10S1,3.196
Al2C1Co1Ta3,0.0
Eu1Pt2Si2,0.0
Ca1O6P2,5.5128
Co1O9Se3Sr2,3.4936
K1O10P3Th1,5.14
Fe1S8Ti4,0.0
I3Ir1Y3,0.0
Ce2Ga12Pd1,0.0
Ba1Sb1Te3,0.3883
C1S1Ti2,0.0
Ho5Ni1Pb3,0.0
Mo10O31Sb2,0.1941
Ga12Lu4Pd1,0.0
C68Co2O8,1.3532
As2Er2Ni1,0.0
F7K3Zn2,5.4172
Ba1Pd2S4,1.0816
Ba1Co1Fe1O5Pb1,0.0
Ga2Ho3Mn3Si1,0.0
Co2S2Tl1,0.0
Al7Au3Pr1,0.0
Na6S7Sn2,1.8466
H16Mg7V1,0.0
As4Ca3Si2,0.8237
H1Ti1,0.0
Ni4Sn1Zr1,0.0
K1O8Ru4,0.0
Sm1Tl1,0.0
Lu2Mg1S4,2.0054
Cl1O3Rb1,5.2548
B4Nd1Rh4,0.0
Cs1F7Sb2,4.2059
Ca1Ni1O6Si2,1.2131
B4Er1Os1,0.0
Fe6Sc1Sn6,0.0
B2Cr1,0.0
Mo2O14P2Rb2Te1,2.8319
Cd3O6Te1,0.2763
Y1Zn3,0.0
As2Cs4Te6,0.7979999999999999
F4H2Mn1O1Tl1,1.7417
B1La1Pd3,0.0
Cu2Rb2S6Sn2,0.2516
Bi3Ce4,0.0
Pu1Te2,0.0
Cl3Cs1Fe1,3.0241
B1C4H4N5,6.2819
Ni1Sb1V1,0.0
Fe1In1O3,1.1672
Au1C2N2Rb1,3.4471
Mn1Na2O2,0.4883
Ge1Ni2Sr1,0.0
Au2In4Yb1,0.0
Th3Tl5,0.0
H7I1O10S1,2.4074
La1P5,0.0
Eu1Pt1Zn1,0.0
C4Er3,0.0
C1Pd3Sn1,0.0
Br9Rb3V2,1.372
B4O7Zn1,5.8766
Al6Ca5O14,4.2198
Ba2Li1N4Re1,1.8181
H4Na1O5P1,5.2363
Pd20Si6U3,0.0
H4Mn1N2O4S1,1.9567
Cu2H2O7Se2,0.0
Dy1Ir1Si3,0.0
B1Ge1Li1O4,2.6678
K1Sb2Se6Th1,0.6583
Al1Ti1Zr2,0.0
Al2Au2Th1,0.0
Ca1Cd1Sn1,0.0
Ba1Mo1O6Se1,2.9897
As1Ce1F1O4,2.0198
H4N2O8Zn1,3.4330000000000003
Ag3Ca5,0.0
Dy5Ge10Ir4,0.0
Ga1Ti1,0.0
H10Mg1O9S1,4.8611
Hf1I4,3.2442
Al1H1Na2O9Si3,4.6946
Li2Mo4O13,2.2748
As2Nd1Rh2,0.0
Fe2O7Sr1Tb2,1.3155
Lu3.94S4.0582,0.0
As2Ga1K1O7,2.7079
C1Fe2Mo4,0.0
C6Cd2N6Os1,2.6138
S14,2.4952
Ga1Mo4Se4Te4,0.0
Na1O4Rh2,0.0
Mg3O12Si3V2,0.0
Fe1P1Se1,0.0
Ge1Li2Pb1S4,2.2643
I10Pt1Y6,0.6078
O9Se2V2,2.0022
Ga1In1O5Zn2,1.8921
Na10Sn12Sr1,0.6649
Cr1F6Sr1,0.0
Hf1Re1Si2,0.0
Pt1Sn1U1,0.0
Hf1S5Y2,1.2252
Ge1Te4Zr1,0.2983
Pb1Sr1Zn1,0.0
Mg1Rh1,0.0
Fe1Na1O8W2,2.4672
Br2C2Gd2,0.0
Ga6La1Pd1,0.0
As1Pd1Tb1,0.0
Co1I2,2.1217
Al1Li1Na2P2,1.8851
F2H2N1P1,4.81
Br4S9V4,0.0
Ge6Ho2Ni1,0.0
Cu2Li1P2Tb1,0.0
In1Pt2Y1,0.0
Fe1Na1O4Ti1,1.8954
Al1C1W2,0.0
Bi1Cl6Tl3,2.6576
Fe1Nb1Si1,0.0
Nd1Ni1Sb2,0.0
Ba2Br1N1,1.1368
Ba2Fe1Ge2O7,1.2673
Cu3Sb4Tb3,0.2379
Hf1Mo1P1,0.0
Mo3Na1Se3,0.0
Cd2Mn3O8,1.7399
Na2O7P2Pd1,2.3723
Co1Ge1V1,0.0
Ce1Cu1Ge2,0.0
Au6Rb4S5,1.9379
Cr1K2O4,3.0546
C4Cl1N3,4.3243
Co1P1Zr4,0.0
B1H1K1O9P2V1,1.6983
Cu1O7Si2Sr2,1.8564
Al3Si2Y2,0.0
Au3C6K1N6Ni1,2.8314
C1Ga1Ho3,0.0
La1P1Pd1,0.0
Er1Ge2Ir1,0.0
Gd2O2Te1,1.0975
C1Eu2I3Li1N2,3.0492
Cu1O6Te1Tl4,1.4112
B1N2Na3,1.6905
Cl15Ni1Zr6,0.0
Ce1Ir2Zn20,0.0
Be2F8K2Sr1,7.1659
Bi2Mg2Yb1,0.1812
La3Os1,0.0
Ga5W2,0.0
Al1Fe1O3,1.778
Ag1La1Pb1,0.0
H4Sn1,0.0
Cd1Eu1Pd1,0.0
Cd3Mg1,0.0
Cd1La1Pd1,0.0
Li2O3Pb1,1.0378
O10P2Sn5,2.7091
As2Ba2Mn3O2,0.0
Co2Si2Sr1,0.0
Cs2S2,1.7124
Ir1Sb1,0.0
Hf5Sb3,0.0
Ag3As1S4,0.8712
Co1O8Re2,3.0236
Br6Te1Tl2,2.1619
Bi1N2Th2,0.0
Cl5Pa1,2.4146
N1Ni2Zr4,0.0
C1Nb4Zn2,0.0
Bi2Ir1,0.0
Cl1Gd1O4S1,4.3895
I14K4La6Os1,0.0
H9P1Si3,4.1919
Ag2K1S3Sb1,2.0312
Bi1Ni1O5P1,1.6058
Dy4Ge6Rh7,0.0
Pb1Th1,0.0
Hg6O8P2,0.7065
Pt2Sn1Y1,0.0
Ce1Cs1Cu1S3,1.1479
Ga16Os7Sc6,0.0
Al1H1O10Si4,5.3893
S3Sn1Zr1,1.058
Dy2Re3Si5,0.0
F6Ga1Li3,6.3765
Au1Eu1Ge1,0.0
Al1Ti2,0.0
Ba1N8Si6,3.2569
H2O2,4.4513
C4Cs2H8Mg1O12,3.6412
I3Y1,3.0302
Cl2Mn1,3.9378
Ba1Cu2Ge1Se4,0.6798
Li1Nd1O12P4,4.2902
Co4Nb4Si7,0.0
Ce3Cu1Ge1Se7,1.2157
Ga1Nb1O4,3.676
Na2Se4,1.164
C1Cs1H1N2O2,1.0349
Ag1I3Tl2,2.6068
K1Sb1Se2,1.3902
O2Rb1Yb1,0.5713
Al1Sb3Zr5,0.0
Cu1O6Rh1Sr3,0.585
As2Ru2Sr1,0.0
B4Li5,0.0
Dy1In1,0.0
Hf1P1,0.0
Ce1Zn3,0.0
Be3F9Rb1Zn1,6.9014
Er1Ni10Si2,0.0
Al1Pd1Sm1,0.0
H2Hg2O11S2Zn2,2.1249
As1Si1Ta1,0.0
Li2Sn1Zn1,0.0
Cr1Ho1O3,2.4839
K6Mn1S4,1.8757
Ge6Os7Yb4,0.0
Cu3Sb4U3,0.0468
In2Rh1Sr1,0.0
Cu1K6O8Si2,1.7524
Ce1In2Ni9,0.0
Ru2Y5,0.0
C6Fe1N6Sn2,3.8226
In1Lu1Pd2,0.0
I7Ta3Te1,0.6922
Br1La5Sn3,0.0
K3La1P2Se8,1.5012
Ga9O2S13Tl3,2.238
P2Pb2Se6,0.0
Cl4O1Os1,1.5438
Cu2Li1Sn1,0.0
Ni2P2Pr1,0.0
Al2Ba5Ge7,0.0
Na2O10U1W2,2.9651
Ba3Nb5O15,0.0
Ag2K1,0.0
Fe4Ge2Yb1,0.0
H1Li1O3Se1,4.3051
Ag8Ce6Sn8,0.0
H2O9P2Zn3,4.045
Cl4Sn1,3.1408
Co1Ga2Zr6,0.0
C2Co3O10Se2,2.5279
Mn3O8Ta2,2.6199
Al5Cu6U1,0.0
Bi10Mo3O24,2.6967
Gd1O4P1,2.0055
As2Ba1Mn2,0.0
Cl4Cs1Li3,5.2993
Sn6V6Y1,0.0
B2Co1W2,0.0
Al7Cu2Fe1,0.0
Cu1Li1O9P3,2.1697
Ge1Mn1N2,0.7572
Nd1O1P1Zn1,1.2299
Cl6Cs2Ta1,0.0
F6K1Os1,2.5859
F1Ho3O12Se4,3.7089
B4La1Os4,0.0
Al4Ho1Ni1,0.0
B2Fe1Ta2,0.0
Sn5Yb3,0.0
Gd7Pd3,0.0
Ca1H6K1N3,2.1502
Ge6Ir7Sc4,0.0
Ga10Ni1Pr3,0.0
F2H1Mn2O3P1,4.0108
As8Ge38I8,1.0124
Hg1La1Pd1,0.0
H2O5Se1V1,2.0153
Ba1Co1O7P2,3.9793
In1Li1O8W2,3.1731
O7Ru2Tb2,0.5522
La2Pb1Pd2,0.0
Pr1Se3Yb1,0.0
H2Pd1Ti2,0.0
Ba1Br2H4O2,4.3742
As2O4,3.3407
Ca5O12S1Si2,4.4455
Co14Ho2Mn3,0.0
I1K3O5,1.2544
Cu1Ga3K2Se6,1.3238
C30H34N2Ni10O18Sb2,1.5103
Co1O3Se1,3.1938
Ca7.9624,0.0
As1Cu1Ge1Hf1,0.0
F5H4Mn1O2V1,0.0
Fe1O13Te6,2.1163
F2Na1Nb1O2,3.3310000000000004
Ge4Nb3Zr2,0.0
O3Rb1U1,2.9093
Al1Hf3N1,0.0
Cl1Ho1O3Se1,4.367
Fe5P3Yb1,0.0
Cl1Mo1O5P1Rb1,1.3645
Dy1Hg3,0.0
Ir3Sc1Si7,0.0
Ga1P1S4,2.2749
Cd45Y11,0.0
Ag1H4Mo1N1S4,1.4645
Ag1Au1Te4,0.0
As1H1O5Zn2,2.6431
C4H13N1O6S2,3.067
Ce2Hf1S5,1.0254
La3O8Re1,1.9592
Ge2Os2Th1,0.0
Cl6Tl2W1,0.0
Ir1P1Te1,0.902
Cu1F7Hf1K1,2.1899
Be1Pd3,0.0
Ga3Ni2Ti4,0.0
Ca1Na2O12V4,2.9058
K1O5Sb3,3.1227
Ba1O1S1Zn1,2.4189
As1Be1Cs1O4,3.8815
Ba3Mg1O9Ta2,3.39
As4Cs1F13,5.2727
K1Zn13,0.0
Ce5Sn3,0.0
Er5Pt4,0.0
Ba3Ga2Ge4O14,2.2336
Al3H1O13Si3Sr2,4.9049
B4Ho2Ni1O10,3.5555
F11La1Zr2,5.7779
La1Mn1Si1,0.0
Ag1N1O5Te1,2.3046
F3H6O3V1,1.383
O12Sb5Yb3,0.0
As2H8O12Zn3,3.2586
In1Pd2Sc1,0.0
Au1Rb1S1,2.1314
H4Mg7O24P6,5.1085
Al14Mg13,0.0
N2Te1Th2,1.2507
Al6O16Sr4W1,3.6101
N3W2,0.0
Cd1Li2Sb1,0.0
Ba1Pt1Sn3,0.0
P3Pr1Si1,0.3205
In2Rb6S6,2.2943
In5Pr1Rh1,0.0
Ag1Co1O4P1,2.5261
Al1Co2U2,0.0
Ag2C4O4,0.9228
As8Nd4O18,3.2779
Si3Tb2,0.0
B6Li2O10,6.3696
Al12Dy5Fe4Mg5Si6,0.0
Al3Na7O8,2.8136
Cl1Nd3O8Si2,3.8505
F7H1K2Ti1,5.2318
H1N1O7Te2,2.1345
Dy2H4O12S3,5.1342
Ba1Ga2Se4,1.8637
Ca7.9776,0.0
Ba2Fe3H1O22P6,2.3744
Rb1Sm1Te2,0.0
C60K6,0.5895
Ag1F6Ta1,5.2663
Fe1Hf9W4,0.0
Al1In1S3,2.4267
Li1S2Yb1,0.0
Cu2S2Yb1,1.1116
Ba1I6U1,2.19
Cu3Pr3Sb4,0.0982
Ho1Te2Tl1,0.6348
Au6Dy1,0.0
Cs6Ga1K3Sb4,0.6397
Ni7Th2,0.0
Bi1Se1,0.0
Se3Sr1Zr1,0.1563
Ge2La3Ru2,0.0
Co1Cu1O2,1.5171
Cr1Eu1O6Te1,0.0
Al1As4Ca3Na3,0.9266
Ag2C4Cs1Cu1N4,2.6860000000000004
Au1C1Cl3S2,1.959
I1Nb3.33Se13.32,0.0
Cl2Co2O3Te1,2.9954
Be4Na1O7Sb1,3.3887
Cd1Cl1O15Tl4V5,2.1366
Dy1Na1Se2,1.8502
As2Br1La3O7,3.1326
Cd1In2O4,1.0814
Ca19In8N7,0.0
Ca5Fe1Pb3,0.0
Be3Mn4O12S1Si3,3.1406
Cu1H6O5Sr1,2.174
Ba4Ge20Pt3,0.0
B6La3Ru8,0.0
Ho2Rh3Sn5,0.0
Ba2Mn1Mo1O6,0.0
Br3Li7O2,4.2278
Si1Yb1,0.0
Ho1O6Re1Sr2,0.0
K1Na1O7S2,5.2146
Ca3Ge13Ir4,0.0
Cu1Hf1S3Tl1,0.9845
Ca2Cr4O16P4,2.3455
Al2Ca1Cl8,5.4184
Ba2I2O1,3.0319
As4Mn5,0.0
B3F3Li2O4,6.5274
Au1Ca3,0.0
Cu1Pr3S7Si1,1.6288
Os0.67W1.33,0.0
H4Mg3O5,3.5684
F1H5N2,5.4503
Mn2Mo1P12,0.3047
Hf1Rh1Si1,0.0
Ho6N2Se6,1.5308
Br1H4N1,3.9641
Al2Cl1F25Sr10,6.4202
Ge1Pt1Y1,0.0
Ca1Pd5,0.0
Dy2O7Ti2,3.2411
Cl1Cu1Se2,1.0328
Ba2Ho1Nb1O6,3.0915
Au4Ti1,0.0
Cl9Cs1Mn4,4.0665
Cl1La1Te1,0.5398
O6Sb2U1,2.2533
B1Ba2Cl1N2,2.75
Ba2Nb1O6V1,0.0
Co1Er2Ga8,0.0
Al5W1,0.0
Bi9Mn4Yb9,0.0
Au5K1,0.0
C1H2O2,4.8378
As2Cd2Eu1,0.0
H4Hg1O6Te1,2.1434
Na2O11Ta4,3.6652
La1N3O6,2.2466
F1H7N2,4.8753
Ba1Ca1Pb1,0.2191
Al4Bi2S8,2.6265
Ga1Ni2,0.0
Pr3Tl5,0.0
Al2Ca3F8H6O8S1,5.7331
Cu1Hf2Si4,0.0
Cl4H18K1N6O8Os1,0.0
Cs1Cu4S3,0.0
Br11Cs1Nb4,0.7424
Ca7.968,0.0
Hf1Ru1Si1,0.0
Ag8O4S2Si1,0.0
Be1K1O9P3,5.5436
Mn1Na1O6Tb1W1,2.4042
H4Na2O10Se2Zn1,3.1974
Ba2Br1H3,2.1333
Cu1H4Na2O4,2.116
Cl1Na9O16P4Zr1,3.974
I1Lu1O1,3.2485
Co1F6Sn1,2.6952
C1H3K1N2O1S1,1.1849
As2Hg1K4,0.7129
Hg1O4Se1,0.8317
As7Ho2Ni12,0.0
Ba2Cu3Dy1O7,0.0
Dy6Fe1Te2,0.0
B3O9Sr3Y1,4.4735
Mg1Sn1Yb1,0.0
Ni1Se17U8,0.0
Co1Se4Ti2,0.0
In1S2W1,0.0
Ag2K1P1S4,1.6002
H9K1Na1Re1,5.4007
Au1Ca1Sn1,0.0
Mn6Sc1Sn6,0.0
Co1Ni1O12P4,4.0704
Br12Mn1Tb7,0.0
Be3Ru2,0.0
Pt1Sb1Sc1,0.3973
Cu1F20Sb2Xe4,0.0
Mo1P1Zr1,0.0
As3Ba3O1Ta1,1.0958
B6Ni3Tb2,0.0
N1P3V5,0.0
Li1P1S4Zn1,2.6978
Ba1Mn1O4Rb1,1.7766
Ca1O4Te1,2.2626
B1H2Li1,0.8575
C4Cd1H16N8O8Re2S4,2.4617
O14P4Pb1Pd1Si1,2.662
Al1Ni2Pr2,0.0
F10Pb3Zr1,4.6677
Cd1Gd4Ir1,0.0
In5Rh1Yb1,0.0
As2Eu1Fe2,0.0
Ir1Te1,0.0
Ce1Ge3Ru1,0.0
Li6O7Tb2,1.3889
Cu1Na5O2S1,1.8241
Ba2Cl1P1,1.2476
Cr1Ho2S4,0.5202
H6O5Sr1Zn1,4.0095
B4Tb1V1,0.0
Bi2Ge3Te6,0.0
B1Ce1Pd3,0.0
O15S2Sb6,3.2348
Co1Ga5Ho1,0.0
Cl1Hg2O12Rb3S3,2.3708
Br6Pb4Se1,1.8822
Dy2Ni7,0.0
Cu1Fe1Se2,0.0
N1Pa1,0.0
Ca3Co1O6Rh1,0.7303
In2O7P2,3.7699
O6Sb4,3.3449
Al7Au3Ce1,0.0
Ca1Fe1O6Ti2,1.6566
Br3C1Eu2Li1N2,2.7703
As2Ba1Cr2,0.0
Li1Rh1Sn4,0.0
B1F22K3Na4Si3,6.8731
C2Hg1N2Se2,2.1723
F1H4Li1N1O3P1,5.2332
Be3Cd2F12Rb2,5.3934
B2F9Ho5O6,5.9636
Ag1Mg2Sm1,0.0
Ag3Mg1,0.0
Ba2Mn8O16,0.0
Ba1N2O2Si2,3.0053
Ag1Au1Zn2,0.0
Ge1Mn1Y1,0.0
Al20U1V2,0.0
La1P1S1,0.2343
C3Er2,0.0
Ag3K1Te2,0.5523
Cl6Rb2W1,0.0
Br2O5Sb4,2.3734
C10Co1H14N8O2,0.0
Ho1Rb1Se2,1.9617
K2O3Zr1,3.6224
Al4C1O4,3.816
C1Rh3Sc1,0.0
B4Mo1U1,0.0
Cd2Pr1,0.0
Ca2Cu1Fe1O3S1,0.8059999999999999
O24P6S1Sr10,3.5104
Cr1Ni1O4,2.0103
Ho1Tc2,0.0
C10Co4O10S2,1.2985
Br1Cu1La1Nb2O7,0.0
In9K1Ni2,0.0
Ca1Ga1H4,0.0
Cd2F1O4P1,2.5093
Ca3N1Sb1,0.0
C2F5O4Rb1Sb2,3.0703
Ce1Pd5,0.0
Al7Cu16Er6,0.0
Li2Mg1Pb1,0.0
Cs2F6Na1Sc1,7.0691
Mn2Mo3O8,1.4726
Eu2.667Mo4O16,0.0874
F6Ni1Rb2,2.3061
Au3K2,0.0
Al1Ni1Th1,0.0
Cu1Pb1Y1,0.0
Yb1Zn13,0.0
Ge13Rh4Y3,0.0
O6P1Pb1V1,2.3151
C6Gd1N9,3.5556
Al3I1Te3,1.9677
C2I3N2Rb1,3.2014
As2O13V4,1.3731
Cl4Cu1H4O2Rb2,1.6462
O1Te1Th1,0.3956
Ag5Cs1Se3,0.2201
Mg1Sn1Sr1,0.0
Ir3Yb5,0.0
O2P1Zr3,0.0
In1K2Na1Sb2,0.5985
C18Er10Mn13,0.0
Ca1Cs5F15Ni4,4.7881
H40N2Ni2O44V10,1.558
Rb1Se6Th2,0.0
Ca2H4Mn1O10P2,4.1674
Ga3Hf2,0.0
Pb2Y1,0.0
As1Pb2Pd3,0.0
Ba2Dy1Ga1Se5,1.6826
Ni4O12P3Tl1,2.1295
C3H20N4O10,4.7879
Cl11N3P4,2.5647
Cu2Ge1Se4Sr1,0.8534
Ba1Mg2Si2,0.0
Lu1Tc2,0.0
Ho2Se4Yb1,1.1012
Nb1Zn16,0.0
As1Bi1Ni1O5,3.029
Hf7Ni10,0.0
Cl3Cs1Li2,5.249
F6Ti1Tl3,0.0
Er2Fe1Ga8,0.0
C16H48N2Ni1O14S8,2.2172
F6Sb1Tl1,4.3609
Pa1Pt3,0.0
Cl4Tc1,1.8113
Al1Li1S2,4.1110000000000015
As12Nd1Os4,0.0
Cl1Se2Tl5,0.5371
Mn1Na1O6Si2,1.4419
F6Hg2Ni2O1,0.8455
Al12Ru4U3,0.0
Cl5K2Sb1,3.239
Ba1Co1Ho2O5,2.7926
Ir19La5P12,0.0
B2Ca1Ir2,0.0
Sb10Sr11,0.0
Mn2Ru1Sn1,0.0
Ba1Ca1Si1,0.1816
Bi2Pb1Te4,0.4927
Cl3N1Nd2,2.7735
Cr2Ni1,0.0
Fe1Ni2,0.0
Rh1Yb1,0.0
Mn2P12Ti1,0.3636
Ni2Zn11,0.0
Br1N1Zn2,2.1155
H4Hg3O11S2,1.7352
C2H4O6V1,2.6418
Co1Si1Ta1,0.0
Be5Pd1,0.0
Er1Li1Sn2,0.0
Ge6Mg1Ni6,0.0
Ni1O12Re2Sr4,1.9631
Eu2O7Ta2,0.0
Ni4O8Sr1,0.4057
Pb1Yb2,0.0
Ga1Pt1Ti1,0.0
Ga7Pd3,0.0
In2Li1Ru1,0.0
Cu4Dy3Si4,0.0
Gd1Mg1Pt1,0.0
B1Ni1Ta1,0.0
Al1Y1Zn1,0.0
K1O9S2V1,1.7601
Al1Co1Dy3S7,1.4199
C7Ho4,0.5769
Er3Fe5O12,0.0
Cl6Nb1O4Pr3,3.2629
Br2H12Sr7,3.7101
Cl3Mn1Tl1,3.8968
Fe1P1V1,0.0
As1Cu1Mg1,0.0
F6O1W1Xe1,3.1326
Al16Pd7Ti6,0.0
Hg7O10P2,1.4984
Au1K2P1,1.2094
Ni4Sc3Si4,0.0
C2O4Tl2,2.8587
K2Mg1P2Se6,1.9667
Cl4Cs2Yb1,2.8386
Ca1N2,0.0
F6Ga1Li1Rb2,6.1612
Ba1Ce2Co1S5,1.261
Ba1Co1Nd2O5,1.8392
Cu2Fe4S7,0.7222
B2Ni7Tb3,0.0
Ba3Li1O9Os2,0.0
Au1Li1Mg1Sn1,0.0
Ir1P1Se1,1.5084
Cs1K2O8P2Yb1,0.2336
Cl1Nb3O7,2.218
P3Sc7,0.0
Al1Rh1Th1,0.0
As2Ga1Li1Na2,0.7295
Hg1K2Se4Sn1,1.3881
C1Ga1Nd3,0.0
Cd2I7Tl3,1.7785
F6Mg1Rh1,1.2139
Cr1La2O6,2.0339
Cd1Dy2Te4,0.0
N2Si1Zn1,3.8261
Hf1Re1Si1,0.0
Cs9Fe1O4,0.0
Hf2O7Y2,3.3362
Cu2Ga1Sc1,0.0
Bi1Gd1Pt1,0.0
Bi1Cu1,0.0
Br15Fe1Th6,0.0
Dy1Se2Tl1,1.26
C6H18Re1,0.0
As1Ca2,0.0
K2Li1O4V1,3.961
H8P4Si1,3.7732
Cu1F16Sb2Xe2,1.8119
O3Tl1V1,2.9584
Al4Mn13O28Sb2Si2,1.1006
Cr1F5Rb2,3.3277
I2O6Zn1,3.1925
Ca10.7184,0.0
Cl2F2N3O2P1S2,4.7913
Cl2F1Tb1,4.8604
Be2O10P3Rb1,5.6184
As4K7Ta1,1.0575
Ag1Ba2In1S4,1.907
Cs1Nb1O8P2,3.4378
Lu1Ni2Sn1,0.0
Fe1H6O6P3,2.6227
Ge3Ho1Ni1,0.0
B4C2Ca4H6Mg1O18,4.2177
B2Fe2H2K2O18P4,2.4431
C1Ru3Sc1,0.0
Cr4Cu1Fe1S8,0.103
O5Pr2S2Ti2,1.5113
Cs2F6Tl1V1,0.0
Al43Mo4U6,0.0
Ag1C2H2N3O1,3.4964
Pd1Sm1Sn1,0.0
Co1Si3Th1,0.0
Mn1Pd2,0.0
Ag1Br2Cs1,2.6038
Ca1Mn1Sb2,0.0
Ba6P6Sn2,0.7749
C1La2O5,3.9521
Pt1Rb2Te2,1.156
Mg1Pu2,0.0
Mo4Na5O16Y1,3.8128
B2O5Th1,5.0628
Cd1Mo6S8,0.0
Fe3H6O14P1Pb1S1,0.7685
In6O12W1,1.9624
Ce2Mn1N3,0.0
Co3N1W3,0.0
O5Te2Tl2,2.2792
B2C1Ir2La1,0.0
O3Ti1Zn1,3.5033
Rb1Sc5Te8,0.6774
In1Pb1Rh3S2,0.0
H1Ni1,0.0
C2Gd1Ru1,0.0
Ag1As1Hg1S3,1.7375
As1Na1O2,3.5858
Ge1Nb1Sb1,0.0
Cr1I1K1O6,2.6262
Cl1H4Na1O6,5.1833
B3V2,0.0
Au1Mn3,0.0
Cl1H12N7P2,4.6517
B2Rh5Sc3,0.0
O7P2Rb1Ti1,3.0467
As7Ca4Ir8,0.0
Al20Cr2Pr1,0.0
C4Hg1N4Se4Zn1,2.3198
B4Gd1W1,0.2119
Au3Lu1,0.0
P2Pd3S8,1.8123
Au5In1K3,0.0
Ba1Co1Pr2S5,0.0
Cu1Mo6Se8,0.0
K1O3V1,3.0339
Gd2O2Se1,2.2513
H9N2O4P1,4.9314
Au3In3Sr1,0.0
Pb4Y5,0.0
La1Pd1Tl1,0.0
Ba1Co1Gd2O5,0.0
Cr6Ni16Si7,0.0
Er7I12Ir1,0.3699
Hg3K2S8Sn2,1.3086
Cu1Ge1O3,0.0
Ba1Ni1O5Pr2,0.0
Ag1Ba1Te3Y1,0.8351
Ge13Nd3Os4,0.0
Br1La3Te4,0.0189
Mo1Pt2Si3,0.0
Pt3Tb5,0.0
Ca1H2O8Si2Zn2,3.9617
Ba1N8O1Si6,4.2197
Mn12Th1,0.0
Al1Ni0.33Ru0.67U1,0.0
Ca1In4Ir1,0.0
As1Hf9Re4,0.0
Pt1Sb1Sr1,0.0
Dy6Zn23,0.0
K1Li1O5Si2,4.6987
Ni1O2Rb2,2.5506
As1Br3F6Te1,3.0780000000000003
Br2Mo6S6,0.0
Al3Y5,0.0
Ca1Cr2Cu3O12Sb2,0.0
Cl6H4N6S6Sn1,1.9629
Au4Ho1,0.0
O6Rh2U1,1.4152
B6Pu2Tc1,0.0
C22Co6O18,1.7655
Cd4O15Te3V2,1.8085
C2N2S2Zn1,3.9045
Au1Dy1Pb1,0.0
Cl1N1O1,1.931
B8Ca2H2O15,5.5727
Al2B2Cs2O7,4.2219
Al3B2Ru4,0.0
P2Ta1,0.0
Al6Dy2Pt1Si4,0.0
Ba4Cl2N4W1,2.2169
Ag5Cd8,0.0
Cu1O9Se3Sr2,1.7329
As2Cl3F5O1,3.2887
Rb6S7Sn2,1.9162
Cl1H2O2Tb1,3.9558
Cl1Mo1O4Tb1,2.6571
Pr1Te3,0.0
Hg9Li6Sr17,0.0
Cl14Nb6O4Ti2,1.0729
Cs1Fe1I4,1.2202
Bi1Cl6Cs1K2,3.9221
Al3H14Na5,2.6021
As1Ce1O1Ru1,0.0
B1F4H3O1,7.5407
Li4Sb4Sr3,0.0
Pt1Sn1Ti1,0.6452
Nd2O7Ti2,3.218
As1C1V2,0.0
O12Rb1Se2V3,2.3269
H1Mo1O9S2,2.2669
Lu1Ni1P1,0.0
Ag1Li2Sb1,0.4115
Er5Pt3,0.0
Pd1Pr1,0.0
Cr2P1,0.0
F2Hg1,0.9695
Cd2Eu1Sb2,0.0
Dy5In4Pd2,0.0
P3Rb1Zn4,0.491
Ag1Gd1Pb1,0.0
Mn1O3Tb1,0.0
Ba2Co1O4,1.6055
Mn3Si3V2,0.0
Ag2Ba1Ge1S4,1.0101
Ca7Ge3H3Li1,0.7159
Ag1C5F3H8O2S2,3.5772
Ba1Ca1O4Si1,4.379
C1F2Na1O3Yb1,0.4325
Co1F12O4S2Sb2,3.3249
Fe2K6O5,1.3047
O12Si6,5.697
Eu2Mn1O7Si2,0.0
Cl11K1Nb2,2.4133
Co1H8O16P4Tl2,0.0
Dy3Ge13Ru4,0.0
Nb2Se4Ti1,0.0
Ba1Co2Ho1O6,0.0
Bi1K3Te3,1.5075
Fe1La4O1Se6,1.5565
Hg2O7Ru2,0.0
Cd1F6H12O6Sn2,4.5293
O6Pb2Re1Tc1,0.0
O7Ta1Y3,3.68
F6Li1V2,0.0
As2K4Zn1,0.7121
C2H6N2Rb2,3.7488
N2Pd1S6,1.3129
Al1F6Li3,7.9004
Al2Cl8Mg1,5.2512
Ga1La1Pt1,0.0
C4N4Pd1Tl2,3.6863
C2La1Rh1,0.0
Ce1K5N12Ni2O24,1.0516
B2Ir3U1,0.0
As4Nb7,0.0
Lu2O7Sn2,2.1098
I2K1O8V1,2.4676
Al1F5H10N2O1,6.1206
Ba1Ge1Ni2,0.0
Cu3Er3Sb4,0.3048
F2Sb2Se4Sr2,0.1373
Au1H3Ti3,0.0
C4Cd1Hg1N4Se4,2.1954
As2Mn1O6,2.0399
Ce2Pd21Si6,0.0
Cl1Gd1O4W1,3.2561
Al1Co1La3S7,1.6106
Au1Cl1O1,1.0999
Br4Cs2Re6Se8,1.4832
H1N1O4Zn1,1.9511
Co6Sn23Tb7,0.0
Rh1Sn1Th1,0.0
Cr1Mn2O9Pb2,1.6629
Eu1Rh2Si2,0.0
B2Os1Y1,0.0
Li2Tl1,0.0
Au2Eu1,0.0
C2K2N4O8,1.9917
Au3Rb2,0.0
Se4Sr1Tb2,1.4272
Li5O4Tl1,1.6597
As5K6Sn3,0.537
Ba1H2Ni3O10V2,2.6669
H16O20S3Y2,5.4213
Cu3Te4V1,0.7031
In2Te4Zn1,0.9338
C3Hg1K1N3O3,3.2462
Ho1Rh2,0.0
Ag1Lu1Si1,0.0
Dy1P1S1,0.2952
Co6Ge6Tb1,0.0
Ni1Pr1Zn1,0.0
Li7Si2,0.0
B4C1Dy2,0.0
B3Na3O9Sc2,3.6887
In1Ir1Tb4,0.0
Au2In4La1,0.0
Al2Ge4Sr3,0.0
Er1Fe5P3,0.0
Ho3Ru1,0.0
Au1C4H2K1N4O1,4.2465
B2Ho1Rh3,0.0
As1S2,1.3229
Dy2Pb1Pd2,0.0
C4Cl2Cs2N4Pt1,2.7812
Pd2Zn1,0.0
Ir1Si3Sm1,0.0
K2La1P2Se7,1.4137
Cl6Cs2Zr1,3.6438
Al2Ge1H2O6,3.8321
Ir3Si5Y2,0.0
Cu1I1P4S3,1.7888
Ga2Th3,0.0
K1O12P4Pr1,4.7009
C1Cl3Gd3,0.0
H10Mn1N1Na1O10P2,4.0143
Co1Na5O2S1,1.8669
Gd1K1Na1Nb1O5,3.3952
Ba1Co1Eu2O5,0.0
Ba3Cl2O5W1,3.6022
Co2Ga8Yb1,0.0
Ag1Cs1F3,0.5421
H1O4Rb1S1,5.3157
Ag1Br3Cs2,3.1994
Ag2C4Ca1H4N4O2S4,3.3878
C2H7N4O5P1Zn1,4.1141
C1Cu1H1O4Tl1,1.6217
Ba3Dy1O9Ru2,0.5992
Cr1Se2Tl1,0.0
B1Br1N2Sr2,2.3988
Cl2Mn3O8Sr4,0.0
C2H6K1N1O4S2,5.3063
Ge1Rh1Te1,0.2834
Cu1Pb1S3Y1,1.7759
Al1Co1Ti2,0.0
B2H6Mg1O7,5.4584
Na1O2Pr1,0.0
N2Pb1S2,1.3818
O7V2Yb2,0.0
Er3Ga2,0.0
Cu2Gd1O8Ru1Sr2,0.0
B2Lu1Os3,0.0
In1Pd1Th1,0.0
Mo12Rb2Se14,0.0
F4V1,1.9087
Ba1C1Cu1F2O3,1.7198
Ge2Rb4Se6,1.4405
Ru1Yb1,0.0
B2Fe2K2O7,2.4886
Cl1Cr1Cs1O3,2.7763
Be17Ca12O29,3.6627
Mo5O16U1,0.1959
Al3B6Ni20,0.0
H2Hg1O5Se1,1.4947
Br10Gd6Ir1,0.0641
Bi2O11Ti4,2.3574
Er1Ge1Li1,0.0
Cu1Ni1S3Sb1,0.8773
F6Rh1Sr1,0.0
Eu1O4S1,3.5812
Ge2Hf3,0.0
Ag1Ce1Sn1,0.0
C15Os5Tb12,0.0
Br2Ti1,3.5821
Cs2Li1O4V1,3.9652
F6H12Mn1O6Ti1,2.4272
Cl2Cu3H6O6Zn1,1.4968
Lu1Pt1Sb1,0.0
Dy3N1S3,1.4308
H1Na3O9P2V1,0.6195
Na1O6Rb7Zn2,1.7175
I3Nb1,0.0
Al1F3K2O4S1,5.7776
Ag1Ba1Er1Se3,1.4208
Pd1Se6Ta2,0.0
Gd1Lu3S6,0.1191
Cl10O12Si4Y6,4.548
Nb1Rh1Si1,0.0
Cl8Pd8S8,1.4328
Pr1S6Y3,1.0175
Ba8H2O1Sb4,0.6445
Ce2Ge3Li2,0.0
Cu3O19Ta7,1.6288
Nb3O10Rb1Sr2,1.7664
Br1C1K1N2O4,2.1034
Ca1O4Yb2,0.0
Ru1S1Sb1,0.9526
Cs1Hg1N3O6,0.0
Mn2O7P2,3.2984
Au5K3Pb1,0.0
Ba1Pt1,0.0
H2Li1O2P1,5.3127
F2Mg1,6.8376
Er2Ni7,0.0
B2C1Nd1Ni2,0.0
Cd2Nb2O7,2.0808
P2Si1Zn1,1.3681
Ce1Pt1Sn1,0.0
Al2S4Zn1,2.4692
Li2O3Zr1,3.7392
Cr1Sb2,0.0
Pr1Zn1,0.0
N2O1Si2,4.9458
Cu1Pr1Se3Sr1,1.0641
K2O6S4,3.792
O3Sr1Ti1,2.3866
La1Rh3,0.0
Al1Pt1,0.0
Mo3N1Pt2,0.0
Ag2Er1In1,0.0
Sr1Te1,1.7634
Fe2Nb1,0.0
Ca1Cr1F6Li1,4.0446
O3V2,0.034
O4P1Ti1,3.2731
Fe3O4,0.0
H13Mg1O9P1,5.5982
O4P1V1,1.602
Cu1F2,1.7376
Se1Sn1,0.6424
In3Sr5,0.0
Be6Cd8O24S2Si6,2.9811
H2K1La1O9S2,5.6065
Co2Nb4Pd1Se12,0.0
H6K2O6Sn1,3.2671
Ag3As2K3,1.3646
Cu1In1O2,0.4399
Cr1,0.0
Al2Y1,0.0
Gd1Ge2Pd2,0.0
Mn1O4W1,2.5278
Pu1Rh2,0.0
Ca1Si2,0.0
As2Nd1Ni2,0.0
Fe2O7Sr3,0.0
Ca1O3Si1,3.6805
Nd1Rb1S2,2.2706
Ce1Li1Si2,0.0
Bi1Ce1,0.0
K1O4Sr1V1,3.8429
Al6Ca4O13,3.9459
Na1O5P1V1,1.1107
Al3Er1,0.0
Ni1,0.0
Rb2Te1,1.7238
Sb3Zr5,0.0
Al1As1O4,3.8743
Cr1H18I7N6,1.0893
Ni2Th1,0.0
C3Th2,0.0
Ge2Pd2Th1,0.0
Al2Hg1Se4,1.4349
Gd1Sb1,0.0
B1Nd1S3,2.063
O64Si32,5.5495
Sb2Tb1,0.0
Dy2Se3,0.3643
O5P2,5.5353
O3Sr1Zr1,3.5484
Ca1Ga3Ni2,0.0
Be13U1,0.0
Te2U1,0.0
Be2C1,1.1657
Ag1Si1Yb1,0.0
H10O8Se1,3.9617
As2Sn2Sr1,0.0641
Cr1Sb1,0.0
La3Ni2O6,0.0
Nd1Ni1Sn2,0.0
Ca2I1P1,1.6869
Cl5K1Pb2,3.6311
Cu1O5Te2,1.5024
Bi1Ni1Tm1,0.0
Ba4Cu6O13Y2,0.0
F1K3O4Se1,3.8367
O3Y2,4.0595
As12Os4Th1,0.0827
Ge1Pt1Se1,0.5485
Ba1Ce1O3,2.8613
C4Er2Fe1,0.0
K1S1,0.0
Ca3Co2O6,0.0
Co3Si1Ti2,0.0
Co3Ga2Tb1,0.0
Al3Ta1,0.0
Fe1Ge2,0.0
B5Ca1Na3O10,4.4258
F5K2Ti1,3.1711
Cl6Cs2Mo1,0.0
Sn1V3,0.0
Cs3O4P1,3.5551
Cl1H1Hg1O4,2.0452
K7O24S6Ta1,3.7466
Na2O7P2Zn1,4.418
In5S6Tl1,1.0164
Co3H2Na1O12P3,3.753
C3N6Yb2,0.0
Mn2Zr1,0.0
Sr1Zn2,0.0
Cl12Re1Te2,2.0962
Si2V1,0.0
Mg1O4V2,0.0
Al0.67Nb1.33,0.0
Ca1H12N2O10S2,4.7599
Al1O4Si1Tl1,3.5245
O3P4S6,3.2058
Dy1Fe2Ge2,0.0
Mn2S4Zn1,0.0
B4Er1Fe1,0.0
Ge2La1Mn2,0.0
Ga1Nb1Ni2,0.0
Cl5Cs1Pb2,3.8332
Cr1Te1,0.0
Al3Pd2Sm1,0.0
As2Ba2Mn2O1,0.2731
Al1Ru1,0.0
Ba1Pt2,0.0
Cd1Se1,0.6384
Ba3Cu2O10Pt1Y2,1.52
As1B1,1.2022
Ni1Si2Tb1,0.0
Au1In1Tb1,0.0
In3Pr1,0.0
Cr1Sb1Se3,0.8504
C1Cd1O3,2.78
Ni16Si7Ti6,0.0
Cl3Pr1,3.0313
H2Zr1,0.0
Ge2Hf1Rh1,0.0
C1Nb1,0.0
Li7Sn3,0.0
B1Li2Pd3,0.0
Sn3Y1,0.0
Mn1Rh1Sb1,0.0
Mn0.25S2Ta1,0.0
Ga2O3,2.6523
Zn1,0.0
As1Sn3Zr5,0.0
Al3La1Pd2,0.0
Cu2Se1,0.0
As1Ba2Fe1O3Sc1,0.0
K1Sb1Zn1,0.5199
Al1C1Ti2,0.0
C6H18O6P3Ru1S6,0.0
C4Co1Na1O4,3.831
Fe2Zr1,0.0
Al20Cr2Yb1,0.0
H1Li2N1,2.5946
Dy1O8Rb1S2,5.6761
As4Si2Sr3,0.9058
O2Pr2Se1,2.0568
As1Dy1S1,0.0771
Ba1H9Re1,0.6895
Cr1Li1O4Rb1,2.9755
Cd1P2,1.4497
Ge3N4,1.8125
Nd1Te1,0.0
Pt1Se1Si1,0.8921
I12Ru1Tb7,0.0
Si1,0.7852
Co3Cr1,0.0
Cl3Ti1,2.6867
Fe1O1P1Pr1,0.0
Mn1Pd2Sn1,0.0
Al2H4O9Si2,4.9265
Cu2Ge1Hg1S4,0.2554
Li2S1,3.3856
Sb4Ta5,0.0
Tl1,0.0
Al3Si2Tb2,0.0
Ge2Ru2Y1,0.0
S3Yb2,0.0
B3Re1,0.0
Ni10P6Sr1,0.0
F2O3Os1,2.3557
Cl2V1,3.4360000000000004
B1C1Ca3Cl2N1,2.1663
Na1Nb1S2,0.64
O7P2Ti1,3.0926
Er1Se1,0.0
H2Li2O5S1,5.5872
Gd1P1,0.0
Al1Mo1O7V1,2.2922
Ir2Si2Y1,0.0
Al1Lu1Pd1,0.0
Cd1Ge2Nd2,0.0
Ga1Hf2,0.0
Kr1,7.1848
N1Tb1,0.0
C4Sc3,0.0
Ba3Ni1O9Ta2,3.4985
Ce1Fe2Si2,0.0
As1Fe1Ni1,0.0
C1O2,6.4682
In4Sr1,0.0
Er3Fe1Si3,0.0
Ho1Sb1,0.0
C6H8Ho1K1N6O4Ru1,3.8882
K2O12Sr1V4,3.0231
B1Cl1H4Na2O4,4.6316
C2Y1,0.0
Mn2O5Y1,1.3202
Cs2Cu2H16O26P6,0.0
Ga2Te4Zn1,1.109
B1F8N1,2.9001
In2Pt1Yb1,0.0
Er1In2Ni9,0.0
Ag5O6Pb2,0.0
Ca1O3Pt1,1.6197
F6K1Rb2Y1,5.7707
Cl3U1,2.6915
Au3Zn1,0.0
Ge1Ru1Tb1,0.0
Se2Sn1,0.5431
F1Ho1S1,1.3015
B1N1,4.2351
Pr1Rh2Si2,0.0
Ho1Te2,0.0
Cu2S3Sn1,0.0232
Ga2Mn3Si1Tb3,0.0
Cu1Hf1Se3Tl1,0.5625
C6Cr23,0.0
Fe1H2O6P2Rb1,2.0625
Cu3Nd3Sb4,0.0218
Ca7.8856,0.0
Ge1Mn1O5Pr1,1.5206
Al1Rh1,0.0
F6Fe2Li1,1.2167
Mg2Si10Sr11,0.0
As1Na1,0.7094
B1C2Sc2,0.0
Ca1Ge1Zn1,0.0
Mn6Sn6Tb1,0.0
Si2Th1,0.0
C1Os1,0.0
Dy1Sn2,0.0
In6O12Te1,1.1486
B2Cu1O6Sr2,1.5918
Ag1Er1,0.0
B4O7Sr1,7.1064
B2Mo2Ru1,0.0
Ba1Te2,0.3421
Dy3Ge4,0.0
Al3O12Sc2Y3,4.2689
F6O1Sn4,3.3195
Cl6K2Pt1,1.9793
Dy1Pd1Zn1,0.0
Ba1Nb1O3,0.0
Au1Cu4Yb1,0.0
Ba1Cu1S3Y1,1.3364
Au1Dy1In1,0.0
As1Nb1,0.0
B2Nb1Ni1,0.0
N1Na3O9P3Ti1,2.9673
O23Rb6U5V2,2.6606
Ce1,0.0
Eu1Ge2,0.0
Ni2P2Tb1,0.0
N1Na1O3,2.9573
O2Se1,3.2676
B1Co3O7P1,3.0639
Nd2O7Ru2,0.5162
Pu1Ru2Si2,0.0
Al11Na1O17,4.5051
O4Si1Zn2,3.4546
C2La2O2,2.9885
Al4O7Sr1,3.7426
Cd1O3Se1,3.4888
K1O13Ta5,3.35
C1K2O3,3.7865
F3Na1V1,0.4251
Ca1Cu1Sb1,0.0
In5S13Y4,0.0
Pd17Te4,0.0
Br1Nd1O3Te1,0.0
Rb8Tl11,0.0
F4Mn1Na1,2.0901
B2Nb3Ru5,0.0
Ga1Nd3,0.0
H6N1O4P1,5.5111
Al8Ce1Co2,0.0
K1O3U1,3.0096
Ho1Li1S2,1.968
Cd1Cl4Rb2,3.3338
H16La1N7O19,3.4059
Li1,0.0
O7V2Zn2,2.7295
Ca2O4Ru1,0.985
F7Fe1Na2Ni1,2.7568
Cd2O4Sn1,0.3536
Ca1Pt1Si1,0.0
Ba2F1In1O3,2.2073
Bi1Ca1Cu1,0.0
Ga2Hg1S4,1.6135
Dy1Fe4Si2,0.0
S2U1,0.0
Ir3Sn7,0.0
Ge6Pd1Yb2,0.0
O11Sr3Te4,3.1826
Cu7P1S6,1.1048
Co1Sb1Ti1,0.8161
Ca1O3V1,0.3397
Dy1Ga3Ru1,0.0
F2Fe2O1Se2Sr2,1.7369
Pr1Pt5,0.0
Al2O12W3,4.3869
Ge1Tb1Ti1,0.0
B1Li3N2,3.3094
Co2Ga1Ti1,0.0
Au1N2,0.0
N4Zr3,0.9767
H1K3O8S2,5.3978
F3Fe1,2.7005
Mn2Th1,0.0
C1Fe3,0.0
Pr1Rb1Te4,0.0
Ho1P1S1,0.2081
Bi1Nb3,0.0
S12Sn5Tl4,1.0513
In1Ni1,0.0
Al2Se4Zn1,2.2756
Cl1Cs1F3Sb1,3.654
Dy1In1Rh1,0.0
Br8Gd5,0.0
Ce1Pt2,0.0
Be1,0.0
Fe3Sc2Si5,0.0
Cs1I3Ti1,1.769
Br4Fe1Tl1,1.9285
Ge1S2,2.1594
Co1H2Na2O6P2,4.1289
Be2Hf1,0.0
Co2La2O3Se2,0.9958
Ba1Nd2Ni1O5,0.0
Co2Nb1,0.0
Br3Cd1Tl1,2.7516
Nd1Ni5,0.0
Ge1,0.0
Ba1Dy1Fe2O4.996,1.6564
Ag1Cl3Cs2,3.6259
Cs1In1S2,2.2302
Cu4Dy1In1,0.0
Ge1Li2O4Rb2,3.3544
Mg9Sn5,0.0
Ca5Ga2Sb6,0.0
F5U1,3.0551
Pd7Se2,0.0
O8P2Rb2V1,2.8117
I3In1O9,3.4065
I3O9Tb1,3.1432
Pt3Tb1,0.0
Re6Se8Te7,1.0132
Cr7O24P6,0.9376
C2Cu1H2O4,1.8896
O6Se2Sn1,2.0808
C1Cl1La2,0.0
Au6Ga3Sr2,0.0
Ce2Fe17N3,0.0
Hf1S2,1.224
Al2Ba2Ca1F14Mg1,7.1855
La1Pt3,0.0
Gd3Pd4,0.0
Gd1Ru1Si1,0.0
Gd1N1,0.0
Au2In1Y1,0.0
Na1S2Sb1,0.9195
Ce1Co1Si2,0.0
K1Mo1O7P2,3.1164
Cu1F3Tl1,0.0
Al2Cs6Te6,2.1585
Ce2In1Ni2,0.0
Na2O11Si4Zr1,4.5716
Mg1Si1Sr1,0.0434
Ge1I2Y2,0.1642
As1Sc1,0.0
Ar1,8.459
Cu1I1Te2,1.0263
As1,0.0
Sb1U1,0.0
Nd1Pt2,0.0
Dy2In1,0.0
Pd1Sr1,0.0
In2Se3,1.0768
As1B1Ba1O5,3.4367
Al2Fe1O4,0.0
Ga1Nd1O3,0.0
Ba1Mg2O8V2,3.5426
Cl4Mn1Rb2,3.3935
Pt3V1,0.0
Co2Si2Tb1,0.0
La1Mn2O5,1.4406
C1Cl8Sc5,0.0
Ga1V3,0.0
Co6Ge6Zr1,0.0
Ni1Sb1Y1,0.087
Ca3Cl2O4Si1,4.4112
Nd1Ru2,0.0
Ir2Th1,0.0
F4Li1Y1,7.8262
Co1O6Os1Sr2,0.0
Ge2La2O7,3.569
O2Re1,0.0
Co1Na1O2,1.6001
B7Mo3Y1,0.0
Br1In1S4Sb2,1.5443
K1Nb1O8P2,3.0199
B2K3O6Y1,3.1931
Te2Yb1,0.0
O7P2Pb2,3.6335
K2Mo2O11P2,2.1931
Ba2La1O6Sb1,3.7406
Ho1O4P1,5.9094
Al2Li3,0.0
Au1Sc1Sn1,0.0
Al4Ca1,0.0
Bi3Gd4,0.0
Nb1O2,0.0
Ba1S1,2.1523
Ag1Al1S2,1.8358
P2Pb3S8,2.2415
Rh4Sn13Yb3,0.0
Er1Ni1Sn1,0.0
F1Fe1Li1O4S1,3.647
Eu1Sn1Zn1,0.0
As2La1Ru2,0.0
Ge13Lu3Rh4,0.0
Bi1Cl1Cu3O8Se2,1.2854
Co2Si2Yb1,0.0
Hf1W2,0.0
As6Ca5Sn2,0.2506
Nd1Sb1,0.0
C1H1K1O3,0.0
C2Si1Ti3,0.0
Cu1F6Pt1,1.6111
Gd1Ge1Zn1,0.0
Fe4P12Th1,0.0348
N1Re1,0.0
B1Co4Y1,0.0
Hf2Ni1,0.0
B6Co21Ta2,0.0
Pd2Si2Yb1,0.0
Al3Pu1,0.0
Fe4Nd1P12,0.0
Cr1K1S2,1.9742
B1Rb1S3,2.2824
F6Li2Mo1,1.2285
Mg2Si1,0.235
Fe4O5,0.1855
Er1Mg2,0.0
F6Mn1Rb2,3.2278
Ag2Hg1S2,0.6956
Cl4Hg3O1,1.4816
Bi1Mn1O3,0.8956
Cu1Sn1Y1,0.0
Cu6La1,0.0
Er1Pd2Si2,0.0
La1Ni1O1P1,0.0
Al1H1O2,0.0
Fe1P4Si4,1.1659
Cu1Ho1Pb1,0.0
Bi1O5Pb1V1,2.5201
F6K2Ni1,2.2295
Ag1Dy1,0.0
Os2Zr1,0.0
As2Cu3K3,1.482
Dy4Ni12Sn25,0.0
K2S4Zr1,1.8528
Eu2H6Ru1,1.9367
Al1V3,0.0
La1Mg2,0.0
Ho1In1Pd1,0.0
Ru1V1,0.0
C2Cu2H10O20U3,1.9385
Ca1Mn2Sb2,0.0
Cu5Se3Tl1,0.212
In2S4Zn1,0.0
Cu3Sb1,0.0
O3Ru1Sr1,0.0
Au1Zn1,0.0
Fe2Rb1Se3,0.0
Al8Fe1Mg3Si6,0.0
Al1Si2Y2,0.0
Cu4Na2S3,0.3043
Se2Sm1,0.0
H8N2O4S1,5.08
B1Fe1H3Na1O10P2,1.4065
Li1O2Sb1,3.0611
Ba2Bi1Ga1S5,2.3131
Cr1Nb3,0.0
H3Mg1Na1,3.3698
C2Pu1W1,0.0
B6Eu1,0.0
Ag1Ga1S2,1.5039
C2Pd1Rb2,1.9368
Mg3Rh1,0.0
B4Ni1U1,0.0
Ca14Si19,0.0
Cd1F6Pt1,2.7091
Ba1Ni1O3,1.4486
Co2Li1O10P3,3.835
La2O5Ru1,0.6647
N1Tl1,0.0
Ni1O2Sr1,1.238
Ba1O9Si3Sn1,3.361
C1F4H6N3Sb1,4.6115
Cu1F1Sr1Te1,1.7953
Li4N2Na2,0.0
O3Re1,0.0
Ni3Pr1,0.0
Al2O9Pb2Si2,2.7733
B2Er3Ni7,0.0
Al1Mn1Ni2,0.0
Al2Ca3N4,2.2431
Er1K1P2S7,2.6281
La1O3V1,1.239
C1Ca1O3,4.9935
Cr3N1Pt1,0.0
Dy1Ga2Pd1,0.0
Nd1Pd1Zn1,0.0
B2Cu1O4,0.0
As2O6Sr1,3.2419
Cu8Se6Si1,0.4766
Co2Mo3N1,0.0
F1O1Sc1,4.8169
Re2Sc1,0.0
Hf1O3Sr1,4.174
Au1Ga2,0.0
Cs1Cu1O1,1.4345
Ca2O4Si1,4.2486
Nd1Sb2,0.0
Cl7Ga3,3.9642
Co1Ho3,0.0
Al1Bi1O3,2.9648
F2Zn1,4.9473
La16Rh8Sn3,0.0
Hf1Rh1Sn1,0.0
Co1Sb3,0.152
La1Rh2Si2,0.0
C3Co1H3K1O6,3.748
Ag6Ge10P12,0.5947
Ni1Si1Zr1,0.0
Ba3Fe1S5,0.5404
Bi2Er6Mn1,0.0
Br2C2Y2,0.0
B1C1F3K1N1,7.0061
C1V1,0.0
H7N2O4P1,5.4216
C1Co12Ge4U6,0.0
Mg2O4Si1,4.7534
Sb1Te2Tl1,0.1457
O4Ru1,2.4017
Pt3Rb2Se6U1,1.0781
H6Li1O7Tc1,3.4797
Mn1Se1,1.351
Cr1O3Sr1,0.0
Fe1Zr2,0.0
Cu1O1Rb1,1.4539
C1F2O3Pb2,3.47
Ir1O4Sr2,0.0
C9Fe3O9S2,2.1296
O2S1Sc2,2.4796
Al2Ni3Pr1,0.0
O5S1V1,1.3936
Ba1Cl1O3V1,2.3354
Mn1,0.0
B7Cl1O13Zn3,4.9492
Ag2.67Cr1I0.67O4,2.0831
Al2B1Ce1Ru2,0.0
Li2O6Te1Zr1,2.7469
Os2Si2U1,0.0
Mn12Zn8,0.0
B1O5P1Sr1,5.3749
Ge1Te5Tl2,0.0
C2H9N9O6,2.2549
Ag1Pr1,0.0
O8S2Zr1,3.5739
La1Nb1O4,4.2392
K3N11P6,4.0114
Li1Mo2O8Tl3,3.7306
Be1Mo3,0.0
S1Y1,0.0
Ho1Tl3,0.0
Co2Ho1,0.0
Cu3P1,0.0
Fe1S2,1.745
Mn2Si2Tb1,0.0
Ba1K1P1Se4,1.2057
Mn1O1,2.6198
Ca3O5Si1,3.3131
C6Na2O6,1.0268
Ba1H4O4P2,5.3064
Al1Pd1Th1,0.0
Er3Ge13Ir4,0.0
Cl3Cs1Ni1,2.8745
Cu13La1,0.0
Fe5H2La1,0.0
In1S2Tl1,0.6872
B1Pt2,0.0
Ca2Ge7O16,2.7969
Fe1Si2,0.9744
C2Tb1,0.0
Al2Ho1,0.0
Be1H3Na1,0.9136
Ca1Co1O6Si2,4.0443
H6Li2O6Sn1,0.0815
B3Ge2Ni8,0.0
Pt2Sr1,0.0
As4S3,2.2880000000000003
Ge4Hf2Nb3,0.0
Hf1Ho2S5,1.237
As1Cu3S4,0.2177
As2Mg3,0.5419
Al1Sb3Sr3,0.5351
Ba1C4H6O10,3.2921
C1Mo3Ni3,0.0
Ce1Ge4Mn2O12,1.032
Co2Hf1,0.0
Ce1Si1,0.0
Mg2Mo3O8,2.0512
Ca1O8Te3,2.0016
Ba1Pt2S3,1.6148
Cl16Ti7,0.9457
Cl6Pd1S2,2.0364
Ce1Pd1Sb2,0.0
Br2C4N4Pt1Rb2,2.0780000000000003
Er4Mo4O11,0.3576
La1Sn3,0.0
Ge1P2Zn1,1.2419
Au1K1O2,1.3611
Li2Si1Zn1,0.0
Br2H6O5U1,2.2636
Mn6Ni16Si7,0.0
S1V4Zr9,0.0
C1W2,0.0
Br3Rb1Ti1,1.7465
Cu1Tb1,0.0
Ni1P1Zr4,0.0
Cl3F2Sb1,1.7973
O10Sb2Tl10,1.4973
Cr2Cu1O4,0.9387
B4Os5Sc2,0.0
C1H5N3O4,3.5157
C1Cl1H6N3O1,5.2021
Ag2O2,0.2678
Al3Nb1,0.0
Ag1Ca1,0.0
Ga2La1,0.0
Cu2Pr1,0.0
P1V2,0.0
C4Cl2F6Te1,3.04
Cd1,0.0
Co1Ti2,0.0
H16N4O7P2,4.7292
As1K1Sn1,0.2815
H3Yb1,0.0
Ho1Os2Si2,0.0
C1Cu1N2,0.0
Sn1Te3Tl4,0.0
Ca3Cu3O16P4,0.0
Zn1Zr1,0.0
Ir4Lu5Si10,0.0
Th1Zn4,0.0
Cu1In1S2,0.3949
Cu2S4Sn1Zn1,0.1098
F6Fe1H12N3,0.0
S1Sn1,0.2519
Ni1Se2,0.0
F1N3Ta2,0.0
Cu1Ge1Hf1,0.0
As1Mn1Pd1,0.0
Cr1P1Pd1,0.0
N3Rb1,4.1718
Mn1Na6Se4,1.8071
Al9Ba1Co2,0.0
Ca3Fe2O12Si3,2.3927
Mn2Ti1,0.0
As3V5,0.0
Cu6Sn5,0.0
H12K1Mg1O10P1,4.7911
Co1Ge1Pr1,0.0
Cr5Cs1S8,1.2691
Ba1In2Te4,0.9765
La1Ru1Si1,0.0
Sb3Y4,0.0
Cl1Na3O1,2.0952
Ag1B1F5,0.8233
Co2Er1Si2,0.0
Cu1F2H4O2,2.2422
K4Na2O6Tl2,1.2673
Ni1Sc1Si1,0.0
Ga1Se2Tl1,1.3214
Mn1P1Ta1,0.0
Al2Dy3Ni6,0.0
Nb5O9Sr2,0.0
Ca1Fe2P2,0.0
Se17U8V1,0.0
Ga1K1Sb4,0.2824
B1Nb1O4,2.8001
Al1Gd3S7V1,0.8982
Al2Mn3O12Si3,3.6013
Cu2O1Ti4,0.0
V1,0.0
Al2Pd5U1,0.0
Er5Ir3,0.0
B2C1Rh2Th1,0.0
Rh1Sc1,0.0
Cl4Th1,3.9113
O6V14,0.0
Co1Cr1Si1,0.0
Ge3Pr2Zn6,0.0
I3Rh1Te6,1.126
Co1H1O2,2.7043
C12Cl2H36Mo1P4,0.0
Ba1N2Zr1,0.991
Li1S2Sc1,1.8841
Ge2Nd1Rh2,0.0
Ge1La1,0.0
Fe1La1Si2,0.0
Cd1Cu2Ge1S4,0.6859999999999999
Nd1O4Sb1,2.1438
Co2Se2Tl1,0.0
S2Tb1,0.0
In3Rh2Ti3,0.0
Cl1Dy1S1,2.762
Nd3Rh4Sn13,0.0
Bi1Mg1Ni1,0.0
Mn5Si3,0.0
Ba1Ga1La1O4,3.9338
Mn1Ni1P1,0.0
Fe1O5Ti2,1.7579
C6Mn2Tb3,0.0
Er1Ga1,0.0
Co1Ge2Sc1,0.0
Ba2Bi4Cd3,0.0
P1Sr1,0.4545
As2Hg4I3,0.6901
Ho1N1,0.0869
Hf1Tc1,0.0
K2Se1,2.1075
K2Li6O8Pb2,1.493
La3S4,0.0
Ag2Li3Si3,0.0
Nb5O1Pt3,0.0
F2,2.6045
Au2Mn1,0.0
Ag4C4N4S4,2.6315
Al2Hf6Pt1,0.0
Li1O8Ta3,2.678
Rh3Ti1,0.0
As1F6In1,3.3479
F2Sn1,3.3455
Ge1Hf1V1,0.0
Ce1Ni1Sb2,0.0
Mg4Sr1,0.0
Ga5La3O14Sn1,3.1373
K3Nd1O8V2,3.591
As2Cu1Ho1,0.0
Er5Ge3,0.0
Mn1Si1,0.0
Ho1S2Tl1,1.4721
S1,0.0
Fe1S4V2,1.0806
Cu2Sn1Te3,0.0
Al2F2O8P2Sr1,5.4947
Ag2In2S6Si1,1.4189
Ho1La1O3,4.7459
Ca1Sb2,0.0
F4Si1,7.6871
Ca1Ni5,0.0
Rh1Te2,0.0
Au1Pr1,0.0
I6Pd1Rb2,1.2258
Li3N2Sc1,2.1687
Cd1Sn1Te4Tl2,0.2424
Ru2Tb5,0.0
As1Ca3Cl3,1.838
Al1La3Ni1S7,0.0
In1K1P2S7,2.1327
Co9Er1Si2,0.0
Co3W1,0.0
Ba3N2O12Si6,4.6185
Li1Mg1P1,0.0
La1O4Ta1,2.8057
Ge2La1,0.0
B2La1Rh3,0.0
Co2Pu1,0.0
Hg1In2Te4,0.5614
O14P4Rb2Zn3,4.546
Br3Fe1K1,3.405
Cu1Ho1Sb2,0.0
Pd1Pr1Zn1,0.0
Pb1Pd2Y2,0.0
As1K3Nb2Se11,1.1761
Al1C1Ti3,0.0
C1F3H3O4S1,6.3814
C2O4Rb2,2.935
Ge1K2Se4,1.7451
Ho4In20Ni11,0.0
Gd1In1Zn1,0.0
Ba14Li1N6Na14,0.0
Rb1Se8Ti5,0.56
Cs2Fe2K4O5,1.5443
Ba1Cu1Sb1,0.0
Ce1Te1,0.0
Te1Y1,0.0
C8F12Pt1S4,1.0671
Ce1Ge2Pd2,0.0
Cu1Mn3N1,0.0
Br2V1,3.3118
Al2Eu1Ge2,0.0
Ba1Br2O6,4.1767
Ca3O9Si3,4.7307
Cl6Cs2Sn1,2.3955
C2Os1U2,0.0
Er1H1O2,3.9911
F6Na2Th1,6.4766
B6Pr1,0.0
P1Zr1,0.0
B1Mo4Zr9,0.0
B2O7Se2,4.01
Eu1H1O5S1,0.0
Au1Pt4U1,0.0
P2U1,0.0
Al1Sc2,0.0
Hf1I3,0.0
H6K3O6Sc1,0.0
Cd1Dy1,0.0
Ho6Zn23,0.0
Te3Zr1,0.0
O7S3Si2Tb4,2.612
Bi1Rb3,0.0
Ga2O4Pb1,3.4804
Au1K2P1S4,1.725
Nd1Rh2Sn4,0.0
Cr2H4Li2O9,2.6051
Cl2Hg3S2,1.924
Ca1Co2Ge2,0.0
C2Ho1,0.0
Rb4Re6S12,1.3745
Ca1O3Te1,2.9289
C1Fe3W3,0.0
Cl8Hg2Pd1Tl2,2.1687
Nd2Sb1,0.0
Al2Ca1Ge2,0.0
B1H3O3,5.9796
Dy1,0.0
Cu3Nb1S4,1.8962
Ir1Nb1,0.0
H2O10S1Sb4,3.4175
Ba1Co4Dy1O7,0.0
Cd1Cl6Rb4,4.0433
Ca2Co1O7Si2,3.6908
H5Na3O16Se4,3.4452
Ga5Ho3O12,3.4313
Al2Ce1Zn2,0.0
C10H2O10Os3,1.8165
Ag4K2N12O24Pt3,2.2324
Ba1Nd2S4,1.7787
Ni3S4,0.0
As1Hf1Os1,0.0
F9Sb1Sn3,3.8575
Al2B1Re3,0.0
Al7Th2,0.0
Ba1O9Te1W2,3.2549
S3Sr2Zn1,1.8609
K1O12P3Sn2,2.8991
I1K1O3,2.8659
In5Y3,0.0
K2O4Zn3,2.0864
Hf1Os2,0.0
F2O5S2,5.5829999999999975
B4Th1W1,0.0
Br6H12N4Sc2,3.4734
O5Si1Y2,3.0804
Ru2U1Zn20,0.0
N2O1,3.3310000000000004
Ag2C4N4S4Zn1,3.2737
Co1O2Rb3,2.0134
Fe5Ho1P3,0.0
Au6Ba8Si40,0.0
O7Ti2Yb2,0.1411
Ce1S1,0.0
C4Cl2H12O1Sn2,3.6379
H6Li1Mn1O7,2.1636
Hf1Ir1Si1,0.0
Ba1F7Ga1Mn1,3.7427
Ag9In4,0.0
Mg1O6Ta2,3.0629
As1Nd1,0.0
N7Na1P4,4.2091
C2F6N4O6S4Se4,1.5306
Ag7P3S11,1.7
B3Co7Ho2,0.0
Si3Zr5,0.0
Ba3Cu2Ho2O10Pt1,1.5055
Pb2Rh3Se2,0.0
H4Li2O12S3,5.9305
P1Ti1,0.0
O3Yb2,0.4048
Cu2In1Tm1,0.0
Au1Mn1Sb1,0.0
K4P3,0.0
Ge1O8Zr3,3.8792
Mg2Sn1,0.0
La1Mn1Si2,0.0
Fe2O5Ti1,1.9472
Ce1Mn2Si2,0.0
Cu1O4Rh2,0.1604
Au1Ni4Tb1,0.0
Cs2O5Te2,2.6589
Hg3Yb1,0.0
Eu1Si2,0.0
Ag1Cl1O4,2.5694
Co2O7Sb2,1.0262
Rh2Sn1U2,0.0
Lu1,0.0
C1P1V2,0.0
C10Fe2O10S2W1,1.7491
K1Na1O4S1,5.0059
H1K6Na15Tl18,0.0
Ga1Yb1,0.0
Mo2O11P2,2.6707
Ba2Nb1O6Yb1,0.0
C1O1S1,4.824
Li1N1Zn1,1.3002
Ba2F2Mn2O1Se2,2.5075
Co4Ge13Yb3,0.0
Al1K1O2,4.0016
F18Mg6Rb6,6.6758
C1Ge1Mn3,0.0
Ba5P9,0.0
Na2O7S2,5.0963
Nd1O8Rb1W2,3.6021
Cu1Er1P2,0.0
Mn3Si5Y2,0.0
O3Se1Sr1,3.7032
P4S4,2.5122
Na2O3Si1,3.8904
Ce1In1Zn1,0.0
Ag3C6K1Mn1N6,1.855
B4Os3Sc1,0.0
B1Br1Mg2N2,3.3173
As1Mn2,0.0
Be1F2,8.3512
Ba1Nd2O5Zn1,3.21
Pb1Sb2Te4,0.2448
F7K2Ta1,5.688
Al1Cu2Ti1,0.0
Ga1Ho1Pd1,0.0
H3Mg1Ni1,0.0
Ge6Lu4Os7,0.0
Bi14Br16Pd1,1.1833
Na1O2V1,2.7339
Ir1Si1,0.0
Al2Ti1,0.0
Ba6O18W4,3.4489
H17N5S3Si1,3.3155
Ba3C1Cl4O3,4.7585
Cu2In1Mn1,0.0
Al1Ca1Si1,0.0
Cu2P2Th1,0.0
B2Cu2O6Sr1,1.2035
Al1Ba1F5,7.2876
Ag1Dy1Mg1,0.0
Ir2Si2Tb1,0.0
Cl2Se2,2.148
Ag2C1O3,0.9221
O6Ru1Sr2Y1,1.2066
Er4Ge4In1Ni2,0.0
Ge2La1Pd1,0.0
Ce1Ru1Sn3,0.0
Li1Mg1Pt1Sn1,0.0
Gd3N1S3,1.1712
In1Pr3,0.0
Cl4Ga1K1,4.6
Ir1Ti1,0.0
Cu2Rb2S4Sn1,0.9964
H3Y1,0.0
Cu4Si2Zr3,0.0
C2La1Li1N4,3.0357
C6Dy12I17,0.0
Al1Au1Dy1,0.0
Cr2Se4Zn1,1.7095
Br1N1Sr2,1.8598
Cs2Ge1O13P4,4.0659
Na8O18Si6Sn1,3.4904
Ce3Ru4Sn13,0.0
Cr4Cu3O24P6,0.0
Ga1Pr1Zn1,0.0
La1Tl1Zn1,0.0
Ca1In2Pt1,0.0
As2F12Te7,0.9049
K2Mo1O2S2,2.1327
Ba1Cu1Sn2,0.0
Co1P3,0.0
Cu4Mo5O17,1.011
C19Er10Ru10,0.0
Ga12Nd2Pd1,0.0
Sn3Zr5,0.0
Li1Pd1,0.0
Er2O12S3,5.8907
H2N2O5Sr1,2.2846
Cs1O7P2Yb1,0.3883
Al1C1.67Hf1,0.0
C4Ni1O4,3.9528
Au4In6Rb1,0.0
I3Zr1,0.0
Fe2La1Si2,0.0
Nd2O2S1,2.7865
F19Ga3Pb5,4.7904
Nb2O9Sr4,3.7865
In1Li1Mo2O8,2.7824
C3Cl5Gd6,0.0
Mn1O4V2,0.0
Ag1Hf2,0.0
Mo6S8,0.0
I5K1Sn2,1.5133
Bi1Ni1,0.0
C2N2S3,2.5856
Hf1N1O3Ta1,2.9803
Hg1Sn1Sr1,0.0
K1La1Te2,1.4204
As1Fe1Ti1,0.0
Fe1Lu6Sb2,0.0
O3Ta2,0.0
Nd3O7Sb1,2.6284
O6Rb4,0.0
Pd1Te2,0.0
In2Mg1S4,1.8793
La1Rh1Si1,0.0
Ca7Ge6,0.0
O4P1Tl3,2.6173
Al1Ca1H1O5Si1,5.2453
Be1N2Si1,3.5598
Ni1S6V3,0.0
Ba5N1O18Os3,1.3522
Cl1Fe2O4P1,3.2656
Ba2Cs1Nb3O10,1.644
Ga12Ni1Tm4,0.0
Au1Pr1Sn1,0.0
Rh1Si1,0.0
La3Se4,0.0
B2Co2Y1,0.0
Cu3Pd1,0.0
H2K1O9S2Ti1,3.209
Pb2Rh3S2,0.0
C4H12N2O2,2.5937
Cu7Te4,0.0
Os4Pr1Sb12,0.0
Cu1Ho1P2,0.0
Pt1Sn1,0.0
Co3S4,0.9299
Li8N2Se1,1.7845
Nb5Si3,0.0
O3Pb2,0.9188
K1O2,0.0
Li1O6Sr3Ta1,3.9487
B3Co7Dy2,0.0
B4O7Sn1,3.5539
Ge1N1V3,0.0
Cr1Ho1O4,0.6782
C2H2K2O5,3.3904
Ge1I4,1.9686
Be1F4K1Li1,6.8511
Ir1Nb1Si1,0.0
Cl6Cs4Pb1,4.2582
Ba1Mn2O5Y1,0.0
F3Rb1Zn1,5.2724
Ca1Si3,0.0
O7Rb2W2,2.387
As1Pa1,0.0
Co2Nd1Si2,0.0
Ba1K4S8V2,1.7619
Er1Ge1Ti1,0.0
Co1F6Zr1,0.0
Cr1Si1Te3,0.6229
Mg4O9Ta2,4.3353
Cd4Ge1Se6,0.7932
B2Co2Ho1,0.0
Er1Ir1,0.0
Dy5Tl3,0.0
Cd1Ge1P2,0.6936
Co5P3Y1,0.0
Cu2Si2U1,0.0
Ni1Yb3,0.0
C2Rh1U2,0.0
Eu1Pd1Tl2,0.0
Ag1I3K2,2.8892
Ce1Pt5Sb1,0.0
As1Er1S1,0.0
Ce1P2Ru2,0.0
Co2Mn1Sn1,0.0
B1Na3O3,2.991
Cu2Fe2Ge4O13,0.304
Nb2O5,2.0802
Cr1O4Y1,0.2617
As3Sn4,0.0
F1O3Sc1Te1,3.2378
Tb1,0.0
Er3Pd4,0.0
Ag1Cd2Ga1S4,1.3962
Dy1Ni2,0.0
Nb12O33W1,2.0912
Cs4Fe1O4,1.4061
Mo4Ni1Zr9,0.0
Si3Yb5,0.0
K2S2,1.4624
P2Si1,0.0
As1H1O5Te1,3.1421
Yb1Zn1,0.0
Ce1Cs1Hg1Se3,0.0
Gd2O7Ru2,0.0
Bi2Ca1,0.0
Dy1Zn1,0.0
La1S1,0.0
Bi1O2Pr2,0.0
Ba1O9Si3Ti1,3.5485
B2Cd1F1K1O6Zn2,3.0567
Bi1Na3O4,1.0535
Ba3O9Ru2Sr1,1.2836
Al4In3Sr11,0.0
Pb2Pt1,0.0
C4F6Hg2O4,3.2389
Ir2Si1,0.0
Pd3Yb1,0.0
La7P12Pd17,0.0
Mn1O4Rh2,0.0
B1Fe2O4,0.0
Dy1S3Sc1,1.9919
Ce1Li2Sb2,0.0
Co1U6,0.0
Ni2Si2Tb1,0.0
I2Sr1,3.7878
H6N3P1S1,4.1566
Hg2Sr3,0.0
N2Na1P1,4.6817
Ba1Nd2S5Zn1,1.128
As2Cd2Sr1,0.2234
Mn1S8Tl1V4,0.0
C5Cl1Mn1O5,2.9887
Al8Fe4U1,0.0
Ba1Te1,1.5907
Ce3Pt4,0.0
B1Cl3,4.6906
C2Hg1O4,2.6252
Cr1Dy1O4,0.2494
Al1Gd3Mg1S7,2.3421
Ge2La1Ru2,0.0
Cl8I1Sb1,1.5962
B1Ni6Si2,0.0
B4Cd3O12Pb3,2.648
H8N2O5Se2,3.6856
Bi2Pb1S4,1.0845
H8N2O4Se1,3.6086
B4C4Cl2H20N2O6,3.8427
Eu1Os2P2,0.0
Mo1Ni1O6Sr2,2.3831
C1Fe2Si2Tb2,0.0
Al2Be2Cl2Na8O24Si8,4.6419
Al3Er3Ge2Ni1,0.0
Cl2Cu1H4O2,1.7669
B3Ca4La1O10,4.2824
Ca1O10P2V2,1.6299
W2Zr1,0.0
Gd1Si1,0.0
As2Cd1Hg4I4,0.4949
Au1O2Y1,2.814
Au1Cl4Rb1,1.6902
Li1O6Sb1W1,2.2431
Cd1O4S1,2.9966
F12Fe2Li3Na3,3.8475
Bi2O6W1,2.0691
Ca2Li6Mn2N6,0.7162
Ge1Se1Th1,0.0
C1Th1,0.0
As1K1,0.6754
Br5Cs1Hg2,2.0119
I1Na1O4,1.8642
Br1C1Cu1H2N2,2.5489
Co2P1,0.0
Fe1Mo2O8Rb1,0.0
Rb3S4Ta1,2.9571
As1Ba1Pt1,0.0
C4Ca1N6,4.5499
C3Cl1H9Si1,5.6202
O12Te1Tl6,0.0
C5Dy1H9N2O8,4.502
P1Pt1Tm1,0.0
B2Be1,0.0
As1Mn1,0.0
Nd2O3,3.6677
C1Ir3Sc1,0.0
Nd1O4Ta1,4.1705
Ge4Ho3Pd4,0.0
Al8Cu4Y1,0.0
Br1F5O3Te1,2.7714
Nb3Pb1,0.0
F3K3O4Ti1,3.0687
K2Mo1O9P2,2.8722
Ag1Au1Te2,0.0
Ni12P7Sc2,0.0
F6Xe2,2.5223
Ba2Cr1Nb1O6,1.8962
Cd2K2O12S3,3.835
Dy4Sb3,0.0
Al1Pd1,0.0
Sb2Sn1Zn1,0.0
Ba1Fe4O7Y1,0.0
As2Ba2Ge1,0.5303
F5Li2Mn1,1.9998
C1H4N4O2,1.6981
Ge3Ta5,0.0
C3La2Ni5,0.0
Hf1N3Ta2,0.0
Cu1Er2K1Se4,1.0849
Pt3Y5,0.0
Er6Fe23,0.0
Al6O1Si8Sr13,0.0
As2F8K2O2,3.665
Na5Ni1O2S1,0.0
Mg6Ni16Si7,0.0
Al2Cd1Te4,1.6595
Ba1Hg1O2,2.2708
Ca2Si1,0.307
B2U1,0.0
Cr1Hg1O4,1.2597
Dy1Sb2,0.0
In1Na1O6Si2,3.6218
B1Ba3O7P1,3.3339
P2Zn1,1.3921
Ca2Fe1Ga1O5,0.6274
Br3Cd1Rb1,2.7939
H12K2N6Zr1,2.9559
As3Eu1Ni5,0.0
Mn1O3Sn1,0.9321
As1Fe1Nd1O1,0.0
Pb1Pt1,0.0
Ba2O4Zr1,2.9804
Br2,1.3228
Ca1H12O12P6Sn1,3.6065
Ni5Sc1,0.0
Ba2Co4O11Tb2,0.0
Cr1Cu1S2,1.6893
Gd1Zn2,0.0
In1Li1,0.0
Cr1Nb4S8,0.0
Ba1S2,1.5733
Au3Cs1S2,2.7749
P4Pd7Tb3,0.0
F3O1P1,5.7782
Li1O4Ti2,0.0
Pd2Sn2Yb3,0.0
Cr1I2,1.8417
B1Cr2O12P3,3.0348
Bi1Cu1Yb1,0.0
H1O5P1Zn2,4.0422
Ga5Nd3O12,3.045
Mg1Se4Yb2,0.0
Li6O6Te1,2.9539
K3Sb1,0.6824
N1Sr1,0.0
Er1Os2,0.0
Al3Dy2Si2,0.0
Al1B1O3,5.8299
Se3Zr1,0.2947
B4Cr1,0.0
B7Ho3W1,0.0
Mo1O7P2Rb1,3.0788
Mo8O23,0.0
Cl2Nd2O7Ta2,3.2495
I14Ta6,0.868
Dy1Fe3,0.0
Al1Ho1,0.0
Fe2Re3,0.0
Os1P1Zr1,0.0
Ba1O6Sb2,2.8907
Al2Hg1S4,2.0219
Ba1Co1F4,4.3601
I10Ta7Te24,0.0
As1B2P1,1.0623
Li2O3Ti1,3.487
Ba2La2Mn1O12W2,0.0
Ba1Ga2S4,2.958
C2Co1Yb1,0.0
Dy3Se4,0.0
Mo1N3Na3,1.5014
Co1Mo1P1,0.0
In1Pd2Y2,0.0
Na1O7P2Ti1,3.2511
Hg2Sr1,0.0
Ni2Pu1Si2,0.0
Ni3Si4Zr2,0.0
Ga1P1,1.6437
Bi1Cr2O8Rb1,2.4226
Ag1Cs2F6K1,1.6899
Ca1H3Rb1,3.259
C1Cl2N2Sr2,4.1912
Al5Mo1,0.0
C2U1W1,0.0
In1Si1Te3,0.527
Ni31Si12,0.0
Mg3Mn2O12Si3,0.0
Ni2Tb1,0.0
As4K6Nb1Tl1,1.204
K1Mn1O4,2.0516
Cl2Ga6Na8O24Si6,4.1610000000000005
Gd1Sn1Zn1,0.0
O5Se2Zn1,2.9727
Cu2Rb1Ta1Te4,1.3981
Al9Co2Eu1,0.0
Dy1K1S2,2.336
Bi2Cl1Nd1O4,1.31
Cd1Ge2Y2,0.0
Ga1Li1Se2,2.1253
Cu10Sb3,0.0
Cr3O8Rb1,2.1005
Nd1Ru1Si1,0.0
H1Zr1,0.0
Ce1Mn1Si2,0.0
B2Co1O4,3.3155
P4Ti7,0.0
As8Ni11,0.0
Ce1K1S4Si1,2.5143
H1La1O2,4.5063
Eu1Ga4,0.0
Ba1O4U1,3.0062
Na1O3Rb1Ti1,3.8648
Co2Ho1Si2,0.0
Ge1Th1,0.0
Hg4N2O8,0.0
Sb1Tb1,0.0
Ag2Ba3,0.0
O2Tb2Te1,1.1749
Gd1Ge1,0.0
Co1P1Zr2,0.0
C6Cs2Fe1N6Ni1,3.6382
Cl5Cs3Li2,4.9793
O11P1W3,0.0
B1Na3P2,1.8896
P2W1,0.0
Li2O3Ru1,0.816
Cl5H2Ir1K2O1,2.5186
Cl1Li1,6.2691
Mo1.33Ru0.67,0.0
Cd1Ti1,0.0
Mg1Na2Sn1,0.0
Ba1Cu1O7Te2,0.0
B6Os8Y3,0.0
Cl6O1Yb4,2.8121
In3Rh2Sr2,0.0
Pt1Pu2,0.0
Ba1Pd1S2,0.8817
Mg2Th1,0.0
Br3Cs1Cu2,2.1408
Ni1Sb7Zr3,0.0
Ag2C1N2,1.2312
Al1B2Fe2,0.0
Mg1O6Re1Sr2,0.0
As2Co3O8,0.0
Au4Cr1,0.0
Dy1Ni1,0.0
Co1Li1O4P1,3.6744
K1Li6O6Ta1,4.5467
Ba1Nd2O10Ti3,2.5144
Be1S1,3.1437
Fe1P1,0.0
Ge1Mg2,0.1927
Gd1Ni2P2,0.0
C2Gd1,0.0
Be3N2,4.269
As3Ir1,0.0
Pr1Se2Tl1,0.0
Nb2P2Rb2S11,1.3158
Bi12O20Zn1,0.0
Ba5Co5O14,1.2782
Cl8Pt1S2,1.893
Cu3Sn1,0.0
B1Cl1N2Sr2,2.7457
Fe2O6Sr3,0.1689999999999999
Rh3S2Sn2,0.0
C2H4O6Zn1,3.4877
Br15Co1Th6,0.7006
Ba1Nd2O5Pt1,2.7258
La1Si2,0.0
Pr2S5Th1,1.4712
K1N3O11U1,3.4998
As1Cr2H1K2O10,2.6759
Au4Ca5,0.0
Sb2Se2Te1,0.4476
Pt3Pu5,0.0
Co1H2O5Se1,2.862
Rb1Sb1,0.5447
Er1Tl1,0.0
La1Zn4,0.0
I1Tl1,2.1065
Cs2Ga1Li3O4,3.6927
Ni2Sc2Sn1,0.0
Pt1Si1Yb1,0.0
Cu1K1Se3U1,1.5630000000000002
F6Ho1Na1Rb2,6.4948
Ir2U1Zn20,0.0
O14Os3Sn15,1.3434
Mg2Tm1,0.0
B12C2Mg1,2.1396
Na3P1,0.4774
Li14O14Pb3Rb2,1.8979
Ga4Ho1Ni1,0.0
Bi2Rb1,0.0
Al8Fe4Zr1,0.0
Gd1Pd1Sn1,0.0
Ge2Ir2Pr1,0.0
Cd1Cr4Cs2H4O16,2.6968
Al1Co2Nb1,0.0
Ge1Mg1Mn1,0.0
Ba1Cu2Se2,0.5466
As1Sn1,0.0
B6Fe3Y4,0.0
Cr1F6Rb1,1.351
Cl12Se2Zr1,2.8184
Au1Pb3,0.0
C4H7O11Y1,3.5385
Bi1Li3,0.3695
As7Re3,0.0
Co1Cu2Ge1S4,1.0114
Ga1S8V4,0.0
O2W1,0.0
Ba1F7Na1Zr1,6.0713
Ba2Bi1Ir1O6,0.4357
C2H6K1N4O4P1,5.2582
Er1Tl1Zn1,0.0
Cu8Ge1S6,0.7806
Ge10Ir4Y5,0.0
Tl3U1,0.0
Eu2O7Ru2,0.0
C1Li2O3,3.7533
Ba2In2O5,1.0617
N4S4,0.2613
Ba1Cu1Dy1Te3,0.6129
Mg2Ni1,0.0
Br6Cs2Te1,2.1604
C2I2Y2,0.0
Al13S21Tl3,3.1127
Pt3Sb4U3,0.4851
Al7Au3Dy1,0.0
Ba3Er4O9,3.2823
B4Mo1Pu1,0.0
Co1Sb1V1,0.0
Cd1O3V1,0.4566
Cs4Ge2Se6,1.6124
Au1F16H4Sb2,0.0
Co15Mn2Yb2,0.0
Ba5O10Ru2,0.7672
C1Fe1H5O4P1,3.3966
Si3Sr5,0.0
Cl3Mn1Na1,5.8493
I4Te1,1.7792
Al1Cl3H3N1,5.1392
Cd1Na2Pb1,0.0
Ge2Os1,0.0253
Cl4Ga2,3.8059
Rh4Sc5Si10,0.0
Cu3O6W1,0.9775
Co2Ge2Sr1,0.0
K1La1O4Ti1,3.045
C1K1La1O4,0.0
Cl2Mg1,5.1433
Ba1Gd2S4,1.6171
Be1La3S7Yb1,0.0
Ca1Mn1O2.98,0.4469
Cu2Eu1Ge2,0.0
La5Sn4,0.0
Ba4O1Sb2,0.6357
As1Ca2I1,1.5487
F2H1P1S1,4.6554
Co1Te2,0.0
Mo1O5P1,1.89
Ba1In2P2,0.3356
Ge4Mo3Sc2,0.0
Cu3Ho1O8Pb2Sr2,0.0
Ba1Cu5La4O12,1.2191
Mo2O23P4Si4,2.6467
Hf2Pd1,0.0
K3La1P2S8,2.4588
Dy1N1,0.052
I3Rb1Yb1,3.1184
H4I3O11Yb1,0.2113
Pb13Pr3Rh4,0.0
As1K1S5Sn1,1.494
B4Yb1,0.0
C4Cl4Fe1H12N1,2.6702
B1Cl1Mg2N2,3.6631
Ba2Fe1Mo1O6,1.7844
Cl4O4Pb4Si1,3.5302
B6Ca1Ni12,0.0
Cl6Cs1Sb1,1.9732
Co17Er2,0.0
Ag1C1N1S1,2.6434
C1Sc1,0.0
Os1Sb1Te1,0.9523
Cs2Se6Sn2,0.9771
Mo3Sb7,0.0
Mg2Sr1,0.0
B3Cl1O9Sr5,3.9386
O7Sr3Zr2,3.0906
S4Sr1Y2,1.8271
O8Sr1Te3,2.1764
Ge3Pt1Sr1,0.0
Pd2Sn1Yb1,0.0
B1O3P1Sr3,2.0187
Be13Gd1,0.0
H2I3K1O1,1.9406
C4H12N2O8Se1U1,3.2197
As1Co2Cr1,0.0
Ag2Mn3O14P4,2.0891
La1Sb1,0.0
O4Tl2W1,3.313
F6Li1Pt1,0.2269999999999999
N2Se1U2,0.0
C1Ga1N1Si1,0.5813
C3Lu2,0.0
F6Ir1Li1,0.0
Cd1Ce1,0.0
H4Na2O8S4,3.7598
Dy2O4Se1Si1,2.6509
Cu2H1K3O14P4,1.7938
B1Eu1Rh3,0.0
Y1Zn1,0.0
Ga1Li1O2,3.9407
Ba1I2,1.7262
Te1Tl1,0.0
Eu2Ir2O7,0.0
C2Ca1H2O4,4.6783
B1Mn1,0.0
Ba1O3Te1,3.1694
K4Si4,1.2708
Al1F4K1,6.7782
Ga4V2Zr1,0.0
Ba2Ni1O6W1,3.0548
La1Nb2O7Rb2,0.0
C1Ga1Y3,0.0
Hg2Th1,0.0
Cr1Eu1O4,0.3062
F7K3Mn2,2.8080000000000003
Co1F6H12O6Si1,0.0
Er5Ga3,0.0
Ba2O6Sr1Te1,3.1247
Ce2K4Nb10O30,0.0
As1V3,0.0
Ag1Tb1,0.0
Ce1Sn3,0.0
Pt3Sc2Si2,0.0
As4K7Nb1,1.1303
Ba4Na1O12Ru3,0.7901
Er3Nd1S6,0.968
Nd3O7Ta1,3.6276
Cs6I8Re6S8,2.4163
Ca1Zn11,0.0
C4O4Ru1,2.1252
B6Co20V3,0.0
Cd1H6O16S4,1.4213
Ba2O21Ta6Te2,3.0296
Ag2Mo3O16Te3,2.1526
Fe4La1P12,0.0
Cr1H4Li2O6,3.0414
Ni1O7P2Sr1,1.8333
Co2Ge4Y3,0.0
Ba2Co1F6,3.7684
N1S1,0.0
Tl5Y3,0.0
Eu1Pd2Sb2,0.0
Ni1Si3Y1,0.0
Cd1Sb2Sn1,0.0
B4Fe3O12Tb1,2.5509
Al1Ce3,0.0
Lu1O4P1,5.9885
Ce2O7Zr2,3.0035
C2Co1H6N2O3S2,3.0093
C2H6N4O4P1Rb1,5.2854
C6Fe1K2N6Ni1,3.7262
B3H2Na3O7,4.538
Cu1Ho1,0.0
Li1O4P1Zn1,4.695
Hg1Mn1,0.0
Dy2O7Sn2,2.2087
Ag1F2O6S2,0.9797
Ba1Gd2O5Pt1,2.9369
Sr1Tl1,0.0
Cu9Mg2Yb1,0.0
La3O11Ru3,0.0
Al4Tb1,0.0
Ce3Se4,0.0
Co1Mn1O3,1.6603
I1Sb1Te1,0.8073
Co2Sn2U1,0.0
Ir5Th1,0.0
Dy5In4Ni2,0.0
Al1As1H4O6,3.6554
Ba2Ca1N4W1,1.8398
Cr1O3Sc1,2.5811
I3Pb1Tl1,2.1244
B12Ca1H12,4.9465
Ni21Zr8,0.0
Ce1Se1,0.0
B4Fe2Mo1,0.0
Ho5Si3,0.0
Mo6S8Sr1,0.0
B3H18Li1Mg1N2,6.2351
Eu1Rb1S2,0.9625
B2Cd1H8,3.6904
N2S4,1.6599
Dy1Mn1O3,0.0
Rb1Sb2,0.0
B2Ge1Mg2Rh5,0.0
Cd4K1O12V3,2.4553
Ba1Co2O7Si2,5.1108
C6Mn2N6Os1,3.5341
In3Pu1,0.0
Rb4Te16Zr3,1.0211
Dy1Ni1Si2,0.0
As2Co2La1,0.0
Ca3Fe2Ge3O12,2.3359
C1N4Si2,4.3613
Tc2Y1,0.0
P1Y1,0.0
Ba1Cu2O7Si2,1.291
Cu2Ge2Sr1,0.0
Gd2Hf1S5,0.9807
Ba2S4Zr1,0.606
Cl1F1Pb1,3.47
C1Fe3Mo3,0.0
Al9Co3Y2,0.0
Mo6S8Sb1,0.0
H6S1Si2,4.4764
Ni2O6P2Sc2Sr4,0.0
Cu5U1,0.0
F1Li1O3S1,5.795
Ho7I12Pt1,0.1134
Pt3Ti1,0.0
Na1S2Sn1,0.0
Ir1Mg1Tb4,0.0
In3La1,0.0
H2O6S1Ti1,2.7353
As2Co7O12,1.0876
Er5Ir2,0.0
C2Ca1,1.7537
Gd1Na1O4Si1,4.1993
Cd1P2Sn1,0.1374
Cu4P8Si1,1.2352
Ce2Cu2Mg1,0.0
Cl3Cu1Rb1,1.0589
C2I2,3.3156
O10Sr4V3,0.0
Re0.83Ti0.17,0.0
Cl6O1Sr4,4.58
Cs1Cu1La2Se4,1.0738
Hg1O4Re1,2.7577
Co2Ge2Tb1,0.0
Al2Ba1O4,3.9452
Ba2O6Sb1Tb1,3.5055
Ag1Bi1K2,0.6643
Mn3N1Ni1,0.0
Ni1Sb1Yb1,0.0
Br6Na3Sc1,3.789
Sn2V1,0.0
In2Li1Pd1,0.0
Al1B2Mn2,0.0
Ce1Ni1,0.0
Cu1Pb1Yb1,0.0
Ru2Si3,0.5951
Cd1Cu2Zr1,0.0
C4Co1Li1O4,4.0949
Ca1Tl1,0.0
B2Co1Ir5Mg2,0.0
Br1O1Rb3,0.4057
F6Na1Ni1Rb2,0.0
Sr5Tl3,0.0
Be1Cr1Dy3S7,1.0332
Ba4C2Cu1Na1O10,1.0071
S1Ta2,0.0
Ce3Co4Sn13,0.0
Gd2O7Si2,4.9281
Ag1Be2,0.0
O9P3Tl1Zn1,4.5478
Ba1Fe2S3,0.9267
Cl3Rb1V1,2.4321
Co1Mg1,0.0
Cu2Li1P2,0.0
B2Gd1Ru1,0.0
Cu3I2O4Sr2,0.0
Si3Tc5,0.0
O6Rh1Sc1Sr3,3.0239
As2Be3H4O10,3.988
H8Mo1N2O2S2,2.0685
Rh1Zn13,0.0
O6Sr1Ta2,3.3267
As1Ru1Ti1,0.0
C3Cr2Y2,0.0
Cl1Cr1O1,2.7744
Au1C2Cl1H8N4S2,3.5096
Nd2S3,0.7645
As2Ca1H4O8,3.7681
Al2As4Ba3,1.0707
Dy1Pd2Si2,0.0
Ru2Si2Yb1,0.0
Dy5Mg24,0.0
Er2O11Te4,3.2271
Ba2F2Fe2O1Se2,1.7436
Fe1H2O5P1,1.9259
La3O7Sb1,2.6773
Li2Mn3O8Zn1,1.5871
Cd1Ga2Se4,1.4142
Bi3Cs1Se5,1.0038
P1Rh1Zr1,0.0
C2Ho2Re1,0.0
Ce1Ga6,0.0
As2Cd3,0.0
As1Ni1S1,0.0
Ge2La1Li1,0.0
Ga2Se4Sr1,1.8192
Ce1Li1O12P4,5.1138
Cd1La1Tl1,0.0
Br1Cu1Hg1Se1,0.7826
C2Ho1Ni1,0.0
Dy1Zn2,0.0
Ga1La3,0.0
In3Rh1,0.0
Ga1Pd1,0.0
Br1F4K1,3.1216
Ba1Ni2O8V2,2.4972
As2Mn2Sr1,0.0
Ge4La4O14,3.4031
F4H3N1Zr1,4.7431
Ca1Ge2Ru2,0.0
Al1H6Li1Na2,2.8294
Ba2O3Pd1,0.6131
Al14Ca12O33,0.0
As2In1Na1O7,2.3702
Cl3Ni1Rb1,2.768
Fe1N1,0.0
Ce1Tl1Zn1,0.0
In2Sr1,0.0
Al1Ge1O5Y1,3.7671
B2Co2La1,0.0
Fe2K1S3,0.0
Ca2O7Os2,0.0651
F32O1Pb8Y6,4.2032
Mg1O6Rh1Sr3,0.0
Ag1S1Tl1,0.9711
In1Mn1Pd2,0.0
Tb1Te1,0.0
Mg4P6Rh7,0.0
Eu1Ni5,0.0
Cs1S2Tb1,2.1333
C4F3H9Si1,6.3629
Cu3Sn4U3,0.0
C18Ho10Mn13,0.0
Cu2Te3Ti1,0.1804
Al2Ir1Li1,0.0
Mo3Na2O12Zr1,2.7245
Ca3Hf1O9Si2,4.6827
Ca1H1Mn1O5Si1,1.4359
Al1Re2,0.0
C3K4O11U1,3.1415
Ba1Cd1F7Ga1,4.6697
P1W1,0.0
As1C3N3,4.2277
Eu1P12Ru4,0.0
Hg2Nd1,0.0
In2S5Zn2,0.1711
Ni20P13Zr6,0.0
Al4Ba1S7,3.1302
Ba2Cl1F7Mn1Ni1,2.5042
F4O5Tc2,1.9549
B2C1Ni2Yb1,0.0
Pd3Si1,0.0
O4Rh2Zn1,2.0289
As7Ni12Y2,0.0
Br2Hg1,2.4767
Cr1P4,0.1757
Nd1,0.0
C12F10Se1,2.7710000000000004
Cd2O9Te3,1.9263
C5Cl1O5Re1,2.6375
B3Cl1La2,0.0
O80P4W24,0.0
H3Li1Mg1,4.0865
B4H10,6.6394
Ir1Sc1Si1,0.0
Al1La3Mg1S7,2.3116
In4Li5,0.0
Ba1O6P1V1,2.4730000000000003
Ge3Rh5,0.0
Ir5La1,0.0
H16Mg1N1O10P1,4.85
Ni2P2Zr1,0.0
Cl6Er1Na3,4.8051
H6La1O6P3,1.3607
Pd1Sn1,0.0
Pb3Yb1,0.0
Cu1O5Se2,1.1264
Bi1Cu1Pt1S3,0.7629
In2Pd1Yb1,0.0
Ga5O12Tb3,3.3862
Cs2K2O5Te1,2.0238
Rh1S2,0.0
As1Pd3,0.0
Ba2F10I2Pb4,2.8421
As2O11Te3,3.1143
Rb1Te6,0.0
Ag1Bi1Cr4O14,2.4235
Hf9Ni11,0.0
Ru2Tb1,0.0
Gd1Ge1Sc1,0.0
Hg2O4S1,1.959
Ce3Mo1O7,0.949
Bi1Y1,0.0
Cu1S7Si1Tb3,1.8242
Hg3O10Se3,1.8964
Ba2Bi1O6Ta1,2.7848
Ni5U1,0.0
C4H8N2O4,2.8
Pr1Te2Tl1,0.0
H1K1O8P2Zn2,3.2452
B1P1,1.2475
Ba1La2Mn1S5,1.345
Al1Co1U1,0.0
Ba2Mg1O7Si2,4.437
K1O6Os2,0.0
Ga1Ho1,0.0
Mo2O8Pr1Tl1,3.4782
In1Mn1Ti2,0.1349
B2H8K1Na1,6.4035
Ca1Cu1,0.0
As1Ba1H1O4,3.4533
Hf9Mo4P1,0.0
Ge1Pb1S3,1.7519
Li2O4Rb2Si1,3.8612
Al1Ni2Sc1,0.0
B2Ba3O12Ti3,2.5512
Er3F10K1,7.0569
F6Fe1Nb1,1.0829
Al2Pr1Zn2,0.0
Cl6Fe1K3Na1,0.0
Cd1In1S2,0.0
B2C2Nd1,0.0
B1Cr2,0.0
Au2Ba1,0.0
Ag3Sb1,0.0
Mn1O6Pt3,0.5825
Al1C1H2K1O5,5.0826
Ni1P1Zr1,0.0
Nd1Pt2Si2,0.0
Cd2O4Si1,1.5777
Al1Sc2Si2,0.0
La1O3Tm1,1.538
Be1Rh1,0.0
Cd1Na4P2,0.7313
K4O12W3Zn1,4.4886
Ce1Cu2N12O24Tl5,0.0
Cs2Se5,1.124
Cu1Mn1P1,0.0
Fe12Na4O20,0.0
B1Co4Pr1,0.0
I2Pr1,0.0
Cu4Si4Zr3,0.0
Ag2O3Se1,2.5514
B4Ir4Nd1,0.0
Fe1P1S3,1.0083
Cu4In1Mg1,0.0
B1Cd1Cs1O3,1.811
Os2Sc1,0.0
Be1F4K2,6.8658
Br6Cr2H18N6,2.0594
Ba10O24P6S1,3.1258
As1F6H3O1,4.8234
Pt1Sc1Sn1,0.0
Na2O6Si2Zn1,3.9374
F3K1Mg1,6.9481
Hg2Y1,0.0
Ba2La1O6Ru1,0.8454
As1Mn1Rb1,0.0
Ni1O6Sc1Sr3,0.0
Ag1Sr1,0.0
Al5La1Ni2,0.0
Sb3Tb4,0.0
Ag7P1S6,1.2333
Cs1La1Te3Zn1,1.4925
Ru1Ta1Te4,0.0
B1Ba1O5P1,5.4931
Rh1Si3Tb2,0.0
Ni2Ta1,0.0
Fe1H8Na2O12S2,4.0562
Na1Zn13,0.0
Ce1Cu9Mg2,0.0
In1Nd1Rh1,0.0
Cl2Cu3H6Mg1O6,1.5674
Ge6La4Mg5,0.0
C1In1Zr2,0.0
K1O12Sb3Zn4,1.9748
As2F12Mn1O4S2,3.0305
Cs1Cu3Er2Se5,1.4204
Ce1H8O12S2,1.5875
Co1Hf9W4,0.0
Cu3N1,0.5149
Ni1Pu1,0.0
Al2Cl8Hg3,2.4913
Al1Li1O4Si1,4.854
Ba1Hg1,0.0
Rb2S2,1.7045
Al1Sr1,0.0
Cl2Cs1Li1,5.0772
B13Co1Tb4,0.0
S2Sr1,1.2788
Rh2Si3Y3,0.0
Hg2N6,2.1625
Bi1Cl1Te1,1.3369
Ga1Pd2,0.0
O2Rb2Sn1,2.2283
Ho2O4S1Si1,2.6586
Ce1Na1Se2,1.9055
C2Cs2H2O5,3.4116
Hg1Pt3,0.0
As2Ti1,0.0
Cl4Sr1Zn1,4.6311
Ba3Mn2O8,1.8109
C8Cd1H10O12,2.7924
Dy1Sb1Zr1,0.0
Bi2O9W2,2.3139
Cu1H2Na5O4,1.8099
Rh2Si2Sm1,0.0
N1Tc3,0.0
Cd1Pd1,0.0
Pb2Pd3S2,0.0
C4H10N8Ni1S2,3.0464
Cl2O6Pb2Pd1Se2,2.0182
K3N6O12Rh1,0.0
Eu1S4Sb2,0.0
S2Th1,1.1259
Cu3O4V1,0.7223
C1Lu3Sn1,0.0
La1S2,0.0
Ca1Nb2O11P2,2.7606
Y1Zn5,0.0
Ag2S3Si1,1.818
Cr1H2,0.0
N3O10V1,2.979
Cr2Ho1Si2,0.0
Na1O12P3V3,0.0
F1Gd1O4S1,5.7986
Al4O15Sr6Y2,4.0011
Ce2Ru1Zn4,0.0
Ba2Ca1O6Re1,0.0
Be1La3S7Ti1,1.2654
Ga1Gd3O6,3.5121
Ca3O6U1,3.1435
Al5.33Ba1.33O16Sb2.66,3.2493
La2O2S2,1.1044
Dy1Ni3,0.0
O8P2Zn3,3.9963
B2Ho1,0.0
Ce1Rb1Se2,2.0309
Ca2Ni7P4,0.0
As2F12I4S2,1.2169
B5Gd2,0.0
Dy1Ni1Sb1,0.1038
Cl3Ga1Li1,3.723
Ir2Pr1,0.0
Br3Ir1,1.9975
Nd3Ni6Si2,0.0
Au2Sb1Tb5,0.0
Fe23Zr6,0.0
Fe2Mo1,0.0
Ge4Li15,0.0
O6P4S3,4.1411
Ge1S4Yb2,1.7508
Pt1Sb2,0.0
B2Er5F9O6,5.9976
B1In1La3,0.0
Ce1Cu2Ge2,0.0
Mo6Nb1S8,0.0
Na3S3Sb1,2.3932
As2Ho2Ni1,0.0
Co1Dy3,0.0
C1Rh1,0.0
Ca1Se1,2.076
B2Dy5F9O6,5.9354
Cd2Gd1,0.0
Lu2Mg1Se4,1.4897
C2Ce1,0.0
Ge2La1Pd2,0.0
Nb1Ni2,0.0
Pd3Tm1,0.0
C14H28Mn1N6O4S2,0.0
Cu7S4Tl1,0.9532
B1Ba3O3P1,1.4611
Ca10H2O26P6,5.2168
B12Mg1Si2,1.939
H8O4P2Rb4Se6,1.3949
Ba1O3Zr1,3.0365
Ca2H1N1,1.6384
Ho5Pd1Sb2,0.0
I1Nb3Se12,0.198
Ba3Nb2O9Zn1,2.9503
F6Ir1,1.5735
C2Cu1Rb1,2.2178
Al8Mo3,0.0
Li3Sb1,0.6938
Ir1Si1Ta1,0.0
Al1Fe1La3S7,2.1454
Cu3Nb1Te4,1.0677
Ce1Fe2K5N12O24,2.1444
I5Ta1,1.2908
Br8S9Ta4,1.3493
Dy3Ni1Si2,0.0
F2O24P6Sr10,5.2185
F6H12O6Sn2Zn1,3.039
B2Y1,0.0
Se2Tb1Tl1,1.251
Cs1Si1,1.2025
Nb2Se1,0.0
Sb1Sm1,0.0
C2Yb1,0.1937
Ge3Tb5,0.0
Cs1Ga1H1O10P3,4.941
Li3O4P1,5.8019
Ag1Au1Cl6Cs2,0.9811
H3N1O6Sr2,2.8871
Pr3Sn1,0.0
I2O6S1,1.8855
Co2Cr1Ga1,0.0
Ce1Cu2In1,0.0
Au1Nd1,0.0
Cd1Co1La4,0.0
B4Cu1Er2O10,1.7108
Ca2F2Mg5O22Si8,5.0062
Nb1Sb2,0.0
Cl3O1P1,4.5571
Ge1Li2O5V1,1.8234
Mn1Si1Ti2,0.0
Cu1Ga1I4,2.0366
Sn2Sr1Zn2,0.0
B2Ca2Cu1H12O12,0.0
Br1Cs1,4.2668
B1K1O6Si2,5.3123
Al1C1Tb3,0.0
As1Cl3F6Se1,3.7154
As6Na10Sn2,0.0419
Se3Tl5,0.0
H5Li4Rh1,0.0
Ni2Sn1Tb6,0.0
Cl4Pd1Tl2,1.4342
Be13Sr1,0.0
Al2Sm1,0.0
Br7P1,1.2493
B1Er1Fe4,0.0
Ag1Ho1,0.0
B6Ni20V3,0.0
Mg1P4Rh6,0.0
O2Zn1,2.753
Ag1Ba1Er1S3,1.3097
Co7Nb6,0.0
C4Cd1N4Se4Zn1,3.1012
C4Fe1H12O6S4,1.5761
Bi4Ge1Te7,0.6364
Ce1Ga1Zn1,0.0
Cu1Ge6La2,0.0
O13Te5Yb2,0.0
C2H8In2O14Se2,3.4179
Fe2Pr1,0.0
Cd1F1H1O1,2.1697
Br2O3Te1Zn2,3.2095
Bi1C9H3O9Ru3,2.4647
As3Ca1Fe4,0.0
Ba1O4W1,4.6659
Ce1Ge3V1,0.0
K3Mn1O4,2.2603
La5Sn3,0.0
Ba1Mo2O12P3,0.0
Gd1Pd2Si2,0.0
In2Sr1Te4,0.9057
Ag1Cs1O1,1.4793
Nd1Ni2Sn2,0.0
In5Se7Tl1,0.3627
Ga1Mo4Se8,0.0
B2Os1Yb1,0.0
Ba2Nb1Nd1O6,0.0
Fe1H10N4O8S2,0.94
Cl7In1Y2,3.9874
I1Se2Tl5,0.669
Cu1Pd1,0.0
S4Sb1Tl3,1.4774
Cl2Yb1,3.4039
Ba2Gd1Nb1O6,3.1456
Ba1O3Sn1,0.0
Co1Hf4P1,0.0
B1F3N4S4,1.971
Ce1P1Pd1,0.0
Er1In1Pt1,0.0
Cl10Re2,0.5195
Nb6Ni16Si7,0.0
Co2N12O24Tl5Y1,0.0
Sb2U1,0.0
Ag1C2F6H2N2Sb1,3.8491
C8,2.4528
Co1Sc3,0.0
Al1Ho1Ni1,0.0
Au1Na2O2Rb1,2.1716
Br2F12Pb7,4.0434
Al2Si2Sr1,0.0
Cs10Ga6Se14,2.126
C8H2O8Os3S2,2.8333
Rb4Se12Tc6,0.7968
Ba3Pb5,0.0
Mn1Nb2O6,2.9659
Re2U1,0.0
Pb1Pr3,0.0
Mn1Pb1Rh2,0.0
Fe1K1O8S2,2.0052
O6Sr3U1,3.2022
O1Tl2,0.5897
Be13Tm1,0.0
Ho1Te1,0.0
Cd1Na2O8S2,3.9149
Er1Pt1,0.0
H12Mg1N2O12,3.5091
Ge3V5,0.0
Cs2O1,0.6399
Br7Tb6,0.0
C19Ho15,0.0
C1Pd1,0.0
Eu1Ni2Sb2,0.0
La1Ni1,0.0
Sb2Se4Yb1,0.7176
Bi1O5P1Pb1,3.3623
Ga4Mn1,0.0
H9N1Si3,4.1989
Cu5Er1,0.0
Al1C3Nb4,0.0
Ba1Bi3,0.0
Mn1O11Pb5Sb2,1.4083
Lu1Os2,0.0
Bi1I1O2Sr1,2.8908
Nd1Si2,0.0
Ca1Si1Zn1,0.0
Cu1Ga1Hf1,0.0
Al3Si1Tb6,0.0
Al1Pt2,0.0
Fe2Mo3O8,1.5593
H1Li4N1,1.9053
Fe2Li3O12P3,2.3985
Cd1Cu1O4V1,1.4305
Ir4Nd3Sn13,0.0
K3S4Sb1,2.1222
Ba9C1N10Nb2O1,1.7987
C1Re2,0.0
Ag1F3K1,0.7561
B1C5,0.0
C1Pa1,0.0
Br5K2U1,2.9832
Ge1Se4Sr2,1.7027
In1Pd1Yb1,0.0
Co1Si1,0.0
As1Sr2,0.0
Cl2Pb1,3.172
C1Dy1Fe2Si1,0.0
Ba1Cu1O7V2,2.0343
Cu1Dy1O1Se1,1.4579
Cr1Se3Th1,1.0877
Cs2F6Mo1Tl1,3.0131
Pt2Tb1,0.0
Ir1K4O4,1.2571
Gd1Ge2Rh2,0.0
P2Sc3,0.0
Ge1Li2O5Ti1,3.8181
Cs3H5Mg1,2.5713
B2O9S2,6.6801
Cu4Mg1Sn1,0.0
Re1Si1Ti1,0.0
Eu1Rh2,0.0
Mg1O6Pb2W1,2.5853
Ba1Dy2O5Pd1,2.3568
H1Nd1O2,3.7497
Pt1Ta1Te5,0.0
Ag2As3Rb1Se6,0.9222
C6La1N9,3.6888
Ag1Nb3S4,0.0
Ag1N1,0.0
S4Sc2Zn1,0.9572
Ru1Si1U1,0.0
Co3Ga1Y3,0.0
Cr5S8,0.0
Mo3O16Pr5,0.0
Au5Mn2,0.0
Co5Gd1,0.0
B3Ba5Cl1O9,3.7128
Ag1As1K2,1.0287
B1Ba1Bi1S4,1.9768
Tl3Y1,0.0
Cu2Dy1Ge2,0.0
B1Dy1Rh3,0.0
Al2Mg2Se5,1.075
B4H16Na1Sc1,5.1092
Cl2Fe1,0.0
Ge2Rh2Th1,0.0
Co3Cs2S4,1.4054
Cr2Te4Ti1,0.0
Cu1O4Se1,0.2984
N1Pu1,0.0
C4Co1O4Rb1,3.9408
Cu2La1,0.0
Al3Tm1,0.0
P2Ru1,0.4636
Ba2F14Mg4Sr1,6.5791
I3Li1Sc1,0.0
Ba1H8O5,4.8042
O2Rb1Sb1,2.2291
Ca1F3Rb1,6.3806
Nb4O6Sr1,0.0
Ba1Si1Zn1,0.0
Ag3B1O3,0.8140000000000001
Ru1Te2,0.5123
B3Ca4Li1N6,2.1958
Li1O3U1,3.3155
Er1I1Se1,2.3039
Au3Pd1,0.0
C2Nd1,0.0
Fe1H4K1O14P4,0.0
F1H4Mg1Na1O6S1,5.02
As4C3,0.0
Cr1Na1Se2,1.6395
In1Pt1,0.0
Ba1F22Sb2Xe5,2.5525
Ba1C2H4O6,3.4153
Cu2Ge1Te4Zn1,0.0
Ge2S6Tl4,1.7039
B1C1Mo2,0.0
B1I3P4S3,2.2732
As2K2S6Sn1,0.7808
Fe1Li1O2,0.0
H3Pu1,0.0
Au5Ca1,0.0
Ir1K1O3,0.0
O3Pb1Rb2,1.2583
K6Mg1Na14Tl18,0.0
Fe1N2Sr2,0.5527
Er1Mn2,0.0
Au1Ge1Yb1,0.0
Ni1O6Ru1Sr2,0.0
Fe3Si5Tb2,0.0
Cu2Se3Si1,0.5451
Ni3Sb2Zn1,0.0
Co3O1Ti3,0.0
Cd7Th6,0.0
Br1Eu1I1,2.9942
Ni1P2Zr1,0.0
Lu1Si2,0.0
C6Co1Fe1H18N12,0.0
C1N1Na1S1,4.1828
Cs2Pd3Se4,1.21
Ce1Cu2Sb2,0.0
Li1P1Zn1,0.0
Ag3C6Co1N6,4.2336
Co4La3Sn13,0.0
Cl6Hg3Te2U1,2.9053
Al1Ni2Y2,0.0
B3K1O9Zn4,3.3855
N5Ta4,0.0
C1Cl4H5N1Si2,4.974
Al23Ni6Yb4,0.0
Fe3Si1Zr2,0.0
Ca6Ga1N5,0.7756
Ba24Si100,0.0
Ba2O7V2,3.4675
I3Sb1,2.125
Ba1Ge2P2,0.4923
C3Er2Mo2,0.0
Dy2O7V2,0.8457
Br6Rb2U1,3.102
O3Te1Zn1,3.593
Nb3Sb2Te5,0.8039
B1Ta1,0.0
Ru1Zn3,0.0
B1Br6P1,2.6894
Cl1Ge1H3,4.6883
Bi12O20Ti1,2.3919
H3K1Mg1,2.5037
C2H3O4Rb1,4.824
As1Pd1Sr1,0.0
Ba3Li1N1,0.0
Pd1Th2,0.0
Ir2Sc1,0.0
As3Cs1Zn4,0.141
Ga4Ge1O8,2.1528
Al2Ni1Tb1,0.0
Li1S1,0.0
Gd1Mo4Na5O16,3.8409
Br6Hg3Se2Zr1,1.3701
C1Ce1Rh3,0.0
Bi2Cu1U1,0.0
B2C2Ca1,0.0
F6H12N2O4Ti1,4.2159
Mn3O10Se3,0.0
B1Ba1F1O3Zn1,3.939
Mg1S4Yb2,0.0
Al3Br12Nd1,1.7234
Bi1Cl1Mn1S2,1.7857
C1F4,9.084
Rh5Si3,0.0
O7Sn2Tb2,2.2262
As2Dy1Ni4,0.0
K1Mo3O14P2,0.0
Ag1Nb2P1S10,1.4526
C6Cu1Fe1N6Na2,0.0
Fe1Ge2Li1O6,2.2133
C2Hg1N2S2,2.1198
B1C1Ho1,0.0
C4I15La10,0.0
Pt1Y2,0.0
Cu2Hf1In1,0.0
Ga3.33Sc2,0.0
Mg2Zn11,0.0
Ag2Dy1In1,0.0
Co1Cu2S4Si1,1.0783
Ca1Cl2H8O4,5.2366
Cr1O3Pr1,0.0
Cr1Ir3,0.0
Al1O4W1,1.4397
As1Ce1Rh1,0.0
S5U2Zr1,0.0827
Ag2I6O18Ti1,2.9861
Ga1Li2Rh1,0.0
Ge4O9Pb1,3.5317
Cu2In1Nd1,0.0
Cu2S2Tb1,0.0
Cu1Sb2Yb1,0.0
Al8Ce1Fe4,0.0
C1Co2Nb4,0.0
Ru4Sc11,0.0
B6Rh1Sc2,0.0
Th1Tl3,0.0
Br5Rb1Sn2,2.3871
Cs2O4U1,2.6388
Ir1Mg1O6Sr2,0.8139
Er1O6Re1Sr2,0.0
O6W1Yb2,0.2634
Al1I3,3.2595
In2Ni1Y1,0.0
Li1Pb1,0.0
Ge1Lu1Ti1,0.0
Ba1Ni1O5Y2,1.9776
Ge1Se8V4,0.0
Ag2La1Si2,0.0
Co1Cs2I4,2.3613
Co3Cu2Ho1,0.0
F6H2N3Sb1,0.4812
Cu3Na1Te2,0.0
Mn3Rh1,0.0
Ag1Ba1F1S1,1.8291
Si1Zr2,0.0
Cl5Na1Sn2,2.8498
Al1Ce3S7Zn1,2.5607
Ge7Ni16Zr6,0.0
Ge2Ru2Th1,0.0
P2S6Tl2,1.7219
C2Mo1Pr2,0.0
Br1Cu1H6N2,2.4106
Al8Cr4Yb1,0.0
As2V3,0.0
As1P1U1,0.0
Ge1K1O5P1,3.1849
Al16Hf6Rh7,0.0
Cu23Lu6,0.0
Cs4Se6Sn2,1.5804
Cr1F8H2Na2,1.8134
Li1Ni1O2,0.7136
Cu5Sn4,0.0
Ta1Zn2,0.0
Cs1O3V1,3.0980000000000003
C1Ho2N2O2,3.9996
Nd1Se1Te2,0.0
B4Ni1Sc1,0.0
Ge1K1Pr1Se4,1.5388
S2Zn1,1.7184
Ca1Zn13,0.0
Au1Cl5S1,1.6771
O2P1Ti3,0.0
Ca1Zn1,0.0
Al3Ho1O8Pb2,2.9933
K2Mo1O4,4.2027
Li8O6Pt1,2.5163
P1S4Tl3,2.2521
Ga1H1Sn1Sr1,0.3603
Ba1Nd2O5Pd1,2.6398
C6Mn2N6Ru1,3.967
Mg1Pr1Sn1,0.0
Co1P1Pd1,0.0
Ce1In1Ni1,0.0
Mn4Nb2O9,2.2154
Tb1Zn12,0.0
Ca1Cu9Sn4,0.0
Al1Ce1Pd2,0.0
Fe2Sn1Ti1,0.0
La3Rh2,0.0
Cs1Te5Ti1U1,0.0
C2H9Mn1N1O7P2,4.3449
Cr3K1O8,2.0284
F6H6N2Si1,7.0782
Cd1Co1F6Li1,2.5162
B6Ni20Sn3,0.0
Ge2In1Yb2,0.0
I2O1Ta1,1.1086
Br6K2Te1,2.2195
N2Se3Tb4,1.3376
Ba2Cl1In1O3,2.0767
Co2Sc1Sn1,0.0
Sb4Zr5,0.0
Rh2Si1,0.0
Al1Cs1O4Si1,2.7310000000000003
Ba12Cl5F19,5.9823
C1V3Zr3,0.0
Ce1H2Ni1Sn1,0.0
As2Pr1,0.0552
N6O1P4,4.3498
K2O12U2V2,1.3659
Bi1In1,0.0
Al1Cl4N1S2,2.1093
F1N1O3Xe1,2.3714
Br1F8Sb1,2.7376
Au2K2P2Se6,1.0877
As2Dy2Ni1,0.0
Cu1Fe1Pt2,0.0
B2Ce1Ru3,0.0
Au1Nd1Pb1,0.0
Cd2K1Sb3Sr2,0.216
Bi1Cu1O8W2,1.4335
Cu11O26V6,1.0002
In1O6Sr2Ta1,4.0924
La4N2Te3,0.8373
Ge1S1Th1,0.0
Si1Ta4Te4,0.0
Cd1P1Pd5,0.0
Al12Ru1,0.0
Ag2Cl6Re1,2.4201
C4Cl3Co1O4Sn1,2.9358
Cl2Cs2H6O6Te1,3.3069
Ba2H7O7Tl1,2.4989
Cu1Si1Tb1,0.0
Mg6Mn1O8,2.2626
Co8Ni1S8,0.0
B1Cr1O4Pb1,2.2815
Ho1Rh5Si3,0.0
Au1Sn1Tb1,0.0
Cr1Ga2S4,0.0
Ba1O7P2Zn1,4.7476
Ba1Cr4S7,0.8195
Cu1Li2O7P2,1.9602
La2Mg17,0.0
Hf1Ni2,0.0
K3Nb3O13Si2,2.4401
K1P2Se6Y1,1.8857
Ba1Pb1,0.0
Ga4Ho1Ti2,0.0
Co4Nb2O9,2.5347
Ag2Gd1Si2,0.0
Ga12Pd1Tb4,0.0
As2Ni3O8,2.2303
N2O6Pb1,3.5884
Ag2Nb4O11,2.8349
Br5Pb1Tl3,2.888
H3O2Rb1,4.2337
Li7N4P1,3.4757
F7Pb1Ta1,5.299
Ni4P2U1,0.0
In2Pt3,0.0
Se9Sn2Sr4,0.5964
Cd1Ho1,0.0
F2H1N1,4.4237
C2Ge1Ti3,0.0
Se2U1,0.1811
H12N2O14U1,3.4934
Bi1Li1Zn1,0.0
Mo3Sn1,0.0
Al20Ce1Ti2,0.0
La1Os1Si3,0.0
C2Co1La1,0.0
Ag1F4Na1,1.931
K1O8S2V1,2.2388
Se3Tl2,0.7601
Bi1Li3O4,1.1647
Ba5Cl2O9Ta2,3.5951
Ba1H2N2O5,2.4292
Dy3I12K5,0.0
Co1Sc1Si1,0.0
B1Ni4Y1,0.0
O10Ru3Sr4,0.0
Au1Cs1F4,2.9787
H2O8Se2Zn1,2.7484
H20K2Mg3O24P4,5.0032
In2Rh3S2,0.0
Ba3In2P4,1.1296
Cs1F2Li1,6.2376
F6Fe1K1Rb2,0.0
F3H9N2O5S1Te1,4.2165
H2Mg1O8S2,0.3386
C14H39In1O1Si4,3.771
As1H1O14S4,4.5456
Ce1S3Yb1,0.1819
Cr6Gd1Ge6,0.0
Cu2Lu1Si2,0.0
Eu2Fe1H6,0.0
Bi4O11Ta2,2.8477
Cl1In5Se5,0.9164
As1K1Mo1O6,2.5340000000000003
Ag1Pr1Sn1,0.0
Rb4S13Tc6,0.8568
Be2Nb1,0.0
Ca1O5Si2,4.7796
Ba4Br2Si3,0.3292
Cu7Hf6Zn16,0.0
Dy1Pd2Sn1,0.0
As2Cd2O7,1.7232
Dy5Si3,0.0
Ge1Hf1Ir1,0.0
B6Ba1Li3Na1O12,5.1945
H6Hf1Na2O6,4.4053
S3Tl4,0.9197
B7Dy3W1,0.0
B6H5K2N1O2,1.7817
Tl3Yb1,0.0
O18P4,3.0986
As2C6F12N12O6S12Zn1,2.2189
Ga1Li5O4,3.8359
Br1Ce3S8Si2,2.7176
Ca3O12Si3V2,0.0
Er1Ni2Sb2,0.0
Fe2Ge1Mo3N1,0.0
Al18Mg3W2,0.0
Cl6Hf1Te4,1.269
Ge2Se6Tl4,1.0871
C1H4N1Na1O2S1,3.9868
Pd1Sb2Sm1,0.0
Ba4Li1O12Ta3,3.2051
Pt1Tb1,0.0
Dy3Ga5,0.0
Al1Sm1,0.0
Ga2S5Sn2,1.6693
Ag1O4Re1,3.0906
Ag1As1Pb1S3,0.3266
As1Cl1Co2O4,3.1841
Co1Hf2,0.0
Cu1Na1O4P1,1.5341
Ba2F2O2Pd1,0.0
Er2S5Zr1,1.2806
Er4Ga21Ni10,0.0
Li4Pt3Si1,0.0
B1Ce1N2,2.1898
Ca2Ge1In2Sr1,0.0
Dy2S5Zr1,1.2214
Cu23Dy6,0.0
Ir1Ta1Te4,0.0
Sb4V5,0.0
Dy1Pt3,0.0
Ge1Mn1Rh1,0.0
C4Cd1H20N2O12S4,4.9123
C1F2Ho2,1.1331
Ba2O8V2Zn1,3.4926
As1Cu1O4Pb1,1.96
Lu1Rh1,0.0
Lu1Pt1,0.0
F6K1Rh1,0.8652
Al2As4Ca3,1.1171
Cl2O7Pr2Ta2,3.2261
Br2O1,0.0
Se1Sr1,2.2318
Sn3Sr5,0.0
Ca1K3O15V5,2.7196
Cl2H8Mg1O12,5.2422
B1Li1S3Sr1,2.3945
Ba2Nb6O21Te2,2.4144
Fe2O4Y1,0.0
B3La2Na3O9,3.7361
Al2C3Th2,0.0
Cu1S2Tl1,0.0
Cl3F2Rb2Sb1,3.0614
B1Ba1Cu1La1O5,0.0
Cr1In1O3,1.7014
K8Tl11,0.0
Fe2I1La2,0.0
Ce1O7P2,2.2478
Nd1Os4Sb12,0.0
B2Ba1Rh2,0.0
F11Kr3Sb1,1.2312
Ba1C2Mg1O6,4.0849
Nd1Ni2P2,0.0
Dy1Ni4P2,0.0
C5I1O5Tc1,2.3827
F9O1Sb1Xe1,2.1816
Ga2Ge4O14Pb3,2.2081
Nb3Os1,0.0
Al2Hf3,0.0
La1Mg3,0.0
Cd1Cl2O2Pb2,2.5474
C2N4Si1,4.2467
B13Co1Y4,0.0
O4P1Tm1,2.3553
K6Mn1Se4,1.6476
Fe1P1Ta1,0.0
Mo1O1Rb2S3,1.8926
Al1Na1O8Si3,0.0
Au1Bi2Na1O5,0.8844
Fe2P2U1,0.0
Au3Rb3Sb2,1.3468
Bi1Co2Cr1,0.0
Bi1Rb1S4Si1,2.0728
Ce1Li1Sn2,0.0
C6H20N2S6,1.7516
O8Te3Ti1,3.0641
Ba5Cl1O15Re3,2.6434
Mg12Pr1,0.0
La1O9Sb3,1.4127
O3Ti1Y1,2.3799
Pd9Si2,0.0
La1Pt2,0.0
B4Fe1U1,0.0
Fe1H1O2,1.9107
K2Re3Se6,1.1326
Ag1C2Cs1,2.969
Ag2Rh15S15,0.0
Ag2Nb1P2S8,1.7357
Cr1Gd1O4,0.0
Al1H6K3,1.8438
Bi3Tb4,0.0
Er1Mo6Se8,0.0
Ce4Cu1S7,0.9377
P6S18Zn4,0.3615
Au3In3Yb3,0.0
Ni2S6Ta9,0.0
La3Mo1O7,0.925
Be22Mo1,0.0
Ag2Ba1Te2,1.0171
Pr2Pt3Si5,0.0
Al8Ca1Cu4,0.0
Ba1O3Rh1,0.0
C2Cs2H4O6,3.4048
Ce1Hg3,0.0
Cl1La3S8Si2,2.8378
O12Si4Sr4,4.6003
O11Pr2Te4,3.2912
Cr2H4K2Mg1O10,2.8427
Pd1Pr1Sb2,0.0
In3Mg1Sr1,0.0
B1Ho1Ni4,0.0
Cu1Nb1O3,1.4961
Ce2Rh1Si3,0.0
Cu1H4O5Se1,1.4012
K3Na1Se8Sn3,1.3168
C5Tb4,0.0
Cs2F6Ga1Na1,6.0263
As3Na5Sn1,0.3289
Au1P1S4,1.2119
K10O2Tl6,0.0
Fe16Hf6Si7,0.0
C5Ru6Th2,0.0
Dy3In1,0.0
H6Li1N3Na2,2.3273
B1Li1Mn1O3,2.7013
Co1Sb1Zr1,0.0
C1H1N1,3.6444
Cl6H8N2Sn1,1.9946
Hf1Pd3,0.0
Au3Ga2Rb1,0.0
Cu1H8O16P4Rb2,0.0
O4P1Pr1,4.0784
Cu4K1Se3,0.0
Ni1Sn1Tb1,0.0
Bi1Sn1,0.0
P1S1Ta1,0.0
Cl1Eu1O1,0.0
Ge4Sc5,0.0
Pt2W1,0.0
N2Sr1Zr1,0.2339999999999999
C3H15N6P1S1,4.2427
Ba2O6U1Zn1,2.8908
K2O7P2Sr1,4.7696
Bi1Cs2F6Rb1,4.7572
B1C1Lu1Ni1,0.0
C2Re1U1,0.0
Mo6Pr1Se8,0.0
Ag1Er1Pb1,0.0
I1Nb1Te4,0.5011
Al1Ca1F14Mg3Na3,6.8417
Cu1P2,0.8729
Fe1Sb2Ti5,0.0
Cu1Ge1La3Se7,1.2837
Li3P1,0.7001
Rb2S8Sn2,0.9572
Ag2H3I1O6,1.3106
N2Sr1,0.0
Al1B14Tb1,0.0
Ge1Mg2S4,2.285
B6Ce1Cr2,0.0
Pd1Tm1,0.0
As2Ba2Mn1O2Zn2,0.0
Ba3C5F2La2O15,4.43
Ba1Ge3Ir1,0.0
S2Tl1Yb1,0.0
Cl1Cu1Hg1Se1,0.9268
Ce1K1S2,2.3932
Ba3Sn5,0.0
Al1C1Mn3,0.0
Ba2Cl4Cu4O11Te4,0.4206
Ce1In1Pd2,0.0
Ni3Sc2Si1,0.0
Fe1Ge1Hf1,0.0
Er2O5Si1,4.7088
I5In3Sn1,1.9798
Hf1Rh3,0.0
As1Mn1Ru1,0.0
Al2O8Si2Sr1,2.7074
C15Er12Re5,0.0
Fe5H1O8,1.4680000000000002
Al1Dy2,0.0
As2O5,1.4359
Na8Si46,0.0
Al1Au2Hf1,0.0
O1Pu1,0.0
Cu2Rb1S4V1,1.3675
Eu1Pt1Si1,0.0
B1La1Ni4,0.0
B3H16Li3N2,5.9394
Cu5K2Te5,0.0
Co1Na2O7P2,4.0694
H2Se1,0.0
F4H10N2O2V1,2.7345
Au1In1O2,0.1328
O5V1Yb2,0.0537
La2Rh1Si3,0.0
Pd3S4Y1,0.0
Ce1Pb3,0.0
B2Ru1,0.0
Pt3Sb1,0.0
Ho1Na1Se2,1.8728
Ge1Ir1Zr1,0.0
B2Bi2Ca1O7,3.2345
Er3Ru1,0.0
Li1Sb1Zn1,0.5205
C2H6Se2,1.9872
K1Ni2S2,0.0
Ge7Hf6Ni16,0.0
Ba1Cl1H1,3.4843
Mn5O12Si3,0.0
Ge10Rh4Y5,0.0
H12Mg1O9S1,4.992
Ge1Pt1,0.0
As2Sr1Zn2,0.5981
Dy1Ga1Zn1,0.0
Fe4P2Zr1,0.0
Ho1Ni1P1,0.0
Hg3O6Te1,1.1426
As1O4Sc1,3.5213
Ba2In1O6Ru1,1.5247
Ba5I3P5,0.0
Cr1Ni3,0.0
Mo3Na1O16P3,1.0278
Cl9S1U1,2.2881
C2N2S2Se1,2.2543
Er1Ni1,0.0
Ba3O13P4,5.1072
Mo2Ni3O11Te1,2.6004
Cl3Y2,0.7554
Ge3K1O9Ta1,3.4616
Ge1I6K2O18,3.1492
Au3Cd5,0.0
O1S2Sb2,1.2332
Mo3Si4U2,0.0
As1Nb1Ni1,0.0
Ca1Cu1O2,0.9296
As1C1F11S1,4.5924
F2H2O5S1Sn2,3.8182
Cr1Se6Tb3,0.2856
Hg3Th1,0.0
C10O10Os2Pt1,2.5141
Ce1Mg1Pd1,0.0
Au2In1Y2,0.0
Au2P2Pb1,0.0
Al2Eu2O7Sr1,0.0
As2Cu1Yb1,0.0
Gd1Mn2Si2,0.0
Sn2Tb1Zn1,0.0
Cl9Ta1Te1,2.7796
C5N4,5.9311
Al1F6Pd1Rb1,2.4334
As3Mg4Na1O12,3.1902
B2Ca1Rh3,0.0
Si2Tc2Th1,0.0
Cl1O2Pb1Sb1,1.9182
Ga3Ni3Zn1,0.0
B6Ce1Co12,0.0
Er2H2Mo3O17Se2,1.3809
K1Nd1O12P4,4.1137
Ag1Cr1O2,2.2739
La1Ni3,0.0
Nd1Pt1Sn1,0.0
Er1Na1Se2,1.9048
Mo1O5V1,1.3856
C3H6N4O3,4.3607
Rh1Si1Ti1,0.0
P4Re3,0.0
Er1Mg1Sn1,0.0
Cu1Er3Ge1S7,1.8034
C6F12Fe1O6Sb2,4.445
C12Cl6Gd10,0.0
O3Rh1Tb1,1.7439
Co1Ho1Si2,0.0
Ge3Ho2Pt9,0.0
Co1Nb1P1,0.0
Ag2Si2Tb1,0.0
O13P2Pb8,2.0464
H3P1,0.0
Gd1Pd1Zn1,0.0
Ag1Dy1Se2,1.5506
Cd1Cl3Rb1,3.6169
Ni1Pd1Si1,0.0
Al1C1Fe3,0.0
Mo1N1Na5O4,2.6697
Au2La1,0.0
Cl4H18N6O8Rb1Ru1,4.4365
Cu3Eu1O8Pb2Sr2,0.0
Ag8Ge1Se6,0.1817
Ag1F6S16Sb1,2.7753
Mo1Ti1,0.0
Au1Ga40Mo8,0.0
Au1In1Sr1,0.0
As2Hg6O8,0.487
Al3Ni5,0.0
O4Sr1W1,4.4091
Cu1Pr1Sn2,0.0
Al1S2Tl1,1.9709
Ba1In4Ir1,0.0
Ag2Rb1S4Sb1,1.1101
Al1N1Zr2,0.0
Br1Cu1Te2,0.9069
Sb1Sc2,0.0
Ge2O7Y2,3.6942
B1Li3S3,3.0502
Hf1Zn2,0.0
F4Na1Sb1,4.3289
F7H1I1N1O1,2.3832
Ge13Ho3Os4,0.0
Fe3Ni1,0.0
In1Pd1,0.0
N4Sn3,0.0
Cs1H1O4S1,5.3751
Er1O3V1,0.7914
Ir4Sn4Sr3,0.0
As2Ba1Ni2O8,2.7052
Au1Ce1Ge1,0.0
F1I1O2,2.8947
Al1C1Sc3,0.0
As1B1O5Pb1,3.3798
Al3Ca8,0.0
Er3Ga2Mn3Si1,0.0
Ba21O5Si2,0.0
Eu1O1,0.4356
Fe1Hf2,0.0
O48Si24,5.6563
K3O13Si2U3,2.9278
B7Br1Cu3O13,0.7951
Cs1O12P4Pr1,4.7015
Al2N2O3Si1Sr1,3.7115
Fe2La2S5,0.1964
Hf3P2,0.0
Cs8In2O7,1.8841
Ba1F8Tm2,1.9746
Br5P1,1.6182
Hf9Mo4Si1,0.0
Ca1Cu4In1,0.0
K4S11Ta2,1.8058
Ge2La1Rh2,0.0
Ge2In2O7,1.8693
B1Br3I3P1,1.9356
Ba2Li1O6Os1,0.0
Al3O20P6Rb1,5.4375
Fe2Sc1Si2,0.0
O1Pt1,0.0
Ba1N2,0.0
C1Ni6W6,0.0
Cu3P1Se4,0.2957
B4Cl4,3.3310000000000004
H3K3N3O6P3,5.2279
C4Ni13Yb4,0.0
As1O4Yb1,0.0
Ag2In1Li1,0.0
Na1O4Ti1Y1,3.0576
Cu5S7Si2,0.0
Cs2F6Na1Tl1,3.6236
N1Sr2,0.0
Fe16Si7Ta6,0.0
Ag3Ba4Ge20,0.0
As1Ce1Fe1O1,0.0
P1Ti3,0.0
B1Ca1O5P1,5.3127
Ge1O5Pb3,2.2761
Mn1Rb2S2,2.1341
Al43Dy6Mo4,0.0
Ir3Li1,0.0
B1F7S1,4.956
Li2Ni1O2,3.4566
Br3U1,2.6179
Nb5O17Sr5,0.0
Cl9Cs3Y2,4.8832
Pd1Si1U1,0.0
Fe2Ni1O4,0.0
H8K2O16P4Zn1,5.2318
N4O12Pd1Rb2,2.616
Ge4Na8Te10,0.9696
Mn4Si7,0.8825
La1Ni1Sb1,0.0
C1H6N4S1,3.4226
Ga1Li2Pd1,0.0
Al1Cl4Li1,5.5491
C1F1H3O2,5.4466
B1Ge1La1O5,3.9164
Si4Yb5,0.0
In1Ni2U1,0.0
Al1Nb2,0.0
Ba1F4Fe1,3.0653
Na2O2Pt1,2.0676
Cl4Cr1Na2,2.2669
Br6K2Re1,2.313
F6Mg1Pd1,2.289
Br1Hg2P3,0.9347
Ce3O8Zr1,2.3018
Na2O7Te2,0.7066
Ag1Cr4O14Tl3,2.2404
Cu6O18Si6,1.6831
Cl1In1O3Se1,3.4863
Hg2O7Sb2,0.0
Na1O2Y1,4.1424
Ge6Lu4Rh7,0.0
Ba1Cl1O2Sb1,2.8752
Cl2O4Sr1,2.5236
Br1H1Hg1O4,1.9889
Ba2In1Se5Y1,1.1872
Cu5Ho1,0.0
Cd7Cl6P4,1.7829
B4Fe1Gd1,0.0
Ge1S4Tl4,1.8987
B2Ni6.67Sn1,0.0
Ge1Ho1Ti1,0.0
Ba3Cl2O5Tl2,0.0
Bi9Cd4Sr9,0.0
Au2O11Se4,1.4137
Al4Sm1,0.0
Ca12F1K1O26S2Si4,4.2786
Mn1N1,0.0
Co1K2N6O12Pb1,0.0
Cu4Ge2Zr3,0.0
Dy1Li1Sn2,0.0
Co16Si7Zr6,0.0
As1H2Li1O4,3.9919
Hf1Rb2S4,2.1615
Nd1O19Ta7,3.315
F1Li1O4Si1Sr2,4.795
C1N2Zn1,3.8548
Co6Ge6Li1,0.0
Cs2O8S2,3.4968
As1Cl2F3,2.8209
F5Lu3O2,5.7007
Na3Sb1Se3,1.9913
Ga1Tb1,0.0
Ge6Tb4Zn5,0.0
Tm1Zn1,0.0
Li1Mo2O8Sb1,1.8311
Pd3Te2,0.0
B6In2Ni21,0.0
C2Cs2F4O4Pt1,2.7936
Fe2O7Rb8,1.5597
Au2C6H12N2S2,3.2868
F8O2Sb1Tc1,2.9784
Cr1N3Sr3,0.0
Al16Pd7Zr6,0.0
C1Ce1Mo2Si2,0.0
K3Na2P3Sn1,0.9147
Ce1Ho3S6,1.0144
Br5Cd1Cs3,3.0225
Ag2Yb1,0.0
Eu1Na10Sn12,0.6486
Be1H2O4Se1,4.7891
Ag7Te4,0.0
O3S1,5.1411
La5Sn1Zn2,0.0
Cu1Mn1Sb1,0.0
Cl9Te1W1,0.5927
C6Co2Fe1N6,0.0
Hg1Na4P2,0.9132
Fe2Si3Zr3,0.0
K6N4O3W2,0.4742
Pd1Sb2Tb1,0.0
Cd1Ho4Rh1,0.0
Ga2O6Te1,0.8257
Bi1Ga1O3,1.296
Al1Sm3,0.0
Ba2Cu3Nd1O7,0.0
H2O13Ti6,3.2260000000000004
Cu4Hf3Si4,0.0
N2W1,0.0
K3N1O3,0.2021
B1C2N1,1.6679
P4Re1,0.9255
H3Na1O5S1,5.412000000000001
B2Co3Hf1,0.0
Eu1K1S4Si1,0.0
Fe1K2Na1O3,2.0494
Fe3Si5Yb2,0.0
As2U1,0.0
Na2O7Ti3,3.4241
Ba1Ru2Sb2,0.0
Cd11Th1,0.0
Pt3Sr7,0.0
Br12Si6,2.4027
Al1B1O4Pb1,3.0917
Cu1H1O5S1Tl1,0.0
Ga1Lu1,0.0
Al3Co14Y2,0.0
Os3Th7,0.0
Cu1F6Sr2,2.8839
Au2Ba1F12,1.7745
Cu3Mg2Si1,0.0
Cu2Fe1Sn1,0.0
Ir4Sc11,0.0
Sb1Zr2,0.0
Co3Ni1,0.0
Ba1F6Si1,7.3733
O4Pd1Zn2,0.0
Br6Cs2Sn1,1.2404
Fe2Gd1Ge2,0.0
Ca5Ge8Ni17,0.0
N12Tl2Zn1,2.9501
Ru1Sb2U1,0.0
B2Ir3Sc1,0.0
Na1O3W1,0.0
Br1C13Ge1H35O1Si3Zn1,3.4779
Os2Si3,0.8937
Cd1Cs2I4,2.8974
Ba6Cl2O12Ru3,0.9197
Ge4K4,0.9403
Al2Ce1Pt1,0.0
Mg1Ni1,0.0
Mg1Pd1Y1,0.0
C6H4Hg1K2N6O2Pt1,3.3116
K1Se2Sm1,0.3715
Cl4S1Tl6,1.7919999999999998
K1Na1O5Pr1Ta1,0.0
Na3O12P3Sc2,4.9394
Co1Dy5Sb2,0.0
F4S2Yb3,0.0
Ag1P1Pd5,0.0
Fe1S1Sb1,0.6701
As1Cs2Li1O4,3.7144
Fe13Sn5Th4,0.0
Ho3Ni1,0.0
Ag1O13P4Ta1,3.3734
Cl1Gd1Mo1O4,2.6906
Dy5P12Ru19,0.0
Cu1Nd1S2,1.2958
Cu7Zn16Zr6,0.0
F1K5La4O16Si4,5.007
Na2O3Ti1,1.8268
Au1Eu1In1,0.0
O12P4Tl4,3.46
Bi1Cl8F4H3K6,4.1898
Al9Sr5,0.0
Al5Eu3O12,0.7361
Co1Pr1Sb2,0.0
Bi24Ge2O40,2.4415
F7Ga1Na2Ni1,4.4625
Cr1N3Th2,0.0
Cu1I2O2Sr2,0.0
Ag1Pb1S3Sb1,0.0
As4Eu3Pd4,0.0
Ba1P10,1.291
As3O1Sr3Ta1,1.3203
C2H6K2O13S1U1,2.6284
B6Pu2Re1,0.0
K1O5P1Sn1,2.58
O3Rb2Ti1,3.8701
Al9Ca1Ni1,0.0
Ni2O8Sr1V2,1.6815
As2B1K3,1.3071
B1Co4Dy1,0.0
F5Pt1,0.0
Ba3Be1Cl18Zr6,1.0112
Nd1Pd1Sn1,0.0
Cl4Cu1Rb2,1.1233
Ga2Pd1Yb1,0.0
Ga1Pt1Y1,0.0
I10Ru1Y6,0.1969999999999999
Ca1H4O8P2,5.6335
Ga1Hf1,0.0
C2H4N4O4,2.3544
Al2Ca1H4O10Si2,5.1185
Ce1Cu1Se2,0.9476
Ru1Sc1,0.0
Pd10Te3,0.0
Ba1F10Te2,4.8828
Ga4Nb5,0.0
Co1Nb4Si1,0.0
Er3Rh1,0.0
B1C1Gd1,0.0
Br1In5Se5,0.7458
Li1Nb1O6Sr3,3.5073
Al1Cr1Fe2,0.0
O3Sr1Tc1,0.693
K1Na3O5W1,3.6794
Ca1H6N3Rb1,1.9616
Co1K3N6O12,2.6719
Ru3Sn7,0.0
Ag2O3S1,2.9149
Nd1P2Rh2,0.0
Co1H24Ni1O20S2,4.0822
Ag1As2Nd1,0.0
Ge2Nd1,0.0
Br6Mo6S3,1.2887
C2H6N1O4Rb1S2,5.178999999999999
Al1Mo2Na1O8,3.5773
Fe5Si3U1,0.0
As2Mn2Zn1,0.0
Ho2Mg1Se4,1.3246
Ga2K2Na4O6,2.5631
La1Pd1Zn1,0.0
Cd2O7Tc2,0.0
As2O6S1,4.368
Cl1O12Pb5V3,2.8392
Al4W1,0.0
Ag1Sn1Yb1,0.0
Ga5O12Y3,3.4649
As2Cl6O2,2.4946
Eu0.034Mn0.966,0.0
Mn1Rb2Te2,1.9606
Cl6Pb1Rb2,1.2702
Cd9K14Tl21,0.0
La7Ni3,0.0
Cs1Te8Ti5,0.0
Ba1Ge3Rh1,0.0
Cs1Cu2I3,2.3727
Br1Gd1Mo1O4,1.8411
I5K2Pr1,2.5554
Al1Dy3Ni8,0.0
Au3Sn2Yb2,0.0
Mo1O7Te2,2.7716
Al1N1Nd3,0.0
Au3K1Sn3,0.0
Al13Ba7,0.0
Ge2N3Na1,2.2613
Na8Sb4Sn1,0.1867
As1B6,2.6507
Al2Cl8Cu1,1.2951
Al4Co1U1,0.0
Cl1H2Li1O1,5.3707
Cl5Pb1Tl3,3.2674
O1Pb1Sr3,0.0
C2Cs1H1O4,2.3368
Cl12Re1Se2,1.8777
C2H6S2,3.7736
Ge8Ni5Sc9,0.0
Au1Cu4U1,0.0
Ba2S4Ti1,2.1072
Cs3F7Ti1,3.2866
Cl6Cs1W1,0.0
B6Co21Ge2,0.0
Na2O4Se1,3.3178
Fe2Ga1Ti1,0.0
B4Mn1O7,5.3962
Al30Mg23,0.0
Hf1.5Mn1.5,0.0
Al3Dy2Fe14,0.0
Bi4Th3,0.0
Bi1P2S7Tl2,2.1068
Cd1Ni2Pr2,0.0
Mn4O15Sr7,1.3644
Na2Pt1Se2,1.1386
Sb2Sr1Zn2,0.0
Au1In1Pr1,0.0
Al12Ca1O19,4.3335
Ga1Ge1Li3O5,1.4853
Co1I12Sc7,0.2537
Hf2S1,0.0
B6Ni21Zr2,0.0
I6Pt1Rb2,0.4404
Sm2Zn17,0.0
Cs2I6Pd1,0.091
Mn4Si5Ta2,0.0
Bi1F5,1.9723
B2Mn1Rh5Sc2,0.0
C4H24Ni1O14P2,2.7425
Cl1O8Si2Y3,4.578
Cl2Fe1H4O2,3.199
Ge2Pt1Tb1,0.0
Br2Cl6I3Sb1,1.1013
B6Ba2Cd1O12,4.423
Er1In1Pt4,0.0
O1Sn1Yb3,0.0
Ho1Mn6Sn6,0.0
Hg2Nb2O7,0.5345
Mn2Te4Zn1,0.0
C1Cd1Cl2H4N2O1,3.597
As1C3F8N3,4.0087
Ho1Si1Ti1,0.0
Na4Se4Si1,2.1464
O4Pu1Sr1,0.0
Ba2Co1Mo1O6,0.0
Ge2Pd2Yb1,0.0
Be2La2O5,4.0372
Ba1P3Pt2,0.2615
As4Na5,0.0
B1C4N4Tl1,5.1831
Ca4H2O11Si3,4.7057
C8Cu3H8Na2O16,1.1445
Er2Zn17,0.0
Ag2As1Cs1S3,1.9801
Cu3K2O12Se4,1.4865
Pt1Si1Zr1,0.0
As1S3Tl3,1.2308
Ge1Mn2,0.1315
Ag7Ca2,0.0
Ni4P4Ta5,0.0
Ce1O9P3,5.4396
O1S8,2.4228
Mn2Na2O3,0.312
Er3Pd8Sb4,0.0
Cl7Dy2Rb1,4.5114
Ce3Ge6Pd20,0.0
Bi3Eu4,0.0
Ca2Mn2O5,2.16
C6Co1Cs2K1N6,5.0933
Cl1H1Sc1,0.0
Mo6S8Tl1,0.0
Cl2H12Mg1O6,4.8495
C2La1Ni1,0.0
Fe2Sc3Si3,0.0
O4Se1Sr1,3.2615
Ho2O7Si2,4.6154
F2Na2O8Si1U2,3.0716
Ca2Mn3O8,1.7380000000000002
N6Sr1,3.7113
As1K1O5Ti1,3.2612
H1K1Mn2O9P2,0.7501
Nd1O9P3,3.8681
Dy1Ru2Zn20,0.0
Cl2H8Mn1N4,3.8414
Au2Dy1In1,0.0
Al2Li1Pd1,0.0
Al1Au1Ca1,0.0
I3Ir1Te6,1.3287
B2C8N8Zn1,5.6904
In2Te1,0.0
Ba1Ni9P5,0.0
Ca1Sn3,0.0
Al2H4Li2O14Si4,4.8508
Ag1Ba1,0.0
I1O4Rb1,2.4215
Ba1Cu1N1,0.0494
Co5H4La1,0.0
Ce1Ge1Ni1,0.0
F1In1O3Te1,3.0429
Br2C2H6S1,2.4782
In2Li3O12P3,3.9261
As7K2Ni12,0.0
Nb3Si1Te6,0.0
In5Tb3,0.0
Ba2Cu1I1O2,2.5841
Pr4S12Si3,2.0122
Br5Ta1,2.1752
Li1Mn1Te2,0.0
Ga1Pr1,0.0
Cs2H12N6Sn1,2.3702
Ba1Ga1H4,0.0
Cr4Fe8Y1,0.0
Co1O6Sr2W1,2.2589
Mn1Nb4Se8,0.0
Co2Na7O6,0.0
Ba1P1Pt1,0.0
B1Pd3Tb1,0.0
Ho2O4Se1Si1,2.6139
La3Rh4Sn13,0.0
Cl3Cs2Li1,5.1236
Al2Br6N2Se2,0.2759
Fe1S4Ti2,0.0
Cu2Hg1Se4Si1,0.2042
C4Cs1H12O14V1,2.2999
Al1Ba3H1O4,2.7102
S2Ta3,0.0
Ba3Nb2O18P4,3.4598
Bi2Ni2Pr1,0.0
Bi4O7,1.0525
Al1Ni4U1,0.0
K8Sn46,0.0
C11N4,2.4221
Ca2H11K1O18P4,5.3207
B4Ho1Os1,0.0
Ag1F3Zn1,2.9929
C4Cd1N4S4Zn1,3.5197
K2S10Ta2,1.2401
Li1N1Na2,0.0
Cr1Na2O4,2.8618
N2O2S3,1.7103
Co2U1Zn20,0.0
La4O30Si4Ti9,0.0
Hf2O9P2,3.5143
C1Cl3F1,4.9343
As2H4O9Ti1,3.2815
Al1Dy3N1,0.0
Ho3Ni6Si2,0.0
N1O6Ta3,2.3264
Na4P2Se6,1.7679
F4Sn1,2.6391
B4Er1Rh1,0.0
Er1Ga3Ru1,0.0
F14O2Os1Sb2,1.4219
Ge13Os4Tb3,0.0
Cd3Tb1,0.0
I3La5Si5,0.0
B2Na2O7Y2,4.3844
As1Nd1O1Ru1,0.0
I1N3Rb2,3.9364
Nd2O4Se1Si1,1.6517
Ca1Hg3,0.0
Dy1Fe5,0.0
B1Fe1Ni2O5,1.6558
Ba5Br2O9Ru2,1.589
Be4Ca2N4,2.3973
Au1Cd1Eu1,0.0
H16Mg1O10P2,5.5356
As1C1F6H5O1,5.0189
Nb3Se6Ti1,0.0
Au1F6K1,2.2034
Gd3O7Ru1,1.1991
B2H8K1Li1,6.0948
Al1Ho3Ni8,0.0
Co1Cs2F6K1,0.0
Fe1Nd1Si1,0.0
Cs3I9Sb2,1.8644
Al2O4Pb1,3.9542
Br1Cs1O4,3.0222
Er5Ir4Si10,0.0
Al1Si1Sm1,0.0
Pu1Se1,0.0
Co1Cr1O4,2.1072
In1Rb1Se2,1.5718
Al43Dy6W4,0.0
Al1Mn1Ti2,0.2305
Al21Pd8,0.0
K2Mn1P2Se6,1.6738
F14Sb2Te1,3.9705
As2Ca1H6Mn1O10,2.6349
C1Ga1Pr3,0.0
Nd2S2Te1,1.5135
Co2O7P2,0.4876
Au1Rb3Sn4,0.5707
H4Li4Rh1,0.0
F8Na4O2V2,2.6323
Al1F6K2Li1,7.2015
Co1Ge2La1,0.0
O4Ta1Yb1,0.2273
Co1Na2O14P4Zr1,3.6688
K2Pt1Te2,0.9371
Au1Cu4Er1,0.0
Cu1Dy1In1,0.0
C6Fe23,0.0
Ir3La2Sb4,0.0
La3Pd4Sn6,0.0
K2N2O5S1,3.2133
F1H5N1O3P1,5.283
Hf1Rh1,0.0
Ag1P2Se6V1,0.9193
B1C4Cs1N4,6.3067
H3K1O6Se2,4.5675
Ba2Cl1F7Zn2,4.757
N1Nb1O1,1.7514
Mn2O6Rb6,1.6142
Co1Er8In3,0.0
Cu2S4Sn1Sr1,0.5054
Bi24O40Pb2,1.7391
Ag1I1Te3,1.0159
Mo3Rb1Se3,0.0
H4Mg1N2,3.0271
As1N1V3,0.0
Ba1Ga2P2,1.4206
Co2I1Pr2,0.0
Ba1Ge3Pd1,0.0
Cl7Mo1O1Te1,1.9426
Ta6Zn7,0.0
O4Si1U1,2.5475
C1H8N6,3.6097
Ag1Rb1Se4,1.1903
Al4La1,0.0
H10Mn1N4O8S2,0.0
Cu1Gd3S7Si1,1.6273
Na5O6Os1,0.7126
B1H3Na1O10P2V1,1.1244
B1Ce1Co4,0.0
O7Pb3Si2,2.6427
Ge2K2O7Zr1,3.8387
C6F12O6Ru1Sb2,4.835
Cu1Ga1U1,0.0
Al8Ca1Mn4,0.0
Cs1F3Mo1O2,3.3317
I1Sb1Se1,1.3725
O4Sn1Zn2,0.6598
Bi1K3Se3,2.068
Ir2Tb5,0.0
Bi2Ga4Se8,1.9291
Ru2Yb1,0.0
C6Yb1,0.0
Ga4Pd7Zn3,0.0
La3Sn7,0.0
In4La1Ni1,0.0
Hg7K5,0.0
Mn2P12W1,0.1152
Ag1Gd1Mg1,0.0
H3I1Li1N1,0.8001
Cu2Se7U3,0.4981
O1V3Zr3,0.0
Bi2Ni3S2,0.0
H4O9P2Ti1,3.373
Ca1H6O7P2,6.4084
K3Nb1S4,2.5002
In1O6Rh1Sr3,2.193
Au3Li1Sn4,0.0
Br1Gd3S8Si2,2.3729
Ba1Co1F6Li1,3.054
K1Pr1Te4,0.0
C4H14N2O4S2,5.6302
B1Ho1Pd3,0.0
Al1H8K1N4,2.9225
Cu1Te3Tl4,0.0
P6Pt4Sr1,0.3263
Ge1Pd1,0.0
B6Tm1,0.0
C1Gd3Sn1,0.0
Pd1Sn1Y1,0.0
Er3Pt4,0.0
B1Mg8Rh4,0.0
Ca1F6Pt1,3.1635
Eu1P2Rh2,0.0
B1N1U1,0.0
Bi5Br1O7,2.8156
I1In3Te3,1.1823
Ca3Mn1N3,1.7766
F6Pd1Pt1,2.0704
Ni12P7Tb2,0.0
Ba1Ce1Cu1S3,1.207
Na3O4Sb1,2.1549
Hg5Pd2,0.0
Pb3Sr1,0.0
B1Rh6Ti2,0.0
Cd1Sm1,0.0
Cr2Te4V1,0.0
In1P1Pd5,0.0
O2Se1Yb2,0.0
B2C1Lu1Ni2,0.0
Ni2U1,0.0
Gd1P1Pt1,0.0
K1P2Rh2,0.0
La8Ni4O17,0.5783
Nd2Ni7P4,0.0
Na1O6Sc1Si2,5.1299
Al1O3Y1,5.5421
Te1Ti1,2.1093
O5Ti4,0.0
Al3Ni1Y1,0.0
B4Dy1V1,0.0
Sn2Th1,0.0
Cl3I1N1V1,1.3729
F7Rb3Si1,5.6456
Ca1O9V4,2.1937
Rb2Re3S6,1.3764
F6H8N2Ti1,5.2586
Ho2N3,0.0
Ga1Ru1,0.0
Ce1Ge2Pt2,0.0
Ga3Sc1,0.0
Au1C2Cs1,2.3925
In1Ti2,0.0
Al43W4Yb6,0.0
Ga2O8Si2Sr1,3.869
K1P2S7V1,1.4794
Fe1Ge2Ho1,0.0
Co8Sn4Y3,0.0
Bi1Mo2O8Rb1,2.9746
Br6H16Hg1N4,1.992
C5Cl3H8N1O3Ru1,3.3508
Eu1O4V1,0.0
O6Rb2S2,5.046
Ir2O7Pr2,0.0
Ag2I1N1O3,2.1862
Al1Ba1Si1,0.0
Eu1Pd1Sb1,0.0
Cu1In1La1,0.0
Fe1K2P2Se6,1.9511
Ba1Er2Se4,1.375
As2Pa1,0.0
Ba1C1Cl1H2N1O1S1,4.8491
Al8Cr4Y1,0.0
Al3B6Co20,0.0
H2O4P1Tl1,4.0288
Er14In3Pd3,0.0
Cl1Cu3Nd1O8Se2,1.2334
Al1Au1Tb1,0.0
Gd4O4Se4Ti1,0.8396
Ge9Ho4Ir13,0.0
Si7Tc4,1.2234
Ce3Rh2Si2,0.0
Fe2K2Nb4O13,1.5213
B2Ru2Th1,0.0
B2Ge1Ir5Mg2,0.0
H8O14P2Sr1V2,2.0728
Be2F8K2Pb1,5.5514
Br2Co1,2.8242
Hg1Sr1,0.0
Al8Ce1Mn4,0.0
Br4K1Tl1,1.7796
Gd1Te2,0.0
Ni1Y3,0.0
As1Ru1,0.0
As2Ni1O6,2.1766
F6K1Rb2Rh1,3.4605
Ba2Cu1F6,0.0
Gd3Pd2,0.0
Co2O6P2Sc2Sr4,0.0
B1Ca1Ga1O4,4.0131
Al1Dy2Ni2,0.0
Fe1P4,1.2334
C4Co1Cs1O4,3.8669
Co1Ge1La1,0.0
Ce4S12Si3,2.0888
Cu1Dy3Ge1Se7,1.1678
O4Pb1Pt2,0.0
Ge3Ir2S3,0.0
B1Ca2Cl1O3,4.5723
F1H6Na1O6Te1,3.5724
La3O10Re2,0.9836
Au2Ca1Si2,0.0
Pd1Sb1Zr1,0.0
P12Ru19Y5,0.0
Cu2Hf3Se8Tl2,0.6062
Ga1H4Mg1,0.0
Ba3N8O6P6,4.5374
Au0.17Gd0.17Sn0.17,0.0
In1Ni2Zr2,0.0
Cl4Cs2Pd1,2.389
Cd1Se2,0.6862
C1Mn1N2,2.3091
Al3Hf5N1,0.0
C1Rh3Yb1,0.0
F8Sn3,2.6837
Be2Mg1N2,4.0629
Cl3Gd2N1,3.2476
Co2Se8Ta11,0.0
Mn1O4Ti2,0.0
O9P3V1,1.8823
Ge6Ho4Zn5,0.0
K4S12Tc6,0.9559
Ge1Li4O4,4.0457
C1Mg1Ni3,0.0
Au6Nd1,0.0
Nb4Ni1Se8,0.0
Cu9Fe9S16,0.0
H1In1O5P1Rb1,3.4495
As1Cl3F6H1O1P1,4.9209
Ba4F4Ga2Mn1S6,2.9605
P3Tc2,0.0
Al2Ba3O12Si3,3.2937
Au1K3O1,0.6417
Ca3Mn2O7,0.0
Ag1Ce3S7Si1,1.7977
Li1Te3,0.1547
Cu3Mn4O12Pr1,0.0
Co1Mn2O9Sr4,2.0980000000000003
I10Ir1Tb6,0.0371
Ba3O9Yb4,0.0
B2Br6C4Gd8,0.0
Ho1Pd2Si1,0.0
Au2Ho2In1,0.0
Ge1S1U1,0.0
C3Cr2Er2,0.0
Al4Pr3Si6,0.0
B4Nd2Ni5,0.0
C5Fe1N6O1Pb1,2.5243
Ag2I10Tl6,1.2924
Pt1Sm1Sn1,0.0
F18P2Pb1Xe3,2.5022
B2C8Hg1N8,4.5882
Cl1Cu3S3Te1,1.0091
Ge2Pd1Tb1,0.0
In3Li13,0.0
Ca1Mo1O6Sr2,1.9834
Br1F5,3.4687
Nd3S4,0.0
Au1Zr3,0.0
Cl3N1Pr2,3.1373
Ga2Mn1Se4,0.8613
Cl3Ir1,2.455
N24O2P12Zn8,3.438
Ca5N6Si2,2.1654
O4Pd2Y1,0.0
Ce1Ni1Si1,0.0
Pd2Si3Y3,0.0
Cu1Mo1O6Sr2,0.0
Ge2O13Rb3U3,2.8667
Na2O1,1.9175
Ge1Pt1Tb1,0.0
F5Rb1Te1,4.8853
Co3Si5Y2,0.0
Be13Mg1,0.0
Cu1S3Tl1Zr1,0.7827
Cs2F6Hf1,7.2153
Nd2O4,3.1717
Cs2F6K1Y1,6.4675
Na1O13Ti8,0.0
B4Dy1Mn1,0.0
Ho3Ru4Si12,0.0
B2Ir3Tb1,0.0
Co4P12Yb1,0.0
Br1O2U1,1.9775
Na4O5Te1,1.9893
Au2In1Lu1,0.0
H10In2O17S3,4.1586
C8F6H24N2Os1,0.0
C1F5N1S1,4.2713
Na1O6Si2V1,1.7787
H1La1O1,2.1916
C1H5O7P1Pr1,3.6712
H1O3P1Sn1,2.5342
H6O6Sr2Zn1,3.1837
Ce2Sn5,0.0
Co1O4U1,2.7924
Ge1Mn1Ni2,0.0
F1Na1O4P1Y1,5.4910000000000005
K2O7Zn6,1.4853
C1La3Tl1,0.0
C4F12Ge4S6,3.3356
K6O9Se2,1.6292
Cl1In1Te1,1.724
H1O9Os2Rb1,1.1719
Al19Ni5Y3,0.0
F6O4Pb1Zr3,2.845
Pr1Zn2,0.0
Cr3Ni1,0.0
O11Te4Y2,3.2385
Au2Gd1,0.0
Cu3Ge4Na2O12,0.0
I2Pt1,1.5137
Cu3F6K1O8P3,1.9317
Lu5Si3,0.0
Al4La17N33Si9,1.4084
Ba2Ni1Si3,0.0
Br10Ru1Tb6,0.0
Bi2Br18W6,2.2686
Hf2Ir1,0.0
F8H1K3Sn1,4.6538
Cl4Li2Zn1,5.091
Ag2H4O12S3,3.9533
B4Bi2O10Sr1,3.744
Ti1Zn3,0.0
Hf3N1Zn3,0.0
Al1La3S7Zn1,2.6336
Cl3Fe1K1,3.5458
As2K6P6Se18,1.605
Al3Ce1,0.0
O5Se1U1,3.2217
F5Pd2Rb1,0.2617
Al2Ho3Ni6,0.0
Cs1F5K2Pd1,2.8369
Cs1Mo3Se3,0.0
Cd1F7Tl1Zr1,5.0108
Cr1Nb2Se4,0.0
Ba4C3Cs3F5O9,4.7183
H12Mn2N4O8Zn1,1.5646
Al1Co1S7Y3,1.4602
Cs6S27Ti6,1.4539
Li2N1O2P1,5.5972
Al2Ge8Sc11,0.0
Ba1Ir1P1,0.0
H2Mn1O5S1,0.0
F6Li1Mn1V1,1.9859
C6Mn23,0.0
K6Sb3Tl2,0.2224
Rb2S4Zn3,2.9927
F7Sr1Ta1,5.6472
Ce1Co9Ge4,0.0
B4Fe1O7,3.4572
K1O12Se2V3,2.3445
B2Cr1Nb2,0.0
Ga1H2Na3O9P2,4.0409
Cl5O4Re2,1.6174
Ca1In1Pt1,0.0
Ag2In1Sm1,0.0
Ag1Al1Li2,0.0
F6K1Ru1,2.4578
Ag2In1La1,0.0
Hf1P2,0.0
Cu1Te2,0.0
C1Cs2I18Zr7,0.1258
Ba1Cu1O6Se2,1.5965
Ru4Sn6Y1,0.0
Li1O13V6,0.0
Ni2Ta2Te4,0.0
Nb5P3,0.0
Sc5Sn3,0.0
Co2La1,0.0
B2Fe2Lu1,0.0
C1Ho1Ru2Si1,0.0
B1Co3,0.0
O8Tl1V3,1.9987
B1P2Rb3,1.5759
K2La2O10Ti3,2.4574
H12Mg1O9Se1,5.0787
Ca2Cl2O3Si1,5.1054
B2H10Li1N2Na1,3.9661
Co1In1Mn2,0.0
Pt3Th7,0.0
S5Sm2Sn1,0.0
P2Rb3S8Sm1,0.4341
Br6Sr1Th1,2.0169
C1Er2Fe2Si2,0.0
Ba1Ge2Mg2,0.0
Ba2Se5Sn1,1.1714
Ni1O2Rb3,1.232
Al2Pb2Sr1,0.0
Lu1Te2,0.0
Ga1La3O1S5,1.1483
C2H2O5Rb2,3.4185
H1La1Ni1Sn1,0.0
C2F6H12O12S2V1,2.388
I3Ru1Y3,0.0
Cu2Sn5Yb4,0.0
C6Co2H18N12,4.0093
B4Eu2Rh5,0.0
As3Ti4,0.0
Li9N1S3,2.4308
Cl3Fe1N4S4,1.5565
Br6Cs2Na1Y1,4.2047
Ca3Ge1O1,0.0
Au1Br1F6,2.0445
Ge2Ir2Sr1,0.0
Cu3F1K2O12P3Zn1,1.459
Ag5Sr1,0.0
Ag2In1Y1,0.0
Ni1P1Pd1,0.0
Co1Cu2O3,0.0
Ba1Mn2O3,2.3036
S5Sn1Tb2,0.0749
Gd3Pt1,0.0
Dy1Mo6S8,0.0
Ge6Ir7Lu4,0.0
B2Lu1Rh3,0.0
P1Pd1Pr1,0.0
As1Cu1Si1Zr1,0.0
H2O10P2Ti2,3.2258
B6.5C1,0.0
Fe2Se4V1,0.0
Cs3Hf2P5S18,2.1186
Mo6Se8Y1,0.0
Fe2K1Se3,0.0
I10Ir1Y6,0.0671
C3Ce2Ni5,0.0
Gd1Ni2,0.0
Gd3In1N1,0.0
Ge13Ir4Y3,0.0
Fe2Ni1P1,0.0
Rb3S4V1,1.8891
Ba1Cu2S4Sn1,0.5258
P2Yb1Zn2,0.6294
O3Rb2Te1,3.6061
B12Cs2H12,5.3706
Bi2Pb2Se5,0.494
Al6Pt1Si4Tb2,0.0
Li2Pd1Sb1,0.0
Sn1Ta3,0.0
C1Na2S3,1.1833
Cu1Ho2K1Se4,1.0699
Mn2Na14O9,0.9701
Ga5Li1O8,2.7045
B3Ba3F5O9Sr4,4.3684
C4F9H8Li1O5,5.358
C1Co3Nb3,0.0
B12Si3,0.0
Na3O4Ru1,1.364
Cl3K1Mn1,4.1535
Ag1Ba1Se3Y1,1.4187
As4Fe3H2K1O16,2.2812
La1Ni2P2,0.0
Ba1C1F2O3Zn1,5.3626
Sn3Tb1,0.0
O9V2Zn4,2.7778
Al1Mn1Pt1,0.0
Ir5Sn7,0.0
Ga2H6O12Te3,3.752
K4O4Sn1,2.1692
In3Te4,0.0
Br4C1N2S3,1.2579
Ce1In1Pt4,0.0
B1Si3Tb5,0.0
Al8Ca1Ni2,0.0
As2O8Zn3,2.4229
S2Sn0.33Ta1,0.0
B4Cu1Li2O10Pb2,2.0981
Cl7K2Nb3O5,2.5921
Pb1Rh1,0.0
F4H6N2Si1,6.6856
Br4Ge1,2.9473
Br4I2Pd1Rb2,0.6528
Ga1Mg1,0.0
H4O8Ti3,1.1821
Au4Cl8,0.9695
Ho1Zn5,0.0
F10Hg3O4S1Ta2,2.4313
As2Cu2U1,0.0
Li2S3U1,0.0
Cd1O7S2,2.9366
C20,0.0
Ba1Be1F4,7.5513
In1Pt2Zr1,0.0
Nb4S8Ti1,0.0
B4Er1Ru4,0.0
In1Sc2,0.0
Al3Br12Pr1,2.3445
Au1Ba4C4K1O4,2.6953
Cl1Dy1O3Ti1,3.6010000000000004
C2F1N1O1S1,4.3781
Gd1Pt1Sb1,0.0
Ge2Li4Zr1,0.0
Ba1Ga4,0.0
Ge2Ir1Yb2,0.0
B4Ce1Os4,0.0
C1Ni2W4,0.0
Pd1Tl1Y1,0.0
Ag6K2S10Sn3,0.9362
Al2Si2Sr3,0.0
Cd3N2,0.0
Cl5Cr1H2O1Rb2,2.3523
Mn1Nb1O6Sr2,0.0
Cd3Cs2K2O5,1.3274
H2O5S1,4.5201
Cu1Er1Pb1,0.0
N6Ni1O12Sr2,0.0
Al16Ir7Ti6,0.0
Br6H8N2Re1,2.275
Al3Gd1O8Pb2,2.9785
Mo3Zr1,0.0
Ga1K6Na3Sb4,0.6921
Ba1Cu1La1Te3,0.7525
S3Sc1U1,0.0
Al1N1Tb3,0.0
H1O9S2Tl3,1.2515
Ag1Dy1Pb1,0.0
Ag3Br1S1,0.8204
I2K4O9,1.9186
Ba1Bi2Mg2,0.4749
S1Zr1,0.0
Cr1Nd1S3,0.0
Co1Ni1Sn1,0.0
Se1Sn3Zr5,0.0
H8Mn1O10P2,3.0398
Pt1Si1Te1,0.1834
Ga1H5Sr1,3.3765
Ga1Pd1Sc1,0.0
C12Mn2O12Pt1,1.7518
Al7Cu16Yb6,0.0
Dy1Mg1Pd1,0.0
Br2H12Mg1O6,4.1812
F1H4K1O4,4.2228
Na2O19Ti9,2.6138
Ca1Cu3Mn4O12,0.0
Au3Lu3Sb4,0.475
Ga12Pd1Y4,0.0
C3H12N6O3,3.9925
Rb1Sn1,0.7323
Re2W1,0.0
Pr1Ru1Sn1,0.0
Dy5Ni2Sb1,0.0
Al1Sb9Yb11,0.6085
Ca6H2O13Si3,4.46
Cd1O10P2V2,1.6067
Na2O3Pt1,1.8269
B2Eu3O6,1.9534
F4K1O1V1,3.6007
Au1Cl4P1,2.8049
Ni1O6Sb2,0.8785
La1Se3Yb1,0.0
K1Nb1Se2,0.7146
Pb4Pt1,0.0
Au2F8Mg1,2.4427
Cd2O7P2,2.8186
Ag4N2O6Te1,0.1497
B6Ho4O15,5.5034
Eu1O4P1Rb1,3.109
Bi2Pb2Te5,0.0
Ca7Cl2H12,3.7073
F6Hf1Rb2,7.1031
Pr3Tl1,0.0
Hg3Y1,0.0
C1Cl6N1Sb1,1.9442
Cu2La1Mg1,0.0
B6Cs2H6,4.3169
Cu1K1S3U1,1.8206
Ba1Cr1O3,0.0
F4Th1,6.2568
Cl3O7Pr3Si2,3.873
Ba2Co9O14,0.0
C4Cu1H9N3O6,0.0
I2Nb1O1,0.9342
Ag1F1,1.0812
Ba3O8V2,3.7212
Cu1O4P1Tl1,1.2389
Bi1Dy1Ni1,0.0017
Hf3Rh5,0.0
Hg2P2S7,1.7993
As2Nb1Ni1,0.0
Cl2N3S2V1,0.9737
Co2Mo4N1,0.0
Cd2K1Sb3Yb2,0.0
C4H7O11Tb1,3.5335
Ce1Ge1Ti1,0.0
Os1P4,1.41
P1Sb3Zr5,0.0
Be6Cd8O24Si6Te2,2.9534
Ag1Sc6Te2,0.0
Eu1Na1S2,0.0
Ge1Ir1Tb1,0.0
Cl4Fe1Na1,2.5237
Ba2O4V1,1.2787
Er4In1Rh1,0.0
Rh1Si1Tb1,0.0
As1Er1Pt1,0.0
Ba3Cl2Cu2O4,1.111
B2Tc1,0.0
Nb3Rh1Se6,0.0
F11I2Sb2,0.0
In1Pd2Zr2,0.0
C1Sn1Tb3,0.0
Fe1I4Rb2,2.918
Au2Er2In1,0.0
Mg1S4Sc2,1.8954
O15Pb4S1Si3Zn2,3.5612
Ce1In4Pd2,0.0
Fe1Sc1Si2,0.0
Cd1S2Ta1,0.0
Hg2I2Pb1S2,1.6603
Mg1Ni2P1,0.0
Cl10S4Se2W2,2.393
As1H12Mg1O10Tl1,4.3843
Ba3Ce1O9Ru2,0.0
Ba1Ru4Sb12,0.0
Cs1F2H4N1,5.7477
Cl1Er1S1,2.9341
In1N1Sc3,0.0
Cl1Mn2O4P1,3.189
Mg2O12P4,5.5341
C4Co1N6,3.2079
O6Sr2W1Zn1,3.0202
H1Mg1Ni1,0.0
Co7Hf2,0.0
Br1H2Li2N1,0.0
Al3Ge2Ni1Y3,0.0
Cd2O12Rb2S3,3.8015
Ag2Ge2Sr1,0.0
H4K2Mg1,3.4793
Cs2Mo1O2S2,2.4133
P4,3.4907
F6Sn1Zn1,3.855
La1Mg1Si2,0.0
Fe1Ni1Pt2,0.0
C60Sr3,0.3097
Na1O2Tb1,3.9546
Bi2Rh3Si2,0.0
Ag1Cr1Te2,0.0
Ge2Ru2Sr1,0.0
Cu1I1P4Se3,1.369
As1Ni1Ta1,0.0
Cu1La1S2,1.4286
C2Hg1I1K1N2,2.6435
I3La4Si4,0.0
As1F6N2S3,0.7281
La2Se5Th1,1.1608
As4Cl7Hg6Mo1,0.8006
Gd1Ge2,0.0
Al10Ru2Yb1,0.0
Cs1I4Li3,3.7149
Cu5Lu1,0.0
Bi2Br1Er1O4,1.3747
B2Ba2Ca1O6,4.0784
Mn23Nd6,0.0
Al1Fe1U1,0.0
O1V8,0.0
Au1In2,0.0
Mg1Sm1Tl1,0.0
Ce1Sn1Zn1,0.0
Cr5K1Se8,0.8105
C1Cd1N2,0.0
H1Ni1Ti2,0.0
Bi2Cu1O12Se4,1.8464
Ba5Cl2O9Ru2,1.5905
Ca2O9Pb1Si3,4.3572
O1Se1U1,0.0956
Be1Si1Zr1,0.0
Cu1Hf5Sb3,0.0
As1Zr1,0.0
Nd2Te3,0.0523
Er2O4Se1Si1,2.5915
Na3Sb1Te3,1.4349
B4Rh5Sr2,0.0
Cl2H12Mg1O10,3.1704
Fe5Th1,0.0
Br2C6Ca1H24O6,4.8972
Li2Ni3O14P4,3.6482
Ge3Ru2,0.3816
C4H10N4Ni1O5Sr1,3.2173
Cu2O3Sr2,0.0
Ca1F5Mn1,1.6557
Ho1Pt1,0.0
Pr1Re2,0.0
Bi2Fe1O6Ti1,0.0
Os1Zr1,0.0
Ba1Ir2Si2,0.0
Cd1Sr1,0.0
Ba2O6Re1Zn1,0.0
C1Fe14La2,0.0
Cl6K2Mo1,0.0
B2C1Gd1Rh2,0.0
C1Cl1F4I1,2.6986
Cl8Cr1Li5,2.709
Cu2P7,0.7977
Mn1Pb4S14Sb6,1.1953
K3Na1O6Th2,3.5496
Al2Pr1Si2,0.0
S2Zr9,0.0
Cl1Cr3O12Sr5,0.9948
Na1S2Sc1,2.0729
Be1Te1,2.0189
F6Na1Rb2V1,0.0
La6O12U1,2.6746
Ge6Mn6Sc1,0.0
Fe1Ga12Y4,0.0
Ag2Sr1,0.0
C6Cs2Mn1N6Na1,1.3588
Ag1Mg2Nd1,0.0
B4Mn1Tb1,0.0
Ca2Cl2Cu1O10Te4,1.7745
Al2Gd1Si2,0.0
Cu1Sn2Sr1,0.0
As1Fe2Ti1,0.0
H2O6Se2Sr1,4.2023
Hf1Pd1,0.0
Eu1Si1,0.0
F4Ga1K1,5.3207
Cs1Na1S1,2.4474
Ba1O7Si2V1,2.4088
Ba1F4Sn1,3.7443
Na2O12P4Sr1,5.3397
Er1Ni1Sb1,0.0599
H2Mg5O6,3.982
Ga1Sn1Sr1,0.0
Ba4C2Cu1Li1O10,0.8736
H6K2N3Na1,1.9938
Co1Ge2Ho2,0.0
Bi3Br1Se4,1.0382
H3Ho1,0.0
Co1Er1Ga1,0.0
Pr1Sc1Si1,0.0
Ag1As1C4F6N4S8,2.8043
Ge1Tm1,0.0
Cs2Cu1N6O12Pb1,0.0
Ba1Zn13,0.0
Eu1O6Rh1Sr3,2.0199
Bi1Co2Ho5,0.0
Ge2P2Rb6Se14,1.5705
Fe3Na1O12P3,0.4553
Ga6La1,0.0
Mn2Sn1W1,0.0
Cl2Hg2,2.5774
C1Rh3Tm1,0.0
C3H3O6Y1,3.9861
Cu1Ge2O7Sr2,1.4541
Be1Cr1Er3S7,1.0195
As2Be1K4,0.8809
Ce1Rh2Si1,0.0
Ca2Cs1O10Ta3,2.4179
Al3Lu1O8Pb2,2.9889
O9P3Y1,5.7581
B12Cs3H12I1,4.5378
Cl8H5N6O2P5,3.8753
Cs1H1O3S1,5.8504
Cs1Hg1Nd1Se3,1.4035
F6K2Rh1,1.2487
Al2Cu1F2O7Si2,2.1481
Cu1Na2P1,0.8766
O11Sr1Ta4,3.7627
In1Pd1U1,0.0
Be22W1,0.0
P2Se6Tl4,1.5249
Ce1N12Ni2O24Tl5,0.0
Ge2Li1O12P3,3.3105
K3S3Sb1,2.6853
Cl2Ni1O8,3.4730000000000003
F6Na3Sc1,6.3704
Ho1Mn1Sn2,0.0
Si1Ti1Y1,0.0
Ga3Os1Tb1,0.0
O8S4Sn2,2.6614
Ag2Fe1S4Sn1,0.8287
Al72Co24Cu6,0.0
Pt2Yb1,0.0
Ge6La2Zn3,0.0
Fe1Ga2S4,0.7758
Ca3O12Te2Zn3,2.4613
Se2Zn1,0.9899
B4Ti3,0.0
I8Nb3,0.4161
Li1Zn13,0.0
O14P5Y1,5.4865
Pr1Rh1,0.0
In2La1Ni9,0.0
Ce3O16Zr5,2.385
Ba3Bi2O9Te1,2.1264
Ir1Sb1Yb1,0.0
Li1P1,0.8092
Al1Ni2Zr4,0.0
C1H1K1N2O2,0.8292
B1Nd1Ni4,0.0
Ho2Re3Si5,0.0
F6Mg1Pb1,3.0458
As1Li1,0.3844
Fe4Si7Ta4,0.0
Al1Cl7S1,2.6259
N1S3Tb3,1.3771
As8S9,1.7288
H2O6S1Th1,5.1272
Ba3O9Te2,2.3596
Cr1F6Xe1,0.5882
B1F4Tl1,5.7781
Al1F7Na2Zn1,5.8856
Na1Se2Y1,1.8319
Fe1H2Ti1,0.0
H6Mn1O12P3,1.8259
Ca2H1Li1Mn2O15Si5,3.4735
K3Ni2O4,1.0839
Cu1Si1Zr1,0.0
Fe1La5O16Re3,0.3026
N1Re2Zr4,0.0
Cu1Dy3S7Sn1,1.3658
Er3F1O10Se2Si1,4.0857
Ba1Li2O7P2,5.3733
Ga21Rh4,0.0
Bi1Ho1Ni1,0.0
As1Nb3Te3,0.0
Te1Tl2,0.6073
B2K3O12Ta3,2.8756
B2Si1V5,0.0
Na3O2Tl1,1.8635
Bi2Br1O4Y1,1.35
Bi1Nd1Pd1,0.0
Ni1Si1Ti1,0.0
Bi1Cu1O1Te1,0.0
Al1O4V2,0.0
Ca3O9Si2Sn1,3.0992
Ba1O5Pd1Pr2,2.5235
B1Re4Zr9,0.0
Nb9O25P1,2.2087
Nb7Ni6,0.0
Ni2Tb2Zn1,0.0
Li2Rb4Sn8,0.8543
Ag2O10U1W2,2.2938
F1H3K1O4P1,5.6918
Eu1Mo2O8Tl1,0.0475
Er1O7P2Rb1,5.0447
O5Pb2Te1,1.9996
Cs9In1O4,0.0
Cl10Mo2S4Se2,2.0284
Er17Ru6Te3,0.0
Br18Cs1Er1Nb6,0.9952
Co1Cs1K2O2,2.0704
As2Hg4O7,1.1459
Fe3Mn2O12Si3,0.0
H4N6O1S4,2.3117
Li1Rh2Si2,0.0
H3O9P3Sc2,4.9881
Cs1Eu2I5,3.3226
P3Ta5,0.0
Cl8Fe1P1,2.5321
Cs1Ge1S5Ta1,0.995
Li1O6Si2Ti1,3.0567
K1Mn1Te2,0.0
H1I4Mo1Nd1O15,3.0775
Cl3Li5O1,3.6015
Cr1O12P3Sn1Sr1,3.136
B2C1Yb1,0.0
F10K1Tb3,6.9647
P4Sr3,0.9167
Ni3Tb1,0.0
Br4Ga1Tl1,3.5558
Cu2O8Te3,1.1638
Cr1O4Pr1,0.1571
Cu3Dy1Ga2,0.0
Ca3H2Pb1,0.0763
Cl9Nb2S4Tl5,1.6962
Ba3O1Sb4,0.3443
Be1H3O5P1,5.5688
Ba1Ni1O2,1.9613
Ba3Mn1O9Sb2,1.7797
Ge2Nd1Rh1,0.0
Au1Y2,0.0
Al1Li2Pt1,0.0
Fe2Rb1Te3,0.0
C8Rb1,0.0
O10P2Sr1V2,1.7385
Bi7Cu4S12,0.0
Li1O8V3,1.7494
Cu6Ga21Li13,0.0
Ga2Ni1Zr6,0.0
Cs1Dy1S2,2.1409
Ag1Rb1S3U1,1.8734
As2Ce1Co2,0.0
Ba4O27Ti12,0.0
Cd1Er1Ga1,0.0
C1Ca1Pd3,0.0
Al1N3V4,0.0
C2Cd1H2O4,4.3253
F6Hg4O1,0.1958
C8K1,0.0
As2Dy1K3S8,1.7103
K19.381,0.0
K2Se8Sn4,1.0135
Fe2K2Na4O6,2.0964
Ge4Na1O12P3,4.3979
Cl1In1O1,2.5588
Cu1K2P1,1.3544
Cs3O14Sb5,0.9294
As1Fe1O3Sr2V1,0.0
O6V2W1,0.0
Ce1Co9Si4,0.0
Se3Th2,0.0
Cl6N1O4P1S2,2.6199
Ca3Cd2,0.0
C4K2N4Pt1,2.8953
Fe1H6N1O6P2,2.029
Cd1F6Pd1,2.2662
Ga5Gd3O12,3.254
Ho1Zn12,0.0
Br1La1,0.0
Al2Ba2Ga1.33,0.0
As2Cs2Si1,1.0151
Nb2O10Ti1U1,3.1075
Nd1Ni1Sn1,0.0
Fe6Ga6Ho1,0.0
Hf6Ni16Si7,0.0
C1Pb1Pd3,0.0
La1Li3P2,0.2984
C1H5O7P1Yb1,0.0627
P1V1Zr1,0.0
Cl1F6K3Re1,3.3565
C2K2Pt1,1.3006
Pt2Si1Y1,0.0
La1Na1Se2,1.8951
Cl12Sc7,0.8119
Ba2Ni1O6Te1,3.7793
Ba1O10Si3Y2,4.8166
F3Mn1Rb1,2.9727
H3K1Li2O3,2.8515
Al5Dy2Fe12,0.0
Er1Pt1Si1,0.0
Cl9Cs3Fe2,1.6563
B2C2Pr1,0.0
As1Pd5Tl1,0.0
Cu2O4Se1,0.8708
Ca1Ir1Sn2,0.0
C1Co2Ta4,0.0
Bi4Cu3O14V2,0.0
Hg1Pd1Pr1,0.0
Li1O12P3Sn2,2.5718
Al2Cu9Nd1,0.0
K4O7V2,3.4257
Br1C4N3,3.2996
Nd3Pt23Si11,0.0
Cl1O9Re1S2,2.4290000000000003
Ca6Fe1N5,0.0
Dy1Tl3,0.0
B1Nb1Ni1,0.0
Al2Bi2Cl12,3.8303
Cl3Cr1H14N4O1,3.2134
Er11Ge10,0.0
Bi2Tl1,0.0
C1Nb3Ni3,0.0
Na1O8S2V1,1.319
Ni4P2Yb1,0.0
Gd2O7Sc2Sr1,3.4424
Cu1Sn3Zr5,0.0
Fe4N1,0.0
Be2Ge1O7Y2,4.4935
Mn1O8Pb1S2,4.5606
As1Bi1Ca2O6,3.235
C1Cl2Hg2N2,1.8516
Hf1Pt1Si1,0.0
Li3Nd3O12W2,3.2763
Al8Cr4Tb1,0.0
As1H4Na1O6Zn1,3.104
Al2Bi2Br12,2.5892
Ag1O5Se1V1,1.2321
Cu1Lu1Sb2,0.0
F6K1Ni1Rb2,0.0
F14K5V3,0.0
Ba1Nb4O6,0.0
Ru2Sn2Zn3,0.0
Ge1Rh2,0.0
Cl7Ga2In1,3.7916
Br3Ru1,0.0
Al1F6H8N2Na1,6.4922
Ga1Ir1Th1,0.0
Li4O5U1,3.1312
Rb2Sn1Te5,0.4605
Al3B4O12Yb1,0.0
O4Rb2U1,2.7643
Er1Fe1Ge2,0.0
Au1K5P2,0.5224
Br9Cs3Er2,4.2345
C2H6O6S2,4.0036
B2Mo2Os1,0.0
Al2Cl10N2P2,3.827
Al1Mo1O9P2,2.2663
Ce1Ga6Pd1,0.0
Ba8Cu1Si16,0.0
Ba6Ga5N1,0.0
C1Cl1Cu1H2N2,2.1184
Ga12Ho4Pd1,0.0
Na1S2Y1,2.2644
C2Cl4S2,2.9283
Ge6Pt4Y3,0.0
F9K1Te2,4.5111
Ru1Sb1Se1,0.9025
C1Pb1Tm3,0.0
Br1H4N1O4,3.05
Au2Bi1Er5,0.0
Ba1Dy2S4,1.7476
Ag1Co3H2O12P3,0.0
Ni3Ti1,0.0
Ba3O6Sb2,2.934
Er1Mn1Ni4,0.0
O9Sc2Se3,4.0713
Ni4Ti3,0.0
B4Co4Ho1,0.0
Al8Cr4Gd1,0.0
Ag1Cs2F4,0.4801
Br1H2O6Rb1Se2Zn1,3.6667
Mg12Nd1,0.0
Bi1Ce1O1S2,0.6819
C4Mg2Na6O16S1,3.7221
Ca2O6Pd1W1,1.2522
F18P2Sr1Xe3,2.6027
La1Na1O8S2,5.6643
C2K2O6,4.1805
C2Ca1N2S2,3.4410000000000003
Co1P1Pr1,0.0
Cu5Sn1U1,0.0
N21P3,3.6121
Hg5O10Re2,1.1498
Cs2P2Si1,1.2709
Mo2O7Rb2,3.2607
B2N4Pr3,0.0
Er1Ga4V2,0.0
F6K2Mn1Na1,1.6659
H12Li4N4O12P4,4.6322
Ca3Mn1Ni1O6,2.2112
Rb2Te3Zr1,0.4606
Co1P1W1,0.0
Cl4Na1Sc1,4.1144
Ag1I1Se3,1.5122
Fe1O7Rb1Se2,2.0151
Pd4Yb3,0.0
Co1Dy8Ga3,0.0
S3Sc2,1.7529
Rh2S3,0.6042
Cl3H12O6V1,2.0778
H4Ni2O10P2Sr1,2.0385
K1Se8Ti5,0.5755
Lu1Ni5,0.0
As1O4P1,4.5587
H3Mg2Na1O8S2,4.8942
As3Ba3Nb1O1,1.0959
Ba1Te4Y2,0.7998
Ba2Ca2Sn6,0.0
B4Pu1Tc1,0.0
K3O10S2V1,3.4356
Ca1In4Pd1,0.0
Au1La2,0.0
Ga3Ru1Tb1,0.0
Bi6In2Sr5,0.0
In1Pt2Sr2,0.0
O18P3Rb2Ti1V3,2.1794
Ce1Ir1Si2,0.0
B4Gd1Mn1,0.0
K2O14P4Zn3,4.5924
H1K1O8P2Zr1,4.2117
Os1Tb3,0.0
C2Ce2W1,0.0
Ce2S5Zr1,1.0547
Al1Ge1Ho1,0.0
As1Li1Se2,0.3483
Cd1I2O6,3.2789
Ge1O3Zn1,1.8662
C1N1Na1O1,4.4612
La4O19Re6,0.0
Al1Mo2O8Tl1,3.7824
Cd1Zr2,0.0
C3Cr2Tb2,0.0
Ca1H2O7P2,5.7120000000000015
Ca2H4O13P3V1,1.8377
Al7S12Tl3,2.7958
Cs2I5Li3,3.8406
As1Ce1Pd1,0.0
Dy1O6Rh1Sr3,2.8263
Br6Cs2Sb1,0.0
Cr4K8N2O24U1,2.588
Ca1O8Si3Zn1,4.388
F8H1Na3Ti1,2.2097
Cl2K5Na1O12S4,5.2397
K6Se6Sn2,1.4567
Al1Co2Si2,0.0
C8K1O8Y1,2.0944
Al8Cr4Pr1,0.0
Pt5Si1Tl1,0.0
Al1F6Li1Na2,7.0729
F7Ni1Rb3,0.7662
Mn3O8V2,2.0059
F6O4Os2,1.1493
Co1Zn13,0.0
H10O10S1V1,0.0
K3O4V1,4.0452
Co1Sn1Zr1,0.0
H4I1Na1O2,3.7153
Bi5La3Sc1,0.0
Br3C1Cd1H6N3,3.3238
Mg2O4Sn1,1.5231
Ca2Ir2Si1,0.0
Ni2Sc5Te2,0.0
Ba3C1F7O3Sc1,5.209
Au3K3Sb2,1.2433
As1Ca1Pd1,0.132
Nb3Tl1,0.0
Ca1Li1Pb1,0.0
K2Pt1S2,1.604
Cu1Pr1Sb2,0.0
O6Te1Y2,3.0772
Ga1La3Mn1S7,2.1508
Lu2O7Si2,5.255
As1F10H2N1S1,4.6321
Al5Ba5Pb1,0.0
C4Na2O4,2.4989
Cs2Se1,1.8114
Al1Na1O7P2,5.2865
Au3C6Cs2N6Na1,3.0676
F16Sn6Ti1,3.2794
Li3Mg8Si4,0.0
Co2H1O5P1,3.4225
Mn3Pt1,0.0
Cu1Eu1O1Se1,0.0
P5Pr1,0.0
F4H2Mo1Na2O3,3.483
Al3F14Na5,6.5586
C1Ca1F1O3Rb1,4.3211
B2C1Th1,0.0
Cs1Na1Se1,2.0423
Cr1F6H18Mn1N6,0.0
Ge1Se4Tl4,1.0331
Cu1H1O4P1,1.9556
Li1Ni2Sn1,0.0
Fe2Si7U3,0.0
Cl5Dy2Li1,0.1444
Li1O6Si2V1,1.8265
Al7Au3Gd1,0.0
Hg6O7Si2,1.5048
Cl1Rh1Te1,1.3017
B7Ho3Re1,0.0
Ce1Mo6S8,0.0
Bi2Mn1Ti4,0.0
Cd1Ge2Tb2,0.0
C2F6H14N8Zr1,4.6394
C2F6H12N6Si1,5.1958
Co1Er1Sn1,0.183
Ge2Pr1Ru2,0.0
Fe2Mg3O12Si3,2.74
Br9Cs5Nb2S4,1.8938
Ir2La1,0.0
Ge1Ni2Zn1,0.0
Al16Co7Hf6,0.0
Hf10Mo3Si1,0.0
Er1Rb1Se2,1.9821
Ca2Mn1O6W1,0.0
Ba2Bi1Ga1Se5,1.7545
Al1Pt1U1,0.0
Ga1Sn3Zr5,0.0
As2Eu1Zn2,0.0
Cl6K2Ta1,0.0
B10Er3Ni19,0.0
Ir1Y3,0.0
Cu3Er1Te3,0.5129
Ag1Cu4U1,0.0
B1I1N2Sr2,2.5313
K1Sm1Te2,0.0
Eu1Mo6Se8,0.0
Cu1H5O5P1,0.0
Ge1La1Pd2,0.0
Al2K2O7Sb2,3.4992
Bi1Na5O14P4,4.3174
Br1O1Sc1,3.7738
K1O3,0.7524
Cl1Cr1O3Rb1,2.7908
In3Sc1,0.0
H10Li2O8Sn1,3.7409
Er1Pd1Tl1,0.0
Ba9N12Ta2,1.2784
Bi1Ni1Zr1,0.0
Au2P3,0.1467
Gd1Ir3,0.0
K3O8P2Sc1,4.6111
F1N3O2S4,2.1496
N3V2,0.0
In1Nd2,0.0
Hg1Zr1,0.0
B2Ba2Cl1Ho1O6,4.0871
F3Pd1Rb1,0.9599
Cl6Eu4O1,2.8062
Mo1Rb2Se4,1.0866
Ca12Li6Mo4N16O3,2.3778
Ni1Sb1Zr1,0.0
Ce1Cu1Sb2,0.0
P2Pt1Si3,0.4883
Cu1Sb3Ti2,0.0
Au1Gd2,0.0
Dy1H3,0.0
C4Co1O4Tl1,3.1096
Sm3Te4,0.0
Ca3Ga2N4,1.9888
Ge13Ir4Lu3,0.0
Cu1H6O14Pb4S2,0.0
H6Mn1O16S4,5.3349
Cl4Na2Pd1,2.1703
Au6Ho1,0.0
Br2Ge1,2.4837
Ga1Te1,0.8924
Cl6Cs2Ho1Na1,5.3042
Al2Ca2H1Mn1O13Si3,1.1999
Ca7N2Tl3,0.0
P3Pd3Sr2,0.0
Ba3Mg1Nb2O9,2.908
Mg1Nd2Ni2,0.0
H3Pd1Ti2,0.0
Cl6H12N4Pt1Sn1,1.9873
Ga8Ho3Ir3,0.0
Gd1In1Pd1,0.0
Ba2In1Ir1O6,0.4918
B5Cu1O10Tb1,2.1136
B2C1Pt2Th1,0.0
Ba1H16N4O18P6,5.112
Cd3N42Tl8,2.7578
H7K3O10P2,4.9339
Ba2Br5Cs1,4.441
Nb5O16Sr5,0.0
Cl1O4Tl1,4.5736
H2K2O5Ru1,1.5878
B4Mg2Ru5,0.0
Cd1O6Pt1Sr3,2.4139
C1Ge3Y5,0.0
In1Mo6Se8,0.0
Cd1Sn1Yb1,0.0
Au3Zr1,0.0
H3Pa1,0.0
K6Mn1Te4,1.6821
Os4Zr11,0.0
Er1Si1Ti1,0.0
Pd1Rb2Se2,1.1441
Sb3.33Zn4,0.0
C6Fe1Mn2N6,4.29
Al1Co1Pu1,0.0
As1O2Rb1,3.884
Co1Hf1Sb1,0.0
Hg1Na3,0.0
F3I1Sn2,2.4494
Cs3N11P6,4.1080000000000005
Ni3Sb4Zr3,0.2843
Mo6Se8Tl1,0.0
Cu2P2Zr1,0.0
Al1F2Na5O8P2,4.6784
Pb3Y5,0.0
C2Cl2Cu1H8N12,0.0
B3Co7Y2,0.0
Ce3N1S3,1.058
I6In2,2.3009
La3O7Os1,1.3007
C6Cl2H18N4S2Se2,3.4539
Ba1Fe1K1O3,2.1425
Al2Co1Y1,0.0
Ag1C2K1N2S2,3.2103
Ba2O6Ru1Yb1,0.0
Al1K1Sb4,0.2488
Ba2Cr1O4,1.7998
Br1Cu6P1S5,1.1038
Cl12Os1Se2,1.0197
Cu1Eu1,0.0
C2Pt1U2,0.0
Br4In1Na1,2.8285
As1F6I3,1.331
Cu2Hf1P2,0.0
Mo3Ti1,0.0
K1Lu1O8W2,3.4043
O5Se2,2.8903
Th1Tl1,0.0
Na2O8Si2Zn3,3.2869
F14Sb2Xe1,1.8965
C1La3Sn1,0.0
Rb2Re3Se6,1.0876
F5H8N2Ti1,3.255
I4O1Te9Ti4,0.9493
Cl6Cs2Hg1Pd1,1.818
Al7Cu16Ho6,0.0
B20C4H20Te4,2.2826
Rb1Se8V5,0.4322
Ce4Pd12Sn25,0.0
Cd1Se2Tl1,0.0
F6Pd1Zr1,3.2971
I1La5Sn3,0.0
Pt2Ta1,0.0
O3Pr1Sc1,4.2811
Ca1Ge1Mg1,0.0
Eu1Si2Zn2,0.0
Mo1P4,0.0
Bi2Br8Te4,1.0435
B3Rb3S6,2.8162
Cd1Te2Tl1,0.0
Au1P1S4Tl2,1.4129
B6Ru1Yb2,0.0
Al1Br1Cl4Sb2Te2,0.6044
K2La1Nb5O15,2.103
Cr1K1O7V2,2.1175
Ru2Y1Zn20,0.0
Cl18P2Sn2,2.293
Cr1Rh3,0.0
B6Er2Ni21,0.0
C1Er3Sn1,0.0
In1N1Tm3,0.0
F5O1Pb1V1,2.4889
B1Be2H1O4,5.8584
La1Sn2,0.0
Ba14Li6N6Na10,0.0
Ni1Sn2Y1,0.0
Ca1Cl1F1,5.6615
Hf2Pt1,0.0
Al12Ta17,0.0
Co1Sn1Tb1,0.0
N9Sb1,2.846
Ge2K6Se6,1.7804
Ba1N2O4,2.3744
Mn1P1Se3,0.9101
In1Ni4Zr1,0.0
Cs1I3Mg1,3.1947
Cu1H12N2O6Sn1,0.0
K2O12P4Zn1,5.1433
Al1Cu1Y1,0.0
Dy7Rh3,0.0
Ca1Cs1N3O6,2.6488
C4Cd1H4O6,2.5719
Cu8Rb3Se6,0.0
B4Ce1Fe4,0.0
Co30P19Yb6,0.0
K2N4O8Pd1,2.3646
In4Se4Sn1,0.8365
Ca2O12Si4Zr1,4.8515
Ba1Mo4O16P2,2.0944
Ag1Ge1Ho1,0.0
Na2O4Si1Zn1,3.5666
Ca1F6Pb1,3.4395
Er1Mn1Sn2,0.0
Cd1Gd4Ni1,0.0
Hg3I2Te2,1.3547
Co1Tb6Te2,0.0
Cu1Na1Te1,0.8367
F6Na3Nb1O1,5.3801
Sb1Zr3,0.0
Cu2Si2Sr1,0.0
B1Pr1Pt4,0.0
Cl1F3K1Sb1,4.4213
Ho1Ni4P2,0.0
Ba2Ir1O6Tb1,0.0
Ho2Si4Ti3,0.0
Nb1P1V1,0.0
Cl6K4Mn1,4.2554
Ba1F6Ni1,1.7168
Bi1K1P2S6,2.2295
As1Ga1Pd5,0.0
K19.214,0.0
As1Co1Ni1,0.0
H8K1N3,2.2687
As2La1Pd2,0.0
Cl9N1W2,1.8603
Pd2Si2Y1,0.0
P1Tc3,0.0
Ge1Mg1Yb1,0.0
B4Ni1Yb1,0.0
Mo1O2Rb2S2,2.2587
C2H6O6Zn1,4.713
C4H20N4Ni1O12Pd1,1.4293
Cd1Ce2Pd2,0.0
Ag3Al2La1,0.0
Ge3Pr1Rh1,0.0
B1Si2Ti6,0.0
B4Ru1Yb1,0.0
Cu1Gd3S7Sn1,1.3513
H12N16Pd2,0.1317
Cr1Er1O6Te1,2.7294
K3Nb1O8,3.0251
Hf4Ni1P1,0.0
In1La1O3,2.8177
As3Cu4Na1O12,1.0357
B1Ba1F2Ga1O3,5.0424
Nb1Pt1,0.0
Cu2Na2S4Zr1,0.1041
Cu1I2O6,1.6826
Ce1Cu5Sn1,0.0
In1O9P3,4.5122
Ga2Ho3Ni6,0.0
As2Mn2O7,1.6702
In1Pr1Zn1,0.0
Co6Ho7Sn23,0.0
F6Pa1Rb1,3.9699
Cd1H2O5Se1,2.5904
Ge1Te1Th1,0.0
B2C1Dy1Rh2,0.0
C1Co1Dy1,0.0
Ba1Os4Sb12,0.0
Ba1Se4Yb2,0.53
O4Rb2Zn3,2.0982
Co2Cr1Sb1,0.0
Bi1I1In2Se4,1.4755
Er1H3O3,3.7799
Hf2N3Ta1,0.0
Cr5Se8,0.0
Ca2O6Si1Ti1,2.764
C2S2Ti4,0.0
Cl2Ge3La3,0.0
Ce1Ge1Pd2,0.0
Cl2O3Sb2Zn1,3.6793
I3Rb1,1.8437
Eu1O2Rb1,0.9445
Cl1Li6O5P1,5.242999999999999
Cl1N1Zn2,2.3318
P4Tc1,1.0705
Al2Au2Tb1,0.0
Ca1Pb1Pt1,0.0
Na1Nd1S2,2.2024
F6K1Rb2V1,0.0
Ru1Y3,0.0
O8Pb1Te2U1,2.8557
Ga2La3Ni2,0.0
Hg3I2S2,1.3081
Co3O8V2,2.6244
Er3Ni6Si2,0.0
Ba2Sb1,0.0
Gd1H3O3,3.5772
As1Mo1O6Rb1,2.4251
Co1Ho5Sb2,0.0
H6Ir1Li1Mg1,3.3059
Ca4Fe9O17,0.0
Ga1Ni1Y1,0.0
Ba1Pb1Zn1,0.0
Gd2O4Si1Te1,1.7504
Br1Cs1F6,3.9946
Ba3Mn1Nb2O9,0.0
Ca1Nb2O6,3.8573
B3Mg5Nb1O12,3.3331
H6Ir1Li3,2.9913
F3H4Mn1N1O3P1,1.3092
Si1Ti2,0.0
Cs2Ge1Te4,0.4943
Co2Ga1La1,0.0
F4O1Tc1,1.9406
Al1Tc2,0.0
Sb1Sm1Te1,0.0
P4Zn1,0.9699
Rh1Te1,0.0
Ca1Na2O12P4,5.3831
Na2Pt4Se6,1.0446
Pd1Tb1Tl1,0.0
Ba1Ca4Cu2N4,0.3492
Ga1P1Pt5,0.0
Ge1Sb1Zr1,0.0
Ba1Ge1O8P2,4.0681
C4Cl3H10N2O2U1,0.1142
C1Gd3Pb1,0.0
Ca2Ge1N2,0.0
Fe12Ho2P7,0.0
B2Tb1,0.0
As2Cd1K4,0.613
Cl1H2Hg1N1,2.379
C1Cs1F3O3S1,5.6122
Ba3P6Si4,0.4035
Ge2Sb2Te5,0.0
Cu1K1O2,1.2055
Ge3Ti5,0.0
B4Fe3Nd1O12,0.0
Ag3Li1O2,0.8736
La1Ru1Si3,0.0
C2Cl2O2Pt1,3.2459
Ga16Rh7Ti6,0.0
Mg2Se4Sn1,1.1709
Cl1N3O2S3,2.3178
Mn1Sn1Sr1,0.0
Ba5Er8O21Zn4,3.5380000000000003
C2F6N1O2Sb1,4.5993
Bi1F4Rb1,2.9036
Ba2Ca1Cu2O7Tl1,0.0
Co1Fe7,0.0
Al1Cl4Ga1,4.0132
Cs1F6Sb1,4.99
Al1Ce3Fe1S7,0.0
Ag1Au1Ba4O6,2.0448
Mg1O3Se1,4.0086
Mo3Na2O16Te3,2.3043
Dy3Ru4Si12,0.0
Ga1I4K1,2.5934
Ni1P2W1,0.0
C1H5Ho1O7P1,3.7104
Ag1C1N1,4.1752
As3Cd2I1,0.78
Ba1O3Tc1,0.3147
F6Li1Ta1,6.3516
Al20Pr1V2,0.0
Cu8Ge8Nd6,0.0
Cl10O12Si4Tb6,4.6835
H1Pd1Ti2,0.0
C3Nb8Zn4,0.0
C4O4Pb1,3.0136
C1Cl2H8N2O10,5.4387
Cu5Pr1,0.0
F1O6S1Tc1,2.7704
Ir2P2Sm1,0.0
H9N1O8P2,5.4677
B1Cd1F10Ta1,5.5646
Cu2In1La2,0.0
K2O7P2Sn1,2.4063
Al1I2Pd5,0.0
F6Li2Pt1,0.0
As1H12Mg1O10Rb1,4.2246
K2Mo2Ni1O8,3.1848
Ho2Pb1Pd2,0.0
Er1Fe6Sn6,0.0
Al40Ba21,0.0
Nb3Se4,0.0
Ca1In1Rh1,0.0
Nd2O7Sn2,0.0
Au1Ca1P1,0.0
As1Pt1Y1,0.0
Cl6N1S2Sb1,1.7062
C2Cl6S7,2.8677
Au2Sc1,0.0
H1K2O4P1,4.4493
H15Ni1O11P1,2.0098
Cs2Li1Mn1O4,1.897
Ag2O12U2V2,2.6005
C2Cd1Cl4H12N6S2,3.7105
F6Hg2Mn2S1,0.0
H6O1Si2,5.2620000000000005
Ba1Mn2Sn2,0.0
Ce2Ni7P4,0.0
H4O10V4,1.6125
Ce2O12W3,0.0
Br1C3H10N1,4.7464
Ni2Sn2U1,0.0
Cd2Y1,0.0
Cu1Ge2Nd1,0.0
I2Sn1,1.704
Ge1N6Sr7,1.1281
Ir1La4Mg1,0.0
Al8Cu4Yb1,0.0
Al1Ni2V1,0.0
Fe6Ge4Li1,0.0
C2N2Pb1S2,2.6439
Ca1Co3O14P4,3.8609
Co1In5Nd1,0.0
Br2Co5O12Se4,3.3019
C5Cl4Co1H22N10O6Zn1,4.1452
Cd13Cs1,0.0
Ni1Si1Y1,0.0
Mn2O8P2Sr1,3.4378
C1Ni1,0.0
Mg1Tl1Y1,0.0
Br3Nb1O1,2.0312
Hf1Ir1Sn1,0.0
P14Pb1Zn1,1.2842
Al3Li8Si5,0.0
H6Hf1O10P2,5.2271
Mn2Nd1,0.0
B2Fe1Ir5Mg2,0.0
Ge1K2O15Si6,3.3488
Ir1P1Sc1,0.0
Ge1O4Sr2,3.1684
Ge1Ho1Na1O4,3.5728
F4Li1O2Re1,3.2339
Fe1Ir3,0.0
Ag1As1Sr1,0.0
Nd4O19Os6,0.0
Pr1Rb1S2,1.9291
B4H16U1,3.1541
O10P2W2,0.0
As4Co1F18,4.1482
S5U2,1.3282
Bi1Pb3Pt1,0.0
Li1O7P2Ti1,3.1507
Cr6F2O24Sr10,0.9728
Dy1O14P5,5.2426
Ba1O5Pd1Tb2,2.4084
B1Er1Rh3,0.0
C3Ca3Cl2,1.2791
Cu1P2U1,0.0
Br4Ga1Li1,3.3381
Nd2Tl1,0.0
Ce3Cu1Se7Sn1,1.0968
Ba3La1O9Ru2,0.6619
As1Pt5Tl1,0.0
Fe1N1Ni1,0.0
Fe2O9Te3,1.7366
N10Si7Sr1,3.9185
Pt8Sc4Si4,0.0
C4H4K2Mo2O15,2.6254
La1P1S4,2.3903
Fe1H2K1O9S2,2.0542
Ga2Ho1Ni1,0.0
Hg1In2S4,0.4217
Ir2N1Zr4,0.0
Co1K6S4,2.0055
O12S3Sb2,4.0151
O9Si3Sr3,4.6111
C1Dy3Ga1,0.0
Co1O4W1,2.7749
Cs2F6Ni2,4.7672
Ge1Li1Te2,0.3122
Er1K1O2,3.958
Cl10H30N10Re1Ru2,0.0
Cl3N1W1,1.9658
Bi1I1Mn1Se2,1.5976
Ag1K2P1,1.3153
Ca1O11P4,5.3
Eu1Li1O4Ti1,0.1959
In1Ir1Li2,0.0
I2Pd1,1.1857
Ca1F5Ti1,3.2662
Ga3Re1,0.0
B3Cl1Eu5O9,2.0464
Cl18K4Nb6,1.1106
Er2Ge2O7,3.6477
B2C1Sc1,0.0
Al1B2Cr2,0.0
C1Gd2I1,0.0
C1Os2Zr4,0.0
Ni1Sb1Si1,0.0
Al1Pd5,0.0
Cs1Mo2Na3O20U4,2.4967
Mn4Nb2Si5,0.0
Co1K2Se2,1.9174
Bi2Br1O4Tb1,1.3596
Er1Ru1Si1,0.0
F4H7N1,7.2285
H10N3Nd1O11S3,3.7965
Mo2Nd1O8Rb1,3.5959
Co1Ni1,0.0
B2O5Zr1,3.7858
Cu1Lu1Sn1,0.0
Ag2Mg1Zn1,0.0
Ir1O6Sr4,0.0
Ni1Ta1Te5,0.0
Cr1H1La1O5,2.9075
Hf1Ru1Sb1,0.0
As2Ba1Pd1,0.0
Cu4Na3S4,0.0
C1N2Nd2O2,3.5194
As1Na1Sr1,0.8249
F7Gd1Sn1,3.94
B2C2Sc1,0.0
Cu1K5Sb2,0.7642
B3Ca4Gd1O10,4.3731
Au1O2Sc1,2.2382
Cu1Sb3Zr5,0.0
Li1Mg1Pd1Sb1,0.0
Pd2Pr1Si2,0.0
H2Li1O5P1Zn1,4.4593
Al1I8P1,1.4697
Al5Lu3O12,5.077
Co1In2Se4,0.7981
Ce1O1P1Zn1,1.3729
Tb1Te3,0.0
N3Na1Si2,4.1825
Cu1O8W2Y1,1.4471
Ca2Cd1P2,1.3081
Ge1Sb1Ti1,0.0
Ba1Pb6Rh3,0.0
Ge6Ir7Yb4,0.0
Dy1Fe1Ge2O7,2.5093
Au1Dy1Sn1,0.0
Eu1Ge3Ir1,0.0
K2Mo1O1S3,1.7939
Ge2Ir3La1,0.0
Ge1Hf1Os1,0.0
H6Na3O7V1,3.9949
Co1Si1Ti2,0.0
Cl16Re4Se4Te4,2.3422
B6Ho2Ni3,0.0
C1H3N5O4,2.9058
Pt3Rb2S4,1.7501
Fe1O4U1,1.4531
B4Pu1,0.0
Br9Nb2S4Tl5,1.8364
Ba3In2O11Zn5,2.2896
Be1Bi1La3S7,1.7306
Li1Se2Y1,1.516
C6Cu2F6O6,3.0819
Ag2Ce1In1,0.0
Ga1La2N3,1.4699
Bi2Co1O7S1,2.7632
Al1Dy1Pd1,0.0
Ge5Ti6,0.0
B1Br3,3.78
Ge1K4Se4,1.9974
Br6Cs4Pb1,3.8972
C1Cs1F3O1,6.0957
K1Se2Yb1,0.0
B10Fe1Th2,0.0
Na1O2Rh1,2.3225
Fe1Si2Zr1,0.0
Bi1Ca1Cl1O2,3.632
B2Ba1O4,4.523
C3F1La2Na1O9,4.034
Mn1Ni4Y1,0.0
Cs3O14Ta5,3.8882
Au1Br1C2H8N4S2,3.3835
As1Cl3F6S1,3.7733
Cu1S7Si1Y3,1.8462
I14K1Zr6,0.0
Cl4F1Ta1,3.2392
P1Ru1Sc1,0.0
Ba1Fe2O4,1.6964
Ge2Y1,0.0
Co3Th7,0.0
Cl5Pb1Rb3,4.2838
As2Ga1K2Li1,0.8031
Bi4Li1Nb3O14,2.8963
Ga3Ru1Y1,0.0
As2Ba1O1Ti2,0.0
Cu3H6O11V2,0.0
Co8Rh1S8,0.0
Cu3K1Te2,0.6803
H10O8S2Sr1,4.2156
Ba1Gd2Te4,0.0
B2Ni3O6,2.8395
La1Li1O12P4,5.9598
O7Se2U1,3.2288
Ho1Ni1Sb2,0.0
Fe2Sn1V1,0.0
Al1Mg4Si6,0.0
Nd1Se2,0.0
Br5Cs1Sn2,2.4361
C2H12N4O26Pb3Re6S2,2.3765
Al5Cu6Mg2,0.0
As2K2Pt1,0.6602
H6O6Rb3Sc1,3.5872
In11La5Ni6,0.0
Cl2N1Sc2,0.0
Ge4Hf4Nb1,0.0
H1Mg1Na3O8P2,4.88
Fe1La1Sb2,0.0
Co7Ge6Hf4,0.0
Dy3Ga5O12,3.4123
S5Th2,2.0669
Gd1Os2,0.0
O5P1Sn1V1,1.0275
Ca2Ge2In1Li1,0.0
Cl16Hg3Tl10,2.5889
C1Sc2,0.0
B2Ni6.67Zn1,0.0
O49W18,0.0
C1Gd1H5O7P1,3.69
Bi1K2Rb1Se3,2.1471
H6N3O1P1,4.6992
Ge1Mn1Sc1,0.0
Er2Rh3Si1,0.0
Ga1In1S3,2.1491
B2Fe2Tb1,0.0
F2O3Te2,3.3584
H0.667Y1,0.0
Mo4O6Sn1,0.0
Ba1Se4Sm2,0.0
Ba2Mg3Si4,0.0
Co4Dy3Ge13,0.0
As1K3Se4,1.162
Mg1Nd1Pt1,0.0
O7P4Se1,3.5526
B12Br1Cs3H12,4.7495
Al2B2Ba1O7,4.6664
Ge1Pr2Rh3,0.0
Eu4Ir1,0.0
Cl6Cs2Pb1,1.4364
C4F12P4,1.0765
Tb1Zn3,0.0
Ca3Cu8Sn4,0.0
Al2As2Cs2O7,3.6579
Ga5Pd1,0.0
Cl2Pd1Se6,1.3392
Co1Ga4Th1,0.0
Co1K2O6Se2,0.0
Pd1Sc1Zn1,0.0
La1P1Pt1,0.0
Bi6O16V3,0.0
C2F8Te1,4.4024
Co1Si3Tb1,0.0
Cd11Na2,0.0
Cs2Ga1Sb2,1.0933
Nb2P1S10,1.6682
Au4In2K1,0.0
Ba3Er1O9Ru2,0.5727
Au2Pr1Si2,0.0
Ba1Ca1Sn1,0.2761
Rh3W1,0.0
B4Mn1,0.0
O3Rb2Tb1,0.0
Ag1Se2Yb1,0.0
Co1F1Li1O4S1,0.0
O6P4,3.8246
B2Ni13Yb3,0.0
Rh3Y1,0.0
Bi1O2,0.0
Pd3S1,0.0
Cs2Se3,0.7341
Ba1Cu1Na2O8V2,1.8076
K2Se4Sn2,0.0
Ir7Sc44,0.0
H8N2S5,2.1551
Ba1Co1O2,1.6271
Cu9Mg2Tb1,0.0
Cd4Cl3P2,1.3672
Er3Ni1,0.0
Er1Zn2,0.0
Cs2F5Mn1,1.6318
Dy2H2Mo3O17Se2,1.4339
H3O3Y1,3.6769
Bi1P1S4,1.4836
Ag1Pb1Y1,0.0
H5O13S3Y1,5.5643
Cu1Dy2O5Sr1,1.4447
F12I4Sb2,0.5549
Cl6Hg3Se2Zr1,1.4395
Al4C5Hf2,0.0
F5Nb1,4.9889
Ba1Be1F1O4P1,3.7364
Ge1Pd1Ti1,0.0
Cl2O1Si1,5.5536
Ag7As1Se6,0.1077
Na2O2Pb1,2.3959
As3La4,0.0
Ba1C2O4,3.2504
Ge2K6S6,2.3761
Cu1Eu1Sn2,0.0
As1Cu1Na2,0.8684
F6K2Na1Ni1,0.0
H2K1O7S1V1,1.7299
Ag1Pb1Tb1,0.0
K1La1Se4Si1,2.1943
As1Co1Nb1,0.0
Na6Si2Te6,1.8874
O4Ta1Tb1,4.1858
Ge6Ni6Sc1,0.0
As1Co1Se1,0.4619
Nb4O5,0.0
Mo3O12Se1Tl2,2.4284
H7N1O6Se2,4.2181
Ag1Ce1Ge1,0.0
Ba3N4O9Si6,4.3671
Ge1Hf1Mn1,0.0
As1F12I1,0.5966
In1Pt1Tb1,0.0
Lu2S4Sr1,1.8471
B1F7N2O1S2,4.8995
Co1Ga8Tm2,0.0
Er1Pt1Sn1,0.0
B1H2Na1O7Si2,4.0562
H8Mo1N2O4,3.6635
C3Ca2K2O9,4.697
Ba2Bi3,0.0
B13Co1Er4,0.0
Ge1K1La1Se4,1.6069
C1F3H2O3U1,3.2287
F8H12O6Zr2,5.2855
Al8Ca1Fe4,0.0
Au3Cl8Rb3,0.9237
Er1Ga4Ti2,0.0
As2K2Si1,0.9986
Ga2Hf6Ni1,0.0
Ba2Cl1F7Ni2,3.6091
Ba1F2Fe2O7P2,3.608
B2Ca1H10N2,3.838
Cl8Fe1Li6,0.0
H1Li1Pd1,0.0
Ba2Ge4Pd5,0.0
Au4Zr1,0.0
Bi24O40Ti2,2.3933
B2Pu1Re1,0.0
F5O1Sn2,1.5169
Ag2Ba4Si6,0.0721
As1O4Tl1Zn1,3.3402
O13Sc2Te5,3.0242
Li22Tl5,0.0
Ga1Se4Ta4Te4,0.0
O14Pt1Si2Sr8,2.6282
C1Mo4Ni2,0.0
Cs4O13U2V2,2.6878
Mo1Na4O5,2.8104
I3Na1O8,3.1451
O5Sb1U1,1.7774
Er1Pb1Pd1,0.0
Ba6Ni25S27,0.0
Co1O4Rh2,1.928
Cd1K1Sb1,0.0
Ca7Ge1N6,1.6913
Cl1In1S4Sb2,1.5751
Co3Er2Ga9,0.0
Nd3Se4,0.0
Cd45Tb11,0.0
As3La1Mn3Na3O15,1.5761
B3Na3S6,2.5203
Cu1Li1O2,0.6251
As2Hg3O8,0.999
O19Re4Sr7,0.467
Ba2In1,0.0
Ni2Si2Zr1,0.0
Ho1Pt2Si2,0.0
Cl5K2Pr1,4.0104
Al16Hf6Pt7,0.0
Al3Er5Ge4Ni3,0.0
Bi1K9O24U6,2.5818
B2Fe1O4,2.9346
Fe1S6Ti3,0.8582
La1Ru4Sb12,0.0
Ge1Na2Se3,1.6024
Cl1Eu1Mo1O4,0.2392
Cl10Fe1W2,0.6643
Fe1Sb1Zn1,0.0
Cl3N3S3,2.6661
F1O3Tc1,2.4854
O7Si2Tl6,1.6062
H12I8Mg1O6,1.3802
F6K2Pt1,3.0996
Na1S1,0.0
O10Sr4Ti3,2.3432
Ce1Ru4Sn6,0.0
Sn1Yb1Zn1,0.0
Co2Si2U1,0.0
B2Ir3Yb1,0.0
Bi2Mg1O6,0.0
Ba1La2O10Ti3,2.4973
Co1H6K1N6O8,2.7266
Ba5Fe4S11,0.643
H14Mg1O11S1,5.1895
Cs2O9P2U1,3.1837
C1Cl2F9S1Sb1,3.8054
Ag2Ga1,0.0
B2C8Fe1H4N8O2,3.7746
F7K1Ti2,2.8480000000000003
Be6Ge6Mn8O24S2,2.401
Al7Sr8,0.0
Ga3Na2Sb3,0.2071
Cl11Hg5Tl1,2.6664
Bi2Cd1O4,2.8764
Be1H3Rb1,3.2862
Br2S2,2.13
C3F9H18Ho1O18S3,5.9624
Bi1La2O2,0.0
Ag3Rb1Te2,0.6205
Cl1K2Na1O6S2,5.0691
Cl2Co1O6Se2Sr2,0.0
Cl5K2Pu1,0.0784
F2H1Li1,8.0277
Er1K1O12P4,2.588
P1S5Ti1Tl1,1.5281
Gd2Ge1O5,3.5693
Er4Ga12Ni1,0.0
H1O10P3Pb2,4.2972
C2Cu1H6O7,1.2683
Cr2H4In1Na1O10,2.6686
Cu2O2Sr1,2.0067
Ni1P1Pr1,0.0
Cl7N1P1Ta1,3.3004
Co1Y1,0.0
Co1H10O9Se1,3.262
Bi1K1O3,0.5670000000000001
C6Cu2Fe1N6,0.0
Al2K6Se6,2.3834
Lu2Mn1S4,1.4839
Br3La6Si7,0.0
In1Pd1Sr1,0.0
Bi2O6Te1,1.2421
Re4Si2Th1,0.0
La1O3Rh1,1.329
Cd2Ga2Sr1,0.0
Al2Ni1Sc1,0.0
Nd1Se1.9,0.2554
Bi2Ho5Pd1,0.0
Cu1Pd1Rb1Se5,1.1316
Cd1K6Te4,1.6775
K2O3S2,3.7385
Ca3Ge4,0.3314
Gd1In1Rh1,0.0
Cl3Nd3O6U1,1.8571
Ba1O5Tb2Zn1,3.4316
O15Rb2Si6Ti1,3.9853
C12Cl6O12Os3Si2,2.5395
K19.217,0.0
Ce2Cr1N3,0.0
Ga1Pt1,0.0
Cr1H12N3O8,0.0
Rh1Zr3,0.0
B2Ba1Se6,1.7041
Br18Cs1Er1Ta6,1.2164
Nd1Tl1Zn1,0.0
Co2Ge4Tb3,0.0
In1Li1Sn1,0.0
Co8Pd1S8,0.0
Lu1Ni5Sn1,0.0
Al1Ge1Pr1,0.0
Mg2Rh1,0.0
Pu1Se2,0.0
Dy2S5Sn1,0.1247
Be1F4Pb1,5.1934
Cu1N6O12Pb1Rb2,0.0
In16Pt7Tb2,0.0
As1Pt1Yb1,0.0
Fe4La1Sb12,0.0
Ce6Ni6P17,0.0
Na3O3P1S1,3.9296
Ba1Pd1Si3,0.0
Ir2Si2Sm3,0.0
Al13Rh4,0.0
As1Cl1Hg3S4,1.5598
Ge1K1,0.952
B2Ce1Ru2,0.0
C2Cs2,3.0701
Dy2Ni3Si5,0.0
Al0.4C0.2Mo0.6,0.0
Cl8O2Se2Sn1,2.6341
Co2Dy1In1,0.0
Fe4Rb8S10,0.9584
I12Zr6,0.0731
Ca2Hf7O16,4.3155
H2Mg1O5Se1,3.4013
Hg1N3O6Tl1,0.0
Hg4Se6Si1,0.1381
Nd3Tl5,0.0
H12Mg1O10P1Tl1,4.5518
Ba9O24Sc2Si6,4.509
F7K2Nb1,4.9424
Al1Hf1Pd2,0.0
Ge1O4Zr1,3.7488
As1Pt1Sr1,0.0
Dy1Si1Ti1,0.0
Co2La3Sn7,0.0
Br2Sn1,0.0
Cs1N2O8V1,1.6645
Ag1C1N3O2,3.1722
H5K3Zn1,3.6969
Br3Sb1,3.2734
Cl3Co1Cs1,3.3426
Cl4Ti1,3.6875
Cd2F8Tb1,0.0
Au1Cs3O1,1.5179
Au1Tb2,0.0
Ho1Pt1Si1,0.0
F6Na1P1,6.9841
Eu1Ho2Se4,1.214
Cs1O7P2Ti1,3.005
Ba1F10Zr2,5.7614
C5Ni2Yb4,0.0
C2H2O4Pb1,3.9212
Ho3Pt1,0.0
Ba2C3F1La1O9,4.5977
Co1Cr1Ge1,0.0
Cl2Cu2O6Pb1Te2,1.2963
Ag4Cd1Ge2S7,1.0562
Al2Pd1Yb1,0.0
Co2Fe1In1,0.0
Se3Ta2,0.0
N11P6Rb3,3.9389
Bi2Cl1Lu1O4,1.4729
Co1Ga5Y1,0.0
H1Mn1O7P2,1.6173
Ba2Na1O1,0.0
Be13Eu1,0.0
C4Co1Hg1N4S4,2.3432
Cs1P1Pb1S4,2.3579
B1C1F4H6N3,5.681
Cl3K2N3O5Ru1,2.1975
O14Ru3Sn15,1.2678
Dy1Rh1Zn1,0.0
Cu2K3O4,0.2162
K1Se6Th2,0.0
Cd1Cs1Dy1Te3,1.5626
F3Mo1Na3O3,3.8495
P3Rb5Se15Sn1,0.9819
La2Rh3Si5,0.0
Cr1F6Mg1,1.8305
B1Li1O5U1,2.8178
Cu1Pb1Tb1,0.0
P2Se6Sr2,0.0
C6H6N9Na3O3,3.8381
In1Pt2U1,0.0
Br1Lu1O1,4.3341
H2Hf2Pd1,0.0
Cu1Mn2Sb1,0.0
H18N4O12Se3,3.5146
In1Mg1Y1,0.0
B4Ho1Rh4,0.0
Ba1Ho2O5Pd1,2.3145
H8N8Na1O12Rh1,2.6028
La1Mg1Rh1,0.0
Au2Lu1,0.0
Ce1Cu1O1S1,2.0047
As2Cr2Sr1,0.0
F13N1O2Xe2,2.8945
Ag1Br14W6,0.0
B2Mg3Mn3O10,0.0
Cs2O15Si6Ti1,3.7984
Hf9Mo4S1,0.0
Gd1In1Pt1,0.0
I1Mo1O6Rb1,2.5169
Cl6H18In2N6,3.8959
B3K1O6Zn1,4.7525
Eu1Li1O12P4,0.3338
Cd3Th1,0.0
Ca10.6796,0.0
K19.194,0.0
N3Nb1Sr2,2.4183
B1F1O4Pb3,2.435
Ce3Pd20Si6,0.0
I7In1Te1,1.8032
Dy1F1O1,5.0151
Co1Na2S2,1.8253
As2O9S2,4.039
Co12P7Ti2,0.0
F18In1Sb3,3.5517
F8K2Re1,2.4003
Ca7.9712,0.0
Co1Li2O8W2,3.2678
Ca10O25P6,3.1773
F7Th1Tl3,3.2981
La4Mn1O1S6,1.2551
Au2Ce1,0.0
Al12Fe4Mg5Si6Y5,0.0
Cd3Nb1,0.0
As2S4Tl2,0.9642
Bi1Ge1K1S4,1.9436
Ba1F6Sn1,4.4495
Ba3O23Si4Ta6,0.0661
Cl7Mo1O1Se1,1.875
Cs2Se6Te2,0.72
Na1S7Si1Y3,2.2263
Cu4Sc3Si4,0.0
B3C2Gd2,0.0
Ba1Nb8O14,0.3052
Re0.67Zr1.33,0.0
Au1Cl7Se1,1.7405
Ba1Dy1Fe4O7,0.0
C3F7H16N1,7.3685
Br6K2Os1,0.0
C3Mg2,1.6676
Au2Er7Te2,0.0
Br3Rh1,1.8024
Cd45Dy11,0.0
Au4S3Tl2,1.2382
Br2Cu3O6Te2,0.313
Ge1I1O6Rb1,2.4558
Cd1Ir1O6Sr3,0.3677
Ag4I2O4Se1,1.504
Al2N1Ni1Ti3,0.0
Al1Gd3S7Zn1,2.2232
Ce2Ni2Sn1,0.0
Tl1Yb2,0.0
B4Nd1Os4,0.0
Ba2O11Te2V2,3.2686
Ho1Pd1Sb1,0.5462
P4S13V2,1.2467
H3K1O2,4.4078
Cd1Ru1Y4,0.0
Co8La1P5,0.0
Cs4H20O18Te2,2.9391
Au3Nd3Sb4,0.0
P2Rh3,0.0
Al1O2Tl1,2.2126
Eu2I5Rb1,3.2749
As1Hg1Pd5,0.0
C8H9N1O9,2.718
As2O1Yb4,0.6482
F6H12Ni1O6Sn1,3.027
Co1Ga1Ho1,0.0
H1Mn1,0.0
La10O3Si8,0.0
Cl6H4N1Sb1,1.9451
Cu3Ga8W2,0.0
Eu1K3O8P2,0.0
Cr1F3H18O9,3.9407
Cr1La1O4,0.0
C1Co6Mo6,0.0
C2Ce6I10,0.3035
H2K2O7P2,2.9558
Ho5Ni19P12,0.0
Al1Na1Te2,1.2827
Ca1Hg1,0.0
Hf5Sb3Zn1,0.0
Hf1S3Sr1,1.4974
Na3O12S3V1,0.0
Ge1Ni1V1,0.0
Cl4Ga1Rb1,4.4392
Au1Cr3O8,1.3352
Eu3Ga4Ni4,0.0
B1Li1O4Si1,6.4054
O7Re1Tb3,0.7249
B3K3S6,2.7645
Ga1Mn1Ti2,0.1817
H3Na1O6Se2,0.0
Al8Mn4Sc1,0.0
Cl1O4Sb3,2.6806
In4Pd1Sr1,0.0
Cl1F1Yb1,3.1592
Li1Pt1,0.0
In1Tm1,0.0
Ag6Ge1O8S1,0.065
K19.198,0.0
Cl5Pu1Rb2,0.0826
Bi1Gd2O2,0.0
As2H16O16Zn3,3.6177
