formula,target
Ba1Pt1,0.182391824
B2Ru3Tb1,0.917332703
Au2In1U1,-0.17467906
Ca3Co4Sn13,-0.37462066
Al1Pt1,0.66988379
Mo3N1Pt2,0.68669167
Ag2Er1In1,-0.04234196
Al1Li1Si1,1.241122937
Ag1S3Ta1,0.5457906339999999
Al16Pt7Zr6,0.5325237979999999
Al1Au1Er1,0.31066358
Ca1Si2,0.7457959340000001
F4Pd1Sr1,0.139576863
C1Pb1Ti2,0.964770486
La3O7Ta1,0.8447150720000001
B4Rh4Tb1,0.667383834
C1Ga1Ta2,1.127810763
Ga1Ho1O3,0.631947786
Al3C3Sc1,1.308058331
Ru3Zr1,1.025219817
Dy2Se3,0.305396517
Ir2Lu1,0.83986566
Be2C1,2.1110136980000003
Al2Ho3,0.361550305
Dy1Ge1,0.879681237
P1Ru1Zr1,0.921471616
As12Os4Th1,0.689075219
Eu1O3Ti1,1.171688433
Al2Y1,1.069853021
Er3P6Pd20,-0.189727147
I1Rb1,-0.262923503
C1Zr1,0.968069004
B4Fe1,1.144670707
Cl5Cs1Pb2,-0.190720479
Ba1Pt2,0.221051522
Ca1F6Sn1,0.465659403
P1Pt5Tl1,0.279155709
Cu1Ti3,0.789347287
C1Nb1,1.429233723
B1Li2Pd3,-0.135847419
Ba1F4Pd1,-0.060718426
Er2In1Ni2,0.365055347
Ga3Hf3Nb2,0.7886773429999999
Ca2Ge2Ni3,0.5436074479999999
Ag1In2Na3,-0.626554658
S1Zn1,0.36599312
Ni1Zn1,0.810129647
As1Ti3,0.62940756
O3Tb2,0.312758989
N1Nb3Zn3,0.702021901
Al3Zr4,1.182876665
O1Sr1,1.126339247
Cd1N1,0.126650821
B4H16Hf1,1.119734142
K1Sb1Zn1,0.246082306
Be13U1,1.080417225
Pt1Se1Si1,0.604636386
B2C2Er1,1.309263843
Mg1Sc1,1.108713822
Ge2Ir2Th1,0.595985354
Mn2Si2Y1,0.911905656
Sn2Tb1,0.524637546
In1Ni2Ti1,0.95533026
Na1Nb1S2,0.914252692
O7P2Ti1,0.733373035
Ag1Er1Se2,0.075357144
Ru2Si2Th1,1.208169838
Ge1Ir1Y1,0.367931492
Al1Cu2Zr1,0.810585323
Ge3La1Rh1,0.68355582
Ag1Al1O2,0.380466315
Mn1Pd2Sn1,0.311166637
Pt9Sc5Si7,0.469919169
Cu1Dy1Si1,0.891001367
Ge1Ru1Tb1,0.360937835
F1Ho1S1,0.7971310659999999
Ho1Te2,0.306648015
In1Pt2Tb1,0.263425379
Rh5Tb1,0.7844974709999999
Mn1Pd1Te1,0.196101539
Al1Rh1,1.400551804
Ba1Ce1N2,0.7072456109999999
Ga1In1Te2,0.207149453
As1Pu1,0.153711231
C1,2.0204773
B2Mo2Ru1,0.987946321
Al2Fe3Si4,0.917577448
Ba1Te2,0.165173076
Dy3Ge4,0.5129044220000001
Ni1Sc6Te2,0.549548854
Ru2Sc1,0.05923388
Ge2Th3,0.535776261
Ba1Ce1O3,0.446453282
Ba1Si2,0.397705426
In1Rb1Te2,-0.010771836
As1Nb1,1.174193595
Ge1Nb1Rh1,0.78335608
B2Nb1Ni1,1.19180021
P1V1,1.2516722809999998
Ho1Rh1Sn1,0.399547394
C1Nb4Rh2,0.270415618
Dy1Ni2Si2,0.974599188
Cu2Ho1In1,0.539206619
Bi1Dy1,0.8063475520000001
F3Na1V1,0.421501921
Cl1Na1O3,0.361246068
Cs3O3Sb1,-0.464703348
Ho1Ni2Si2,0.953938397
Al6Mn1,0.8182529540000001
Pt2Si1,0.044582874
As2Ba1Cu2,0.400928075
Ca1Mg1Si1,0.715774444
In1Na5O4,0.123502106
In1Te1,0.311938132
Dy1Ga3Ru1,0.468568853
Ge13Ru4Y3,0.188461612
S4Tl3V1,0.120718672
Ge1Os1Sc1,0.953816209
Sn1,0.474366347
Ge1Pt1Zr1,0.659533054
Bi1Nb3,0.718915856
In1Ni1,0.717119382
Bi1Pd1Se1,-0.084215644
Dy1In1Rh1,0.213480568
C2La1,1.011358954
Ag1Zr1,0.6408867220000001
B2Zr1,1.946487145
Au1Ge4Rb3,-0.26490754
F2V1,0.499483631
H2Y1,1.159882874
Cu2O3Sr1,0.728172721
Er1Os2Si2,1.062724845
O6Se2Sn1,0.241601262
As1Mg1Na1,0.486454566
Ce1Co1Si2,0.8785373059999999
K1Nb1S2,0.868495142
Mg1Si1Sr1,0.5516902570000001
Dy1Rh1,0.83432913
Pt1Sb2Zr6,0.77211845
Hf1Re2,0.510945609
As1F6Na1,0.386240274
Al3Ir1,0.5593403570000001
Pt2Si2Th1,0.6313219870000001
Pd1Sr1,0.355777071
Ga7Ni3,0.217059971
La1N1,0.6390619479999999
Ir1Mn3Si1,0.334805468
Ir2Th1,0.78006372
Pd1Th1,0.038353861
O2Re1,1.133781535
B7Mo3Y1,0.997919095
Ag2Ca1Ge2,0.24095091
In2Rh1Yb1,0.18792099
Ag1Al1S2,0.702734608
Ge13Lu3Rh4,0.16262414
O7Ru2Y2,0.677688147
B1Co1W1,1.203264123
In1Li2Pt1,0.126141152
Au1Cu3,0.480354814
Pt1Sn1Sr1,0.008071885
Os2Tb1,0.237325028
Ba1O3Pr1,0.847261015
Er1Mg2,0.227346713
As2Ni1,0.5166913479999999
H3Pd1Yb1,0.481604563
Cu1Sn1Y1,0.725770382
F6K2Ni1,0.334825557
O7V2Y2,0.794449007
C1Ge1Ni3,0.63366132
Al1O2Rb1,0.7260063179999999
Co1Si1V1,1.064424293
Ca3N2,0.238427512
K2O1,0.246678269
B2Hf3Ir5,0.7383333540000001
Se1Tl1,-0.15027417
Ho1In1Pd1,0.127739571
Co1O6Pt3,0.64750522
In1Te2Tl1,0.029671859
Sn1Y1Zn1,0.457473135
Fe2In1Ti1,1.095144933
Br1Li3O1,0.70597911
Cu1Na1Se1,0.267117732
In1Pt2Sc1,0.44220374
In1Pd2Tb2,0.271811414
Si1Sr1Zn1,0.727185706
Nb3Si2,1.1780412
As2K2Ni1,0.134667883
Pu1Ru1,-0.302429809
K1,-0.402738228
Hf1N2,0.8297924809999999
C2Os1,1.592610835
Fe1Hf4P1,0.413859459
Ag1Al1Se2,0.11063684
Al1Mn1Ni2,1.020907951
Cr3N1Pt1,0.56499728
Ho1Os2,0.247093973
As2O6Sr1,0.598476432
Ba1Ga2,0.514859748
Mg1Pt1Sb1,0.430544266
Re2Sc1,0.661884589
Ge1O2,0.933074056
Ge3La2Li2,0.497874662
Au1Ga2,-0.118981309
P1U1,0.7582834509999999
Cl6Te1Tl2,-0.10270893
K1Nb1O3,1.106303112
Pd1Sb1Tb1,0.414508739
O4Pd3Sr1,0.376494835
As1Ga1,0.32486661
Sb1,0.584188698
Pt1Sb1Se1,0.196971617
Ca1O2,1.222617638
Ru4Sb12Sr1,0.308308243
Fe1Sb1V1,0.973784343
Bi1,0.491687993
Cu1Pt7,0.358266156
O2S1Sc2,0.957141619
C1N2,1.778411749
Os2Si2U1,1.203429992
Cs1H1,0.086971683
Bi1Cu1Mg1,0.449015316
B6Y1,1.132483825
Er3Ge13Ir4,0.24049683
Ag1C1,-0.061377717
Ni2Si2Th1,1.011701516
Li3N1,0.7927116890000001
Al2Ho1,0.987325666
Er1Tl3,-0.429337996
Be1Hf1Si1,1.303332158
Pt3Zr1,0.953206689
S2Ta1,1.360742949
Cd1Dy2Se4,0.020286684
Dy1Tl1,0.270443578
Co1P1Ta4,0.947353816
C60Rb6,0.829935132
Al3Ni2Th1,0.928601172
Dy3Os1,0.293674074
C1Ge1,1.291231169
C1W2,1.070011993
La1Rh1Si2,0.69432523
Al1Pd1Tb1,0.201200418
C1Er5Ge3,0.441842755
O7Pt2Sb2,0.274668076
C6Cr3W20,0.7139388870000001
Ho1Os2Si2,1.072874597
Dy1In1Ni1,0.258481637
Sn1Te3Tl4,-0.326477777
Zn1Zr1,1.105407986
Ir1O2,0.953172345
C1Mg1N2,1.3873577869999998
Er1Ge1,0.881227118
Hf1Pd1Sn1,0.842241556
Ga1Hf1Rh1,0.551286497
Ag2Ho1,0.305678042
C1Tl1Zr2,1.007999408
Al9Ba1Co2,0.843955585
Ge1Mg1O3,0.629208717
Mo1N1,1.577022784
Sb3Y4,0.319822003
Cl1Na3O1,0.420478898
Cu6Ga5Mg2,-0.182581403
B2Nb3,1.427106179
Cl6K2Pt1,0.133142753
Au1In1Li2,0.028066723
Pt3Zn1,0.455478315
B1Nb1O4,1.286249828
Ca3Hg2,-0.184620851
Ni1P1Ta4,0.905489338
Rh1Sc1,1.183494764
B2Mo1,1.63928324
I1Li1,-0.401340786
Au1Sn1Y1,0.4803418820000001
F3Pb1Rb1,0.031396344
F6Hf1V1,0.592495419
Cd1Ni4Sc1,0.599344781
Er1Ga2Pd1,0.457342856
Cd1Dy1Ga1,0.522478141
Ru1Th1,0.52786567
B1W1,1.514344503
As1Na3S3,-0.037338549
Os1Si3Th1,0.942723677
As1La1,1.093502232
Al1Dy1Ni1,0.446471925
As2O3,0.89941884
Re2Zr1,0.474918146
Ge1Rh1Sc1,0.804160567
In3Rh2Ti3,0.6688246489999999
C1Er3Ga1,0.425667879
Bi1Mg1Ni1,0.6130866979999999
N1Ni2Ta4,0.683118213
Mn1Ni1P1,0.614980483
In1Pd3,0.277274484
Ni1Pd1Te1,0.116245681
Er1Ga1,0.8358984759999999
Ba1Mo3Te3,0.526491771
Ag1Ti2,0.985304298
Hf1Tc1,1.160312433
Au2Mn1,0.086697879
Ga2La1,0.963495524
Ge1Hf1V1,1.020493871
Bi1Th1,0.620834322
F2Ti1,0.8705940870000001
La1Se1,0.696578285
Ca2Sn1,0.232215711
Mn1Ni1Si1,0.428941055
Ge1Rh1Tb1,0.451982821
K2Te3,-0.421756304
Co1Sc1,1.287875598
Ru2Tb5,0.294609498
Ag1Er1Sn1,0.30398183
As1Ca3Cl3,0.533226624
P1,1.273982248
Li1Mg1P1,0.7069284790000001
N3Tl1,0.4125008670000001
Sc5Si3,0.926050074
Ca1Hg1Sn1,0.111504468
H2La1,0.8265632709999999
Pb1Pd2Y2,0.138049944
Ca1Cu1F4,0.412969306
Cu2Te2Tl1,0.043189312
Ir1Sb3,0.436248543
Be4N4Sr2,1.06746887
Ba1Cu1Sb1,0.427085062
Au1O1Rb3,-0.1546315409999999
Al2Li1Rh1,0.973880287
N4W3,0.886227813
Cu1Mn3N1,0.017559185
C1Ge1V2,1.193783891
F4Mg1Rb2,0.285667556
Cl6Cs2Sn1,-0.199919712
S3Sc1Y1,0.458136044
Hf2Hg1,0.797747977
Al1Ge1Li1,1.037741148
P1Zr1,1.076775116
Ho3Sn7,0.25206136
Ca1F3K1,0.461058607
Ba1Pd1,0.163131546
B6Hf2Ni21,0.374126695
Cd1Dy1,0.64011954
Al2Pb1S4,0.461486521
Ca1O3Ru1,0.610636745
Br1Tl1,-0.488250289
Ga0.4N0.2V0.6,0.7498746190000001
Pd1Ti1,0.146475332
Cu3Nb1S4,0.7511866909999999
Cs1Na2,-0.8812988829999999
Mg1Te1,0.458058908
N1Tb1,1.54986731
Al1Cu1O2,0.933221973
Al2B1Re3,0.533164282
H2V1,1.19521032
P1Sc3,0.7141813359999999
Al1Sn3Zr5,0.641745707
B4Th1W1,1.287539731
N2O1,0.710071647
K1O3Sb1,0.496607265
Au1S2V1,0.59806133
P1Tb1,1.311351158
Ag9In4,-0.6865968370000001
La1Mg1,0.918028239
Pt1Sn1Tb1,0.183369506
Si3Zr5,0.8999293359999999
B2Gd1,1.656649109
P1Ti1,1.132067481
Al1Er1Ni1,0.523572194
Ir1V1,1.238803575
Cr2Ti1,0.996307611
Au1Mn1Sb1,0.1747718969999999
Ce4Rh12Si1,0.261146248
Er1Rh2Si2,1.077495086
Ge1Rh1Zr1,0.742685862
Ge1O8Zr3,0.636680428
Ce1Ge1Ir1,0.372689278
C1Co2Mo4,0.7499897090000001
Au1Ni4Tb1,0.545151188
Hg3Yb1,-0.7427343209999999
Co2O7Sb2,0.5860074829999999
In1Pt4Tb1,0.44143118
Al2N1Nb3,0.898377387
B4Rh4Th1,0.614788629
Ho1Pd3,0.68049959
Ni1Zr2,0.180194714
S2Sc1Tl1,0.500709768
Pd1Sb2U1,0.437527018
C1Sn1,1.216157982
Li1N1Zn1,1.2740862309999998
Mg1O1,1.6504814
Co4Ge13Yb3,-0.000755896
As1Ru1Zr1,0.8335658990000001
Ca1Pb1Zn1,0.270464547
Tc1V1,1.578158814
Ag1In5Te8,-0.087279615
Al1Cu2Ti1,0.8648349009999999
H3Mg1Ni1,0.613066586
Er1Rh1,0.903147527
Cu2In1Mn1,0.372683754
Al1Ca1Si1,0.6722161179999999
Ag1Dy1Mg1,-0.162345286
C1W1,0.809220226
Ge2La1Pd1,0.442435867
C1S1Zr2,1.249403834
Ru1Ti1,1.579550386
Nb2O6Zn1,0.656148052
Cd3P2,0.018496615
K1Na2Sb1,0.208059569
La1Tl1Zn1,0.440902788
Mo1Pt3,0.7418792790000001
C1Lu1Rh3,0.917031045
As1Ca3N1,0.5445306320000001
Os1Ti1,1.54888179
Fe1Nb4P1,0.983187261
Ag1Hf2,0.8972520070000001
Mg1Pd3,0.286276786
Hf2Rh1,0.273339311
Ca1Si2Zn2,0.7545104009999999
Re2Tb1,0.192890684
Fe1Ga2Hf6,0.730070515
In2Mg1S4,0.18811817
La1Rh1Si1,0.096426809
In24S32,-0.18048436
N1Os1,1.184330788
Rh2Si2Y1,1.1226843359999998
Na2Ni1O2,0.417149382
As1Cd1K1,0.265249543
P2Pt1,0.868704377
H2Sr1,0.340868287
Si1Ta2,1.139705964
Ir1Nb1Si1,0.985694064
As1Pa1,1.036987998
Ca1O3Si1,1.467782676
Ge1Pd2Y1,0.166276144
C7V8,0.957653731
Au1Ca1,0.124826891
Er1Ir1,0.929642657
Al4Ce1Ni1,0.8069799670000001
Ca2I1N1,0.5729865470000001
Ba4Bi3,-0.235265848
Co2Mn1Sn1,0.600368381
Ir1P3,0.878625187
O2Pa1,1.255453423
Li1Ru1Sn4,0.3673354170000001
Be13Sc1,1.169615662
Si2W1,1.6516811000000002
Be2Re1,1.206523653
Ce1O2,1.142630326
In1S3Sb1,0.322490127
Ag1Ca1P1,0.507534753
Ir3W1,1.137955124
F6Sn2,0.282810108
Co1Dy1Ge1,1.018055234
I6Rb2Te1,-0.71633249
Be1Ta2,1.377313538
Al4In3Sr11,-0.239744933
H2Mg1,0.7182732709999999
Pb2Pt1,-0.215817933
Cu1Sb2Ti5,0.474650342
N2Os1,1.403791185
La1Mg1Tl1,0.308513192
Ir2Si1,0.749515248
Nb3Si1,1.024469248
B1In1Sc3,1.074926097
Al4Ni3,0.401295401
In1Li1Te2,-0.004785705
Au1Ho1Pb1,0.409574725
Ru1Sb1Ti1,0.7487313309999999
B1Mo1,1.464741347
C2Na2,0.385069776
Au1La1,-0.2276959
Ge2La1Ru2,0.95939918
Mg1Ni2Sn1,0.633387649
Al2Th3,0.380672435
Ge1Ni2Zn3,0.008872585
K3Sb1Te3,-0.45947032
Pt3Sn1,0.39324519
Au1O2Y1,0.255045648
Al1Bi1O3,1.202330264
Sb1Y1Zr1,0.6921274909999999
Rh1Sn2,0.222201254
Pt3Tb1,0.629251552
Au1Ba1,-0.166044998
As1Ba1Pt1,-0.057734425
Ca1Pb1,0.574399393
F1Rb1,0.035865815
B12Hf1,1.49785396
Ni1S1Sb1,0.474259983
Au1Zr2,0.8379840470000001
Sc1Se1,0.895625832
Nb1Pt1Si1,0.670102921
Al2Zr1,1.024653934
Ho1Pt1Sn1,0.45477933
Ir3Mo1,1.137904544
As1Ti1,0.80587654
Dy4Sb3,0.266410459
S4Zr3,-0.070843263
As3Co1,0.652986622
Er1Pd1Sn1,0.148371257
O1Ti3,0.8284091709999999
Cu3Se4Ta1,0.593118743
Sb1Th1,0.6826152320000001
Au1Rb1,-0.178729561
S4Y2Zn1,0.459320099
Ga3Hf1,0.941510439
Cd1La1,0.493997273
Dy2O7Ru2,0.63136563
Os4Sb12Sr1,0.283952182
B12Yb1,1.517321284
La1Tl1,0.262650392
Fe4O11Sr4,0.513631714
Er1Ga1Ir1,0.180679148
In1La1Rh1,0.224830777
N2Sr1Ti1,0.873651284
Al3C3Ho1,1.20846823
Ge3Pu1,0.549945664
N3Rb1,0.698357217
Au1F4K1,0.06361479
Er1Os2,0.241387077
B4Cr1,1.9068364
Mn1Pt1Sn1,0.361072123
Cu1Mg1Sb1,0.6331299779999999
C1Ga1Sc2,1.003421754
Fe2Re3,0.7613684559999999
Al2Hg1S4,0.648973445
Tc1Ti1,1.221411629
As1B2P1,1.637632803
F3Mg1Na1,0.7329893
Bi1Ca2,0.56744751
Er1Ga1Pd1,-0.000494074
Co1Mo1P1,0.637600791
Al2Sc1,1.134546834
Al2La5Ru3,0.18972326
Ga1N1,1.44568514
Li1Pd2Tl1,0.210612766
In1N1,1.041724202
Al2Hg1Te4,0.323126229
Ag2Ge1Li1,0.080323385
Fe1V3,0.6632994179999999
Al8Fe4Y1,0.416978161
O7Sn2Y2,0.660253431
O3Sn1Ti1,1.112631809
Ge2Pt2Th1,0.47087776
Cs1N2Nb1,0.545192032
La3Pb13Rh4,-0.270396276
As1Li1Mg1,0.955765657
Ca5In2Sb6,-0.028447701
Ag1Te2Y1,0.287362736
N2Re1,0.732043771
Co1Er1Si2,0.816929658
F1S1Y1,0.47796008
Ge2Th1,0.7030832109999999
O2Tb2Te1,0.8336041240000001
Al1La1O3,1.3477592180000002
Cd1Hf1,0.625831853
Rh2Sr1,0.199842905
Al1Er1Zn1,0.8153014120000001
Ba1Cd1,0.312300093
C1Dy3In1,1.062803775
As2Zr3,0.571271989
As1Dy1O4,0.7027509690000001
Cu1Ga1Pt2,0.5361466779999999
Ho1Mg2,0.14769487
Ba1,0.470936501
O2Ti1,1.195174301
Hf1La3Sb5,0.259213884
O3Sn1Sr1,0.763975758
S1Sn1,0.907186093
As3Ir1,0.6313859270000001
Al1Ge1Sr1,0.751817788
Al1C1Er3,1.1465590140000002
Ag1La1Mg1,-0.093089334
Ni2Sn1Zr1,0.700791086
Cu1Se2,0.129470757
Pa1Sb2,0.570410997
Al2Y3,0.504129546
C2Co1Th1,1.191719222
C1Er1Rh3,0.89461343
Ga1P1,0.918793353
Rb2Te1,-0.151238977
O1Pd1,0.481316478
Hf5Sn3,0.326679883
B1Sc3Sn1,1.20413084
Dy1Ir2Si2,1.153070593
Rb1Sb1,-0.502774469
Ga3Pt2,0.2692607
N1Th1,1.276305522
Al1Co2Nb1,1.375736752
Ge6Ho4Rh7,0.5671711070000001
Br4K2Pt1,-0.071660999
Ba1Cu2Se2,0.276537627
Ni1Si1,0.533380534
Cu1La1Si1,0.7958973890000001
Nb2O7Sn2,0.883734095
Be3N2,1.208519286
Cu1Li2Sb1,0.567272279
Bi1Li3,0.482188744
Cd13K1,-0.655214877
H1In1O2,0.637469715
Ag1Er1Si1,0.60956453
Ni2P2Tb1,1.013469232
Cd1Er2Ge2,0.527037981
Er1Tl1Zn1,0.397350706
In1Y2,0.546318055
Cu4Ni1Yb1,0.255465482
C1Li2O3,1.073032467
Al2La1,0.84540442
Pb3Tb1,-0.329434112
Er1Te2,0.22630856
N1Ru2Zr4,0.556788397
Cr1O2,0.919897769
Au1Sn1,-0.204523891
B1Ti1,1.618854194
F3Rb1V1,0.519951311
Eu1Se1,0.521122386
Al2Zr3,0.669777899
Cd1Cu4Yb1,-0.148567968
Ni2Sc3Si3,0.8389265020000001
Cd1Na2Pb1,-0.142515527
C1Mn3Zn1,0.572319674
Er1In1Zn1,0.577163082
Cd3Zr1,0.324661012
Ba1Sn1Zn1,0.299206479
Ca1Mn1O2.98,0.518538944
Ag3P1S4,-0.189737903
Ru1S2,0.927102825
Au1Ga1Zr1,0.635952974
Mg1S1,0.7698837079999999
Pb0.33S2Ta1,0.649193641
Hf2Pd1,0.903605406
Cl6Cs2Se1,0.011532383
Ca5H1Sn3,0.194952578
Al1Au1O2,0.690931099
Ge1Mn2O4,0.6567620789999999
B2Ir1V2,0.999708925
Mn1N3Sr3,0.231270748
Pt1S1,0.433350533
Au7I1P10,0.037569911
C1Sc1,1.457292854
La1Mg1Pd1,0.198846706
Ca1Ge1N2,0.795377335
B2Ho1Ru3,0.925642587
Ru1Sb1V1,0.8577768179999999
O2Rb2,0.166773388
Ga1Hf1Pt1,0.479896198
C1Pt1,0.8467965279999999
Ge1I3Rb1,-0.082048347
Os1Se2,0.762561536
Dy1Pd1Tl1,-0.077393899
Ga2Os1,0.945370587
Ho1Ir2,0.8558237209999999
Ca3Ga5,0.223028427
Sb1Zr1,0.693947557
O7P2Th1,0.238216775
Cl4Th1,0.38229447
Cu3S4V1,0.684516825
B2C2La1,1.304499145
In2S4Zn1,0.257200828
Al1Ta2,0.400967754
Ho3In1N1,0.961760328
B2Pd5,0.257424162
Tc2Zr1,-0.133464564
Ge1Mn1Pd2,0.252190166
Hg2Th1,0.208285455
Ca1In2P2,0.498820378
Au1In1Tb1,0.271490778
Te1Yb1,0.755883999
As1V3,1.057007698
B2Ta3,1.329788264
Pt3Sc2Si2,0.674461553
Au2Er1In1,-0.054052576
Se3Sn1Tl4,-0.320739312
Mo1Zn6,0.553139966
C2Cr1Sc1,1.41447195
La1Rh1,0.41422438
Ge1La3,0.04483755
C1Pb1Sc3,1.082875091
Bi2Pd3S2,-0.1488279069999999
Dy1Pd1Sb1,0.389392922
As1C1V3,0.835905447
Tb1Zn1,0.8442273379999999
Au2Nb1,0.6800480040000001
Bi1O4V1,0.5705732929999999
F3Mg1Rb1,0.655937109
Dy1Ga1Pt1,0.057639483
Bi2Th1,0.280075044
Al3Er1Ni2,0.646444899
Cu1Zr1,0.491899326
Au1Ga1O2,0.466237214
Dy1Pt2Si2,0.543166258
Eu1S1,0.988878986
Cd1Sb2Sn1,0.041274225
As2Ba1Zn2,0.494667927
Li1Mg8Si4,0.685522297
Er1Sn3,-0.197116176
Cu1Ga1Te2,0.135450699
Dy2O7Sn2,0.619256161
Mg3P2,0.7414147759999999
Cu1Ho1Sn1,0.649736833
Al1Mn1Pd2,0.419001896
Be1S1,1.6231489769999998
Ge1Mn1Yb1,0.357847217
Bi2O7Ru2,0.805538917
H3Li1Sr1,0.190244831
Te1Zr1,0.868905877
N1Y1,1.022519097
N1Sn3Zr5,0.662800315
P1Y1,1.3963318830000002
Cu2Ge2Sr1,0.606791816
F2Zn1,0.41421936
Ni1Sc2,0.268048821
Nb5P1Si3,0.7708512759999999
Ni1Sc1Si3,0.993945621
Dy1Ge1Li1,0.660115721
N1Re1,1.469455287
La1Zn5,0.406001662
Hf3Si2,0.988616473
Ir1Mg1Tb4,0.14120512
Al1Y1,1.005326397
Ni1P1Rh1,0.554543671
As1Rh1Ti1,0.654928924
C2Re1,1.695433516
Cr1Si2,1.670207804
P2Ru2Y1,1.214173352
Ni1Sb1Yb1,0.1487661009999999
In2Li1Pd1,0.213931932
Ce1Zn1,0.787815275
Au2Th1,0.481029637
B2Re1,1.669629237
Ca1Tl1,0.318603779
C1Si1,1.847528857
Br1O1Rb3,-0.111463329
Ag1Be2,0.963489383
Hg1P1Pt5,0.273938336
Al1N1,1.780349721
Al1Tb3,0.7888383929999999
Y1Zn1,0.985008596
Si3Tc5,0.901304629
Ga1Mo3,1.085254891
In1P1,0.77126844
Ba1O3Pa1,0.579272428
Ga2Sc1,0.659277118
Hg1Tb1,0.332777683
Pd1Sb1Te1,0.065299555
Mg1Pd1,0.6149341079999999
As2Ge1Mg1,0.361538971
P1Rh1Zr1,0.888580455
N3Ta1Th1,1.315205986
Nb3S4,0.799711265
Ag1Tb1,0.57529756
Ag2Si2Sr1,0.5375659979999999
Al2Yb1,0.787714742
Cd1La1Tl1,0.144172416
Ru3Ti1,1.173477643
Cu3Nb1Se4,0.598353805
C2Ho1Ni1,1.319730494
Pb1Te3Tl4,-0.358579436
Pd16S7,-0.379661946
Ca1Ge2Ru2,0.854882087
F3Y1,0.557469906
P1Yb1,0.200494822
Mg4P6Rh7,0.577943094
Dy1Pt1Si1,0.550000748
B1Tc3,1.181037109
Nb1Re1Si1,1.1076304890000002
La1Te1,0.870096513
O4P1Y1,0.941453788
Ba3Cr1S5,0.137110306
Al2Ir1Li1,0.936260833
Dy1Si2,0.260195454
Al4C4Th1,1.148932569
Al1Re2,1.431449006
Ag1Ti1,0.7080935690000001
Ga1Li1O2,0.669783473
Ge1Pt1Sr1,-0.048900583
Au2Bi1,-0.073544363
In2S5Zn2,0.166507078
Cu1Li2Sn1,0.431284941
Ba1Pt1Si3,0.810345447
Cr1P4,1.136869533
O2Sn1,0.480114784
Ag2Ca1,-0.068421622
Se4Ta1Tl3,-0.020708454
P1Ru1,1.006624328
Ir2P1,1.106727907
Mo1O2,1.082627416
As2Ba1Ru2,0.8279402020000001
Ho1Si1,0.894945997
Ir5La1,0.8024083540000001
Cs2F6Ge1,-0.085516685
Ni2P2Zr1,0.723684663
La1Rh2,0.537538286
Rh4Sn13Th3,-0.125512384
Ba1H1I1,0.068304627
In2Pd1Yb1,-0.01592612
F2Xe1,0.438168806
La1Pt2Si2,0.554168015
Bi5La3Mg1,-0.341833049
C1O2,1.67268053
Be2Cs1F5,-0.491940516
Cu1Si1Ti1,0.6727737220000001
Cu2Er1Si2,0.947700295
B1Tc1,1.204808878
Cu9In4,-0.316007014
Si1Ta2V3,0.580529257
Ge1Ni1Zr1,0.77967584
Ir1Mn1Sb1,0.5585429789999999
In1Mn1Ti2,-0.033105361
La1P2Rh2,0.710224867
Li1Nb1S2,1.042425866
Ca1S1,1.168786132
Cl1La5Sn3,0.26587395
Er3F10K1,0.283199429
Ru1Sb2,0.8934132990000001
Ca3Ge13Rh4,-0.010581332
Ir2Zr1,1.096451156
Ag1Sc1,0.710515075
Nb1S1,1.220589208
Au2Ba1,0.104439309
C1In1Pt3,-0.187169501
Cd1S4Y2,0.25588732
Al3Dy1,0.937958482
Al1Sc2Si2,0.933948165
B12Zr1,1.5936260569999998
Ag5O6Pb2,-0.344680967
Cu1Mn1P1,0.45532156
C1Re1,1.50675255
Nb3Rh1,0.99735143
Ge2Sc1,0.836172783
Au1K1Te1,-0.015733792
Mn1Rh1,1.024124289
Ag1In5Se8,0.069023946
Al1C1Zr2,1.25166255
Rh1Sb1Tb1,0.308259126
Co2N1Zr4,0.55124134
Ba1F3Li1,0.591267231
P1Ru1Ta1,0.894591287
Al2Er1Ni1,0.759677663
Sb3Tb4,0.276415845
Bi3Sr1,-0.034254243
As4Mo5,0.926326495
Ir1V3,1.111951057
Rh3Ti1,1.226501952
Al3Yb1,0.910553439
Rh2Si2Th1,1.095458785
Ga2Pt1,-0.355290676
Ba2Si1,0.031775944
B6Ni20Ta3,0.448307389
N2Sb1Th2,0.822193587
F3K1Zn1,0.603328448
O4Pb1Sr2,0.363869472
Rb2S2,-0.073601469
S2Sr1,0.6050808360000001
Rh2Si3Y3,0.6990351440000001
As3Rh1,0.5719439620000001
Ba1Li1Si1,0.6304095670000001
Hg1Pt3,-0.583226396
In2Se4Zn1,0.400809015
Au2In1Tb2,0.093820772
Cl4K2Pd1,0.074549494
Ir1Sn2,0.336691829
N4Si3,1.255270092
Ge1Y1,0.973363418
O1Ta4,0.852663554
Ce1O4Si1,0.817810541
N1Pt2Zr4,0.419081326
Ag1Er1Ge1,0.504623077
Al1Ho2,0.471969034
Rh1Sb1U1,-0.220304686
Ga1La1Pd2,-0.048746045
Ge1Li1Rh2,0.984795908
N2Pt1,1.070414708
As2Ca1Mg2,0.8445740890000001
Er2O3,0.363102184
K1O3U1,1.01782187
Pt1Si1Y1,0.6216134729999999
In1Pd2,-0.076018618
Nb1Rh1,1.179347809
Na1Nb1O3,1.267263273
Al2Pt1,0.592984615
Al3V1,1.39916646
Al16Os7Zr6,0.492441883
Be1Li1P1,1.10832481
Ag1Br1,-0.330209095
Al16Ni7Sc6,0.563495324
C1Li4O4,0.816559445
Au1Ta3,0.619169534
Mo1Ni1P2,1.085465403
B1In1La3,0.740692628
Al2O5Si1,0.953864992
Al16Ir7Sc6,0.528655788
Au1Si1Th1,0.938517223
Gd1S1,0.989391967
Dy1Ru1Si1,0.573029499
As2Ho2Ni1,0.577464225
Cd2O7Ta2,0.7508453629999999
C1Rh1,1.026672151
Co3S4,0.36337879
Dy1Hg2,0.311641566
Au1Cd1La1,-0.270939745
I1K1,-0.256536489
N2Sr2Zn1,0.7221961170000001
Os2P2Sr1,0.988632522
Cd1O3Ti1,0.696614966
N1Ta1,1.392065273
Co1N3,1.316490348
Ca2H1N1,0.684355158
Ce1Fe4P12,0.951331204
La1Pb1Pd1,0.18551949
Fe2Ta1,0.404296501
Ce1Ga1O3,0.37645103
C2Cu1Rb1,0.6815162029999999
Al2Ni1Zr6,0.8680516540000001
Al8Mo3,1.10819619
Au2In1Ti1,-0.112914079
Ir1Mn1Si1,0.697106362
C2Co1Tb1,1.266459841
Ir1Si1Ta1,0.953074619
As1Br3Ca3,0.405233631
Mg1Ni1Sb1,0.789419937
C1Ga1Nb2,1.218921315
Ba1Cu2Te2,-0.201575191
Cu3Nb1Te4,0.518661312
Hf1O1S1,0.737818975
Ca1O3Ti1,0.924863123
H1Se1Y1,1.153348319
Er3Sn7,0.24080376
Al1K1O2,0.745541641
Co1In2S4,0.219194062
Ga3Ni2,0.706640985
B2Hf1,1.878525817
Cd1Co1La4,-0.107146046
H3U1,0.161942688
As1Be1Na1,0.8078711040000001
Al1C1Tb3,0.302211839
Ga1La1Zn1,0.701451409
F4Nb1,1.21972595
Co1O3Sr1,0.77639242
Sn3Y1,0.081933893
Cu3Ho3Sb4,0.335042464
Cd2Ge2Sr1,-0.211460445
Pt1Sb1,0.214703474
Al2Pd5U1,0.416239307
O2Zn1,0.798797687
Sc1Te1,0.426945339
Ba1Cu2S2,0.430142808
Dy1Ge1Ru1,0.427945154
Hg1O2Rb2,0.126267813
Nd1Pd3,0.638060741
Mn3Sb1,0.438439498
Ce1Ge3V1,0.74817019
Ge12Pr1Pt4,-0.373560054
In2Sr1Te4,0.003124341
Au2Ho1,0.427430926
Er1Zn1,0.956565071
Ho1Pt2,0.643052744
Re1Si1Ta1,1.037657529
Ga1Rh1Y1,0.162639072
Ru1Sb1Ta1,1.041724202
C1Mo1,1.938058668
Ho1Pd1Sn1,0.136818827
Fe1Hf1P1,0.735840728
Li2O1,1.28134931
Er1In1Pt1,0.146915256
Y1,1.305768264
Ag2Ba1Sn2,0.124292243
As2Os1,1.108280813
Dy2Tl1,0.246072448
Cu1Sb1Yb1,0.489394514
Cd1Lu2S4,0.290332947
Rh3Th7,0.070776463
Hf1O7V2,0.510299645
Er1Pt1,0.2908023
Lu1Ni1Sb1,1.022420122
Al1Li1O2,0.908377772
Ag1Ho1,0.578837405
Er1O4P1,0.889314591
Cu1Zr2,0.962450314
Al1Ir1,1.399794823
Ho1In3,0.420074627
Si1U3,0.232144465
Al1C3Nb4,1.207100932
Be1Zn13,-0.272557162
Li3O4U1,1.111984617
Ba1Hg1Sn1,0.162468815
Al1Au2,-0.01683486
P1Ru2,0.6815957659999999
C1Re2,1.51179783
C1Tb3Tl1,-0.000931692
H3Y1,0.87601624
La1Si2,0.5105664560000001
N6Ta5,0.990670888
C1Cr1,1.96511794
La4N2S3,0.4983284770000001
Br3Cs1Ge1,0.039184021
C1Er3Tl1,0.023803725
As1Cu1S1,0.234615976
P2Sc3,0.725476303
Co1Te2,0.438069034
P3Rh1,0.8322552870000001
Mn1Pt1,0.8207313559999999
Ba1Cd2Ge2,0.094069142
Cd1Er1,0.565867881
Co2Cu1S4,0.342734471
Se4U3,0.20832578
Cd2Er1,0.5360063860000001
Li2Te1,0.5900389070000001
F3K1V1,0.5349533879999999
B6Sr1,1.501787499
Li1,0.499362615
Cd1Te1,0.033383541
Ni5P3Sr1,0.500521884
Al1Re1,0.954334184
Al1Au2Ti1,0.075674676
Au2Bi1Dy5,-0.096061254
Mg1Mo1N2,1.443236381
Br3Cs1Sn1,-0.183065046
Se1V1,0.7653771890000001
Ba1Si1Zn1,0.59143972
O2W1,1.28260852
Al1H4Th2,0.51535715
P1Pt5Zn1,0.515628822
Os1P2,1.328827939
Se2Ta1,0.809234377
Er1Hg1,0.395149843
Ru1Te2,0.74445024
Ge6Ru7Sc4,0.625847271
Dy1Ge2Ru2,0.860799012
As2Ca1Cd2,0.5482653160000001
P1Pt1Tb1,0.7615880840000001
F3K1Mn1,0.473438794
C1Os1,1.175343629
Be2Ta1,1.390852124
La1Pd3,0.54199836
C2Dy2Re1,0.770745265
K1Li1Se1,0.24594428
C1Dy1Rh3,0.887118588
In1Sc3,0.736677707
Cu1K1S1,-0.300682699
Er7Rh3,0.098571049
Be2Fe1,1.456706047
Ag1Ga1,-0.05479542
Ce1Pt3,0.767648529
C2Sn1Ti3,1.122219156
Al1Y2,0.609645625
Pd2Sn1Tb1,0.002887126
La2O5Pd2,0.388094094
Br1Eu1I1,-0.319382604
Al1Ca3Sb3,0.107481319
Al8Fe4La1,0.39213394
Al1La3,0.14369539
Au1Er1Pb1,0.409953401
Ni1Sb2,0.473571631
Br6K2Sn1,-0.338307495
Mg3Tb1,0.7239471559999999
Mg1O4Rh2,0.576501445
Er1Rh3Si2,1.052216687
Bi2Cu1Zr6,0.6843964779999999
Mo4N1Ni2,0.6408758000000001
Cd1O4Rh2,0.359192098
Mg3Sb2,-0.182145858
Ho1Ir1Si1,0.702575277
As1Ba1Pd1,0.428834287
Nb3Sb2Te5,0.519795191
C1In1Y3,1.130941356
As1Pd1Sr1,0.341149518
Hg11K1,-1.927628767
Os2Si2Tb1,1.107782996
Cl2H6N2,0.021846448
Al3Hf4,1.129070872
F4Ni1Rb2,0.254794518
B2C2Ca1,1.31104358
Rh3S4,0.481276332
S2W1,1.238367312
Re1,1.544920905
Ba2Hf1S4,0.5765037479999999
Pt1Y2,0.205602195
Cu2Hf1In1,0.678801443
Ag2Dy1In1,0.033399627
Rh1Sb1Th1,0.699874999
Al1Hf1Ni2,0.553656115
B1Lu1Rh3,1.003132964
Ag2S1,-0.429228299
Cs2Hf1I6,-0.206318552
Pt1U1,0.248657293
Co1Hf1Sn1,0.32422482
Li1Pb1,-0.046765257
Hf1N1,1.608954768
Ag2La1Si2,0.696597499
Ca1Mg2,0.32674538
Cd3Sc1,-0.045202913
Ag2Si2Yb1,0.434835466
Ge2Ru2Th1,0.994252026
Pt1V3,0.974347247
Hg1Zr3,0.7031907479999999
Ga1Rh1Zr1,0.576976775
Al16Hf6Rh7,0.397453326
Ir1Si3Th1,0.87337583
N1Os2Zr4,0.590073508
Ce2In1Pt2,0.279406837
Ba1I2,-0.502621076
Ca1Tl3,-0.356942316
Al3Ho1,1.031578109
S2Zn1,0.565163975
Ca2N2Zn1,0.90596471
O2Pt1,-0.581357375
Ga2Y1,1.023709155
Nb6Sn6Tb1,0.7553900040000001
Au2Si2Sr1,0.455233266
Ir3U1,1.083939561
Au1Ho1Sn1,0.300788895
Br6Rb2Sn1,-0.341932292
Cs1Cu1F4,-0.121205994
Pt1S1Sb1,0.215137692
B2Ta1,1.680718865
B6Ca1,1.450329184
B6Gd1,1.159491997
C1Nb1Ru3,1.324944712
Ba1Hg2Tl2,-0.909625539
Sb3Si1Zr5,0.6655012539999999
Li1O4V2,0.971456303
Bi1In1O3,0.7435340659999999
Nb4Ni1P1,0.965203583
Be13Pa1,1.060909271
Cs1Fe1O2,0.090466154
Fe2Si2Tb1,1.180664823
Sb4Zr5,0.380934463
Ge13Ho3Rh4,0.202324813
In1Yb1,0.189052149
C2Si1,1.22172713
Ge2Ir2Tb1,0.374533895
Ir2Si2Th1,0.788901243
N1Ru1,1.174829975
La1S1,0.560752854
Be5Hf1,1.3730224030000002
Sb2Tb1,0.288137395
Cd1P1Pd5,0.287196878
Al3Os1U2,0.615913245
Er5Sb3,0.251584691
Cu2Ge1Li1,0.336543783
Cu1Si1Tb1,0.8929934409999999
Cd1Se1,0.591331783
Si2Zr1,1.250690742
Au1Sn1Tb1,0.3570787479999999
Fe1S2,1.011574672
Al1Ni3,0.664709653
Ca1F4Pd1,0.31407167
Ge1Ho1Ru1,0.455265236
Ca1Pb1Pd1,0.035265596
F1Gd1S1,0.77021851
Ag1P1Sr1,0.517362192
Bi1Ni1Se1,0.214528605
Br1Cs1,-0.230788151
Er2O7V2,0.73860855
B1Ge3Nb5,0.916078451
Cr1O4V1,1.072525611
Pt5Pu1,0.668191093
Au1Mn1,0.422760504
Al1Er1,0.545987102
Cu1Zn1,0.5563857329999999
Pt3Y7,0.015338795
Ga1O6Y3,0.627878718
C2Ge1Ti3,1.244341456
Al1Co2Hf1,1.84681445
Al1Pt3,0.627779468
Bi1Li1Zn1,0.0845834269999999
Er1Ge3Ni1,0.584538144
Cd2O4Sn1,0.297015994
Mo3Sn1,0.959398703
S3Sn2,0.335846886
La1Os1Si3,1.037908337
Rh1Si1Y1,0.726275569
Ag1Gd1,0.144938302
Ba1O3Tb1,0.85534104
Al2Th1,1.149868529
Cs2Te5,-0.50578138
S1Yb1,1.024637521
Ge1Li1Y1,0.745037297
B6Ta5,1.3490637280000002
Mn2O7Sb2,0.564104787
Al1F4Rb1,0.647376123
Ca1O1,0.810640402
La1Rh3Si2,1.034937125
Ir1La1Si1,0.138842467
In2Ir1Sr1,0.334081627
Al3Y1,1.083276814
Au1Er1Sn1,0.435050831
Be2Nb1,1.419076362
Ag2Th1,0.44568514
Ge1Hf1Ir1,0.723095115
Tl3Yb1,-0.65744705
Er1Ir2Si2,1.144645806
In1Ir1Tb1,0.268261964
Ba1Ge12Pt4,-0.285466555
Al1Cl4Cu1,0.237599027
Ir1Mg3,0.18396416
Ge1Y1Zn1,0.637753828
Au2Ga2Sr1,-0.207466838
Cr2Hg1S4,0.228413192
Co1Ge1Nb1,0.878923734
Ge7Ni16Sc6,0.345800952
Cd1S2,0.169092242
Hf1P1Ru1,0.86893348
O3Y2,0.422041291
Tb2Tl1,0.241088038
Al1Li1,0.822775275
In1Ni2Sc1,0.7918772359999999
Te1Y1,0.654831822
Ba1Mn1O3,0.421085425
Fe1H6Mg2,0.978792026
Al1Cu2Hf1,0.7863176209999999
Be2Ta3,1.122422324
Ca1Ga1Ge1,0.340886117
Ba1O3Ti1,0.607479686
Ir1Sn1Zr1,0.481956884
Dy1O4P1,0.85527438
Cu1La1,0.033101937
Sb1Sc1,1.011718425
Ge2Ho1Pd2,0.368249685
Zn22Zr1,-0.012266273
Be22Re1,1.062382652
Cd2La1Pd1,0.11726135
Ge2Ho2Mg1,0.693196505
Al2C3Th2,0.924965859
Cu1S2Tl1,0.056222397
Al1Co2Mn1,0.732934682
Ir1Lu1Si1,0.7534926670000001
Al2Ru1,1.196477405
O3Sb2,0.7476316190000001
Ga12Ho4Ni1,0.439406912
Bi1Pb1Pd2,-0.317424454
Zn1Zr2,0.862006084
Al2Hf3,0.603639035
Ho1In1Pt1,0.182665683
Al1Nb1Ru2,1.3837794719999998
Ge1Hg1Li2,0.042232824
Mg1O2,0.990509786
Fe1P1Ta1,1.051889233
In1La1Pd2,0.223467385
Bi2O7Pt2,0.429668319
Ag1Cu4Yb1,0.03977489
Hf2Ni3Si4,0.69385089
Al3Li1,0.85451251
Mn1Sn2,0.709484511
In3Yb1,0.343182032
Br1La5Sb3,0.247742563
Ce1Rh1,0.308289024
Ag3As1O4,-0.1265956869999999
Cu1Dy1,0.7966242809999999
Ge2Ho1Rh2,0.821632075
Bi3Tb4,0.063768561
La1S2,0.707907262
Al1Cu1Ti2,0.7972232090000001
Ru2Si1,0.8651721059999999
B1Fe2,1.042626696
Ba1O4S1,0.7709403340000001
B1Hf1Rh3,1.0507972209999998
Ni2S6Ta9,0.6144437110000001
Co1Si2Y1,0.888159268
Fe1O3Sr1,0.905704156
Be5Sc1,1.512470931
As1Cd1Li1,0.623199654
Co1O1,0.8530213040000001
Be13Lu1,1.100370545
Mn1Ni3,0.611829479
O3Ru1Sr1,0.693276597
In1Pt5Si1,0.492304909
Bi2Pd5,-0.204179051
Ba1F4Ni1,0.284890729
Ru3Si2Y1,0.970143166
Be5Fe1,1.555880065
Pd2Sb1,0.084579852
Ca1P1,0.6262890289999999
Ba1Te1,0.415257217
Ge3Ni1Y1,0.635324879
Ni16Si7Zr6,0.559531989
F5U1,0.903974504
Er1In1,0.561601012
Tb1,0.971041471
Ge1O3Sr1,0.461741568
Ca3Tl1,0.030437793
C1H1N1,1.594266554
Si2Th3,0.633962059
Bi1Er2O2,0.75988607
O4P1Pr1,0.7178401940000001
Ni1Sn1Tb1,0.319998726
Li2Na1Sb1,0.5768709360000001
Pt2W1,1.165805014
Al0.4C0.2Ta0.6,0.8384996259999999
Nb4Ni1Si1,1.037657529
Ca1Pt2,0.189841089
Nb1P1,1.22744962
Fe1Ru2Sn1,0.79966236
Cl6Cs2Ti1,0.018646416
Br6Pd1Rb2,-0.180079839
Ir2S3,0.604151504
Cr2Cu1Te4,-0.442941761
Ba1Ni1Sn3,0.336353649
Cs2Te1,-0.819974535
As2Co1,0.93054102
C1Ru3Th1,1.12913862
Pb1Se1,-0.021589838
Eu1F4Mg1,0.387975017
Bi1K3,-0.255767275
Ag1O3Sb1,0.393952305
N1Re2,1.296902014
Ce1O3Sr1,0.521025571
Au5Rb1,-0.212541651
Ba1Ge3Ir1,0.630658692
Mn1Pd1,0.660929006
Be2Nb3,1.073039808
Ba3Sn5,-0.048811158
Cl6K2Pd1,0.033359411
Er1Ni2Si2,0.948403673
Cd2Nb2O7,0.424239517
B4In5Ir9,0.551199841
Ge2Pd2Tb1,0.41948487
Ni2Sb1Ti1,0.578686189
Hg2La1,0.143498816
Ca3Hg1,-0.292738197
Mn1Rh2Sn1,0.7270749940000001
Au1In1O2,0.23146959
In2Pt1Sr1,0.1757436839999999
Ge1Ir1Zr1,0.759606662
Li1Sb1Zn1,0.321146712
As1Cd1Pt5,0.359287053
O7Pb2Sb2,0.632170705
In3Tb1,0.449418226
Dy1S2,0.779079648
Dy1Ga1Zn1,0.78441115
F1La1S1,0.6933672320000001
C3Ce2,0.8159514529999999
As1O4Sc1,0.8749552829999999
Ni1P1Ta1,0.784889622
P1Sn1,0.942018476
Al1Mg1Y1,0.843277638
Ge1Li1Ni2,0.7904941659999999
Ge1Ru1Sc1,0.928299047
Mg2O4Si1,1.143498816
Ru2Zr1,0.291146762
Rh3Te2,0.341830057
As1Nb1Ni1,0.634827789
Ho1Sb1,0.985040063
Au1Cd1Yb1,-0.34859792
Au1Er2,0.001634212
Al3C3Er1,1.212773374
Ni1P1W1,0.7220824790000001
Ca1Ni2,0.3778233070000001
La1O3Ti1,0.565865521
In1La3,0.137357277
Ge1Rh1,0.726146675
B2Ca1Rh3,1.082889445
B6H6K2,1.01928665
As1Er1,1.170291059
La1Pt1,0.38592964
Ho2In1,0.431391108
H1W1,1.3470547119999998
Mg2Pb1,0.455671518
Ga3Tb1,0.689032564
Fe1La1O3,1.143754657
O3Rh1Tb1,0.511103604
B6La1,1.380880263
Ni2Sb2Tb1,0.101564934
Si3V5,1.003912687
Ag2Si2Tb1,0.6628258029999999
Ca1O3Zr1,0.8440240059999999
Ag1Dy1Se2,0.074062717
Bi2Pt1,-0.167836105
Ni1Pd1Si1,0.547919856
Cl6Mn1Rb2,-0.1742455269999999
Cd1Hg2Ti1,-0.138226106
Cs1F1,-0.042782652
Rh1Sb3,0.356981401
Bi3Ni1,-0.211250601
Ba1In4Ir1,0.195030194
As2Ba1Rh2,0.7252229090000001
Sb1Sc2,0.723985697
Pd3Sc1,0.778560742
Ge13Ho3Os4,0.23354181
Ir1N2,1.156103726
In1Li2Mg1,0.481026768
N4Sn3,0.597428605
Ir4Sn4Sr3,0.15546661
Ge1Pt1Se1,0.471519069
Ir2Y1,0.8954253090000001
B2Ca1,1.640434725
Ir1N1,1.254291823
Pb3Tb5,0.304309534
Dy1Ge1Pt1,0.406712161
Cd1Gd1,0.589768701
Tc1,1.524886617
Rh2Yb1,0.582613273
C1Zn3Zr3,0.58257353
Hf1Rh3,1.148784601
Dy2S3,0.38519144
Ni1P2,0.843324363
Ge3Pt2,0.205169164
Co2Ge1Mn1,1.256542165
Pt2Sc1Sn1,0.170021026
Dy1Sb1,0.971256361
Ir1Yb1,0.587331493
Co1Mo1P2,0.99970936
Dy4Ga12Pd1,0.3764656320000001
Cu1Dy1Pb1,0.519782069
Ca1Pd1,0.622986566
H2Pd1Zr2,0.611761533
Ag2In1Li1,-0.208136089
Na3P1,0.200587873
C1O3Sr1,0.693431458
In1Rh1Y1,0.267408765
Au1Mg1Yb1,-0.109704201
Ho5Ni2Sb1,-0.012561218
Bi1Pd1Yb1,0.135135833
Ca1O3Sn1,0.968098451
Ge1Pd1Zr1,0.659259035
Au1In1Yb1,-0.103415366
Au2Si2Th1,0.314941087
C1K4O4,0.203062819
Cd1Co1Ho4,0.046982643
Er1Ni2P2,0.986429985
Al1Er2,0.518712617
As2Cd1,0.34516977
Bi1Pt1Yb1,0.362533366
Rh1Ti2,1.341642224
Re1Ti1,0.951730829
Ga1Sn2V2,0.414303015
Al2Er3,0.381315478
Au1C2K1,0.691988053
Al1Sc2,0.99287106
Ca1Ge2Ir2,0.908892314
Hg1Ni1,0.107325314
B1Ge3Ta5,0.7960217479999999
As2Ba1Ge2,0.14738876
Cd1O6Pt3,0.577688222
Rh3Ta1,1.28367655
Ni3Si1,0.962007826
La4O4Se3,0.51768404
Co1Er1Ge2,0.476934468
Cu1Sc1Sn1,0.6481003329999999
Ga1Ni1Ti1,0.7453621429999999
Al2Dy1,0.978564864
Dy1Pt1Sb1,0.759999293
Dy1Pb1Pd1,0.204833268
Au1La1O3,0.366322077
Ba1Nb7O9,1.019440332
B6Tb1,1.151136856
Na3Sb1Se3,-0.188502745
Pd3Te2,-0.062078091
Hf1Mo1Si1,0.969666538
Cr1N3Sr3,0.662803147
Al16Pd7Zr6,0.579062985
Au1Ca3N1,0.606985088
Sc1Zn1,1.086740561
C2Tb1,1.030862728
Li3Pb1,0.361357584
Cd1Ho4Rh1,0.093614273
Er3Ga1O6,0.5733022
Be1F2,1.364592265
Si4Ti5,0.715992486
Mg1Tb2,0.667359546
C3Ir5,0.368961517
As1O4Tb1,0.684946745
O6Sb2Zn1,0.655314231
N2W1,0.761484301
Rh1Tb1Zn1,0.213233447
B1C2N1,2.273281446
As4Mg1,0.266934562
Br6Rb2Te1,-0.240860428
Pr1Tl3,0.035921793
Gd2S3,0.436046501
Br1K3O1,0.111951057
Co1Sb1Ti1,1.1272570990000002
C3N4,1.953895901
Ag1Er1,0.566112091
Cl2Zn1,0.543219722
K1N3,0.865108715
Ag1Ho1Pb1,0.289481926
Er2S3,0.461632066
Sb1Zr2,0.512989736
P12Ru4Tb1,0.797726528
Br6Cs2Sn1,-0.35778881
Ba2Ge4S10,0.01758838
P1Pd5Tl1,0.288501857
Cu3Dy3Sb4,0.349945458
Ba1F4Mg1,0.363809342
Ba1Be13,1.059589922
Au1Ho1,0.575759213
Al3C3Y1,1.259978315
Cu2O1,-0.596575751
O4Rh2Zn1,0.610199013
Mg1Pd1Y1,0.04946612
Ho1Ni1Sb1,0.95177014
Al1Zr3,1.143782728
Ag1P1Pd5,0.215423403
Nb1Pt3,0.655131709
P2Ru1,1.31758493
Be13Hf1,1.149717803
Ir1Sb1Te1,0.594771426
Ge2La1Pt2,0.410400963
Rh2Si2Tb1,1.091536826
Cu1K1Te1,0.175070917
N1Na3,-0.151829364
Hg1I2,-0.559057875
Ca1H2,0.7479397879999999
Rh1Sb1Se1,0.542145454
Dy1Ga4Ni1,0.345773529
Mn1O3Sr1,0.503928165
Au2Er1,0.454860098
I1La1,0.528689214
Al2Pd5Y1,0.559232527
Mn1Se1,0.915426219
Mg3Nb6O11,0.834280155
Bi1Lu1Ni1,0.75649842
Al1Sb1,0.289921012
Ga1Pt3,0.304882422
O4Pd3Tl1,0.067130395
Ce3S4,0.32904379
Bi4Ce3Pt3,0.130343419
Li1O2Rh1,0.5706316579999999
Ga1Pt1Y1,0.162268603
Ca3Ga4Ni4,0.264489618
B2Co2Y1,1.420638853
As4Th3,0.539755878
Al1Li5O4,0.73215966
Co1Nb4Si1,1.05767371
Ho1Zn1,0.8061182179999999
Na2S1,0.54568804
Er3Rh1,-0.082041002
Br1In5Se5,-0.132201467
La1Rh1Si3,0.920382155
Au2Ti1,0.434385248
Sn1Ti2,0.7640624979999999
Mg1Tb1,0.8228092370000001
Rh2Th1,0.154713001
Al1Cr2,1.183662667
Ru2Si2Tb1,1.12061999
C1Ge1Ti2,1.184796444
Gd1Te1,0.495041764
C2Re1Y2,0.8359155859999999
As4Na8Ti1,-0.150590415
Be2Cu1,1.279721684
Ag1Ca1,0.12515583
B6Dy1,1.02299304
Ta1Tc1,1.5740497969999998
Bi2O7Ti2,0.590029977
Er3Ru2,0.372438806
Co2Ga1Ta1,1.048340793
Ga1La1Mg1,0.597817999
Al1Cu2Sc1,0.764166415
Rh1Te2,0.366079121
Au3K1Sn3,-0.52593387
W1,1.784485344
Ge2N3Na1,0.791265969
Fe1Ge1,0.511229423
Na8Sb4Sn1,-0.4608347920000001
Ho1S2,0.768605546
Ga1Pd2Sc1,0.3882557720000001
I6Rb2Sn1,-0.6023241229999999
Pd2Ti1,0.5004848470000001
Lu1Ru2Si2,1.044053455
Rh4Sn13Sr3,-0.248573846
Al2Co1Zr6,0.8959129220000001
Al9Ba1Ni2,0.616750602
H6Na2Pt1,0.62792373
Al9Co2Sr1,0.8728430220000001
Al1Li2Pd1,0.447925124
Ca3Cl3P1,0.591082424
Al2Fe1Zr6,0.893173985
Al1Co2Ti1,2.312027063
Si1Zr2,1.262332414
Bi4Th3,0.218459353
Ge2N4Si1,1.20920661
Pd1Y1,0.5217720570000001
Ag2Li1Sn1,-0.0830546559999999
Ce1P1,1.105731533
Er1Pd1Sb1,0.717169361
Au2In1Th1,-0.227909441
Si1Sr1,0.288830281
Hf2S1,0.977314261
I6Pt1Rb2,-0.34411852
Cs2I6Pd1,-0.34232567
Be1Se1,1.3692436959999998
Os4Sc11,0.214634595
Na6O5Pb1,0.288238044
Na1O3Ta1,1.248760172
Co2Si1V1,0.976793219
Co2Se2Tl1,-0.134179113
O1Sn1Yb3,0.5994463760000001
Er3In1N1,0.978875471
Hg2Nb2O7,0.569751851
P1V2,1.021974455
Ba1O2,0.823773437
Zn2Zr1,0.8018185959999999
Ba1Nb1O3,1.075159938
O6Pt3Zn1,0.494674879
Cd1F3K1,0.238603049
Bi1Ga1,0.46456406
Pt1Si1Zr1,0.8442832840000001
N2Se1Th2,0.941649053
La1Ru2Si2,1.199675659
Ir2Si2Tb1,1.162982371
Ni4P4Ta5,0.8690655999999999
Au2S1,-0.845892657
F6Na1Sb1,0.000421061
Ru1Si1Y1,0.580728872
P3Ti4,0.666645255
S1Tb1,0.98031068
Cl1Tl1,-0.227437737
Ba1Li1P1,0.5926663120000001
Pt1Zr1,0.766735473
N2,1.251626055
Cr2O4Zn1,0.82032759
B1Hf1,1.430821362
Au1Gd1,0.083993253
As1K3S3,-0.207384916
B2Mn1,2.055466252
F6Si1Tl2,0.009527379
Ge1Ho1,0.8907110109999999
Al2Pd1,0.645380017
Mn3Nb6O11,0.685816055
C3Yb2,0.526803053
Sn1Zr3,0.50651315
Ag1Ba1,-0.146743606
Dy1Pd1,0.628402214
Pt3Sb2,-0.09278702
Al2Ba1Si2,0.389626724
Ba1H3Li1,0.77240533
Cd1S1,0.245537343
Eu1Hg1,0.140369751
Dy5S7,0.524867164
Ir1Zr3,0.0638548
Se1Zn1,0.543460849
B2Ir6Sn5,0.345310984
N3Ta2Zr1,1.06028601
Sb1Tb1,0.9710294
Au1Cl3Cs1,-0.228905881
O1U1,1.056283442
C1Cr2Ga1,0.630515335
Ru1Zr1,1.402833758
Ge2Rh2Y1,0.866081665
Cl6Cs2Te1,0.016113666
As1Sb3Zr5,0.502190789
Ba1P1Pt1,0.149468529
Co2Y3,0.199398602
Dy5Ni1Pb3,0.189557684
Dy5Ru2,0.308382975
B4Hf1Ir3,0.797137995
Br4K2Pd1,-0.127011496
Au6In5Na2,-0.774551146
Ag1Cu4Dy1,-0.233685326
Cr1Dy4Ga12,0.236892311
Dy3Ge13Os4,0.230208716
Cu2In1Sc1,0.540139195
C1Dy3Tl1,0.03534167
Bi1Ir1Se1,0.472034951
Ca1,0.956550192
Al1Gd1O3,0.891851775
Ho4In1Rh1,0.195910717
In1N1Ti2,1.09317645
Ge1La1,0.59739678
Be2Ti1,1.460813681
K1N1,0.102100825
C11N4,1.886691469
Ce1P12Ru4,0.887185041
O3Tl2,-0.323650305
Ag1F3Zn1,0.41143787
Au7Cd16Na6,-0.837360928
Ir1Li1,0.817684338
Al1Dy3N1,1.019157848
Ga1O6Tb3,0.535124421
Au1Pb4Rb3,-0.55115924
Sb1Se3Tl3,-0.530479887
Si1Ti1,1.144013466
Ni2P2Th1,0.657809952
Cr2Cu1Se4,-0.049740324
Ca1Hg3,-0.62258446
Mo3Si1,1.170261715
Cu2In1Ti1,0.612511543
Be13Zr1,1.206558743
Ba1Tl2,-0.060104023
Ga2Ru1,0.929398488
Be4Ca2N4,1.09969445
Al1H4Na1,0.58836472
Ho5Sb3,0.257755349
Al18Mg3V2,0.386556035
Sb2Tl7,-1.047306338
Be13Ca1,1.253616621
Ru1V3Zr2,0.644730975
Mn1Pt3,0.657775573
Ni1Tl1,0.084872855
Ba1Ge3Pt1,0.49446211
Al1Mn1Ti2,0.642562448
Te1Zn1,0.463958651
Cu1Ni2Sn1,0.205339721
Mn6Sn6Zr1,0.1487013469999999
Pd2Sn1Y1,0.207030836
Ag1Si1Y1,0.65840447
N1V2,1.231135585
Cu1Hf5Sn3,0.439567939
Al3Pr1,1.305392217
Bi1Er1,0.8031094040000001
Ba5Sb4,-0.153655464
Gd2O7Ti2,0.8089998209999999
Cu4In1Y1,0.537887066
Hf1Rh1,0.6635190679999999
Ba1In2Rh1,0.199716791
Ba1Os2P2,0.911658756
Ca1Cd1Ge1,0.423837095
Ag5S4Sb1,-0.322980106
In2Mg1O4,0.620173546
Al3Pt5,0.24847107
La1O4P1,0.647863949
Ca1Pt1Si3,0.6802928979999999
Pb1Sr2,-0.0899083859999999
Ce1Rh3,0.905605936
I5In1Sn2,-0.365164157
Bi1Na1,0.293749159
Ag1Pd3Se1,-0.615754142
Ca3N1Tl1,0.659231433
La1Mg2,0.519860794
Ba1Ge3Pd1,0.419947492
Mn2Si2Tb1,0.8102392409999999
Al3Th1,0.639398825
Ga2Th1,0.979451399
Al1Au2Mn1,0.140394898
In1Ni2Zr1,0.634995897
Bi1Ga1O3,0.524934599
Al1Zr1,1.22659475
Co1Ti1,1.452034971
Co2Sn1Ti1,0.560138665
Ag1Cu4Tb1,0.120215161
B2C2Y1,1.354381229
Au1Sc1,0.7650729470000001
Au2Ca1,-0.253925764
Rb1,-0.648325421
O4Sn1Zn2,0.503144888
Al2Tb3,0.336783833
Er3Os4Si13,0.520539863
Bi1K3Se3,-0.341421051
Cd3Ho1,0.107932062
In1Pt1Sr1,0.007871479
B1Pd3Yb1,-0.076166094
C1Ti3Tl1,1.4964771380000002
O3Sr1Zr1,1.173075495
Ba3Ge5,0.126540497
Gd1Rh1,0.6475179329999999
Ir1Zr2,0.101829527
Cr2Cu1S4,0.2784655
La1Rh1Sn2,0.004695308
Ca1Ir2P2,0.417979595
P12Ru4Th1,0.8980035
Er4Ga12Pd1,0.378090697
Al3C1Zr5,0.8765919120000001
Tb1Tl1,0.273656273
Er1Ge1Sn1,0.603474571
Hf1Pt3,0.553983703
Hf1O3Pb1,1.027418926
B2C1U1,1.374827135
Cu1O1,0.15537248
Ca2O4Pb1,0.492507559
Ge1Pd1,0.1775249569999999
Co1Sb2,0.668023232
Hg1Yb1,0.217841761
Gd2O7Sn2,0.606357715
Co2Nb1Sn1,0.637181411
Cl2Mg1,0.154560905
Cd1Ni4Tb1,0.428016481
Hg5Pd2,-1.069871965
Ag1O1Rb1,-0.263436984
B1Rh6Ti2,0.904107757
Co1Ni2S4,-0.05396651
In1P1Pd5,0.385502602
Dy1In1Pd2,0.364686047
Ca1O4Tl2,0.19914608
Os1,1.705794459
Lu3Os4Si13,0.524061021
K1P2Rh2,0.959666136
Hg1Mn1,0.076989777
Ni16Si7Ta6,0.60352976
Ir1Ti1,1.268034764
Al1O3Y1,0.943942429
Te1Ti1,0.1801287439999999
Sn2Th1,0.527535815
Er2O7Ru2,0.637767829
Mn2Sc1,0.521606137
Pd1Si1Zr1,0.83092212
Ga1Ru1,1.18100562
Au1C2Cs1,0.522908276
In4Ni1Sr1,0.04815425
Cd1In2S4,0.055328629
Hg1Ti1,0.606398565
N1Ti2,1.310234353
Au1Cu4Dy1,-0.0562923459999999
Bi1Dy1Rh1,0.342128445
S7Tb5,0.5200063979999999
Al1Ba1Si1,0.902509817
Cu1In1La1,0.1274546859999999
Er2O7Tc2,0.727920083
Dy1Os2Si2,1.094872744
Ba1Ge1Zn1,0.423612821
C1Sc3Tl1,1.152694923
Hg2Ho1,0.285356992
Nb1S2V0.333,0.879103338
O3Pb1Zr1,0.993159693
Nb3Sb1,0.962321973
In1Pt1Th1,0.335048488
N1Ni3Zn1,0.649861341
W2Zr1,1.065086512
C2Y1,1.111238983
P1Ta1,1.109578547
Sn4Sr1,-0.288260239
S2Si1,1.029452772
C1V1,1.983546005
H2Ta1,0.936297547
C1Rh3Y1,0.913759827
Dy1In1Pt4,0.450432336
C3Nb4,1.337049733
Ni3Sn1,0.771710918
Ge2In1Tb2,0.411611289
Pd1Sb1Sc1,0.7730634820000001
B4Rh4Y1,0.709912445
Cu3P1S4,0.212246217
Al1La1,0.633507843
Cu1F3K1,0.367436062
Au2Ho5Sb1,-0.025579966
U1,0.845045301
Au2Ca1Si2,0.407467388
Pd1Sb1Zr1,0.212890433
Fe1O2Sr1,1.044814048
Cd1Se2,-0.058751012
Co1N1,1.678700435
C1Rh3Yb1,0.873671616
B1Ta2,1.469553996
Pu1S1,0.8753576409999999
Al20La1V2,0.343126851
S3Sr1Zr1,0.445666463
Au4Yb1,-0.275667594
Ba1Cr1S2,0.421804577
B2Ru1Y1,0.986017556
Au1C2Rb1,0.609342509
Ca1Zn13,0.01226763
Hg3Mg5,-0.094352506
Na3Sb1Se4,0.061422319
B1O4Ta1,1.242290419
La3Sb5Zr1,0.258376245
Ge2Mg1Y2,0.7879667379999999
I6Pd1Rb2,-0.5767311829999999
In1Sb1,0.289080343
Ir3Ti1,1.317258728
Al1Pd1Y1,0.22487477
O1Rb2,-0.155256986
Er1S1,0.967294252
Ir5Th1,0.890504293
O3Sr1Tb1,0.220421922
Br1K1,-0.073963314
Au1Zr3,0.498025066
C1Ru3Zr1,1.379700646
Au1Li1Sb1,-0.883983671
Ga3Ho1,0.712480496
Ag1Y1,0.812227967
F3K1Ni1,0.621768098
Tl1Yb1,-0.066991307
Be1Pd1,0.6898822109999999
Ru1Si1,1.113889897
Al4C4Si1,0.8047260490000001
Ca3N1Sn1,0.117344224
Er1Hg2,0.280259589
Ag1Cr2Te4,-0.972609615
Ge2Ho1Ni2,0.671681845
Dy1Si1,1.092183584
Fe1O1,0.997596927
Ca1Se1,0.065859694
As1K3Se3,-0.328623485
Ni1P4Si3,0.818048311
Au1In1Y1,0.308404325
Ce1Tl3,0.0687756559999999
Na1O2,0.5091030129999999
Ir2Sc1,0.968349838
Al2Ge1La2,0.74134939
Ge1Mn1Ni2,0.098768286
Re2Y1,0.363858198
C1La3Tl1,0.683211895
Pb1Te1,0.070713731
Cr1Te1,-0.399112012
Cu1Hf1Si1,0.7330720159999999
Ir1S1Sb1,0.7057636759999999
Dy1In3,0.435450967
B3Ru2,1.298363947
B2Mg1Ni3,0.697250272
Al2Cd1Se4,0.178450298
C3Sc4,0.997105357
Cr1Cu1O2,0.685019403
Hf2Ir1,0.281176593
Bi1Ni1Sc1,0.849889696
Hf1P1V1,0.976474242
Mg5Pt10Si16,0.297974871
Ti1Zn3,0.574305655
Hf3N1Zn3,0.544245448
Co2N1Ta4,0.6595206889999999
Au2Er2Sn1,-0.065127005
Hf3In4,0.305708118
Al5Ba5Sn1,0.185448657
Hf5Ir3,-0.082461933
Al1Hf2,0.964991325
As1Cu1Sr1,0.632078511
Sb1Sr2,0.40646183
B1Mg8Pt4,0.101922268
Ho1In1Ir1,0.272667606
Ba1Sn1,0.31696996
Mo1P2,1.351850397
N1Tc2,1.273443448
C1Cd1,0.469509801
C1In1La3,0.765830175
Fe1P1Zr1,0.833400855
Be13Ho1,1.111625395
Ho1Rh1Si1,0.645036932
Ge1Te1,0.992397975
As2Rh2Sr1,0.6783462659999999
Be13Tb1,1.116006355
In1La2Pd2,0.173675667
Bi1Co1Zr1,0.955097228
Ca1Cd1,0.59482994
Ba1Ir1P1,0.280892369
In1La1Pt1,0.173658198
As1B1,1.678745937
Li1Pt7,0.366202485
La1Sn3,0.196328203
Ca1In1Pt1,0.040713075
Bi4La3Pt3,-0.137164656
Au1Be5,1.25772896
Ho1Pd2Sn1,0.283074975
Pt1Sc1Zn1,0.562151249
Ho1Ir1Si3,0.886504825
Si2W3,0.777933325
Ag2In1La1,-0.019951155
Cu4Er1Pd1,0.258455291
Ru4Sn6Y1,0.475931106
H3Mg1Na1,0.353673927
Hg2Mg1,-0.5026224570000001
Al16Pt7Ti6,0.485522684
Ni1Sb1Ti1,0.919626631
Dy1Ir3,1.041072769
Mg1N2Si1,1.117161879
Er2Hf2O7,0.775751671
F6K3W1,0.143042919
La1Ni1O2,0.935579306
Mg1Se1,0.419911161
Ba1Ge1Pt1,-0.021709896
Lu1Te2,0.228572297
In1Tb2,0.459686442
La1Pt5,0.575118537
Li9N1S3,0.661894049
Mn2O7Tl2,0.26979071
La3Rh4Sn13,0.004127833
Ag1In1Te2,-0.200388618
F2Pd1,0.181220271
Ag2In1Y1,0.059813245
Ni1P1Pd1,0.152850728
Ag3Na1S2,-0.440943653
C2Er2Re1,0.7883826359999999
P1Th1,1.061067777
Pd3Tl1,0.108757775
As2Cd1Sr2,0.311357519
Cd1I2,-0.203751163
Al1Dy1,0.98069905
Gd3In1N1,0.899065027
Co4Er3Ge13,0.247597697
Ge13Ir4Y3,0.355118056
Ge2Ho1Ru2,0.8480825320000001
Ca3Rh4Sn13,-0.390562477
B1,1.006213522
Cd1O6Sb2,0.68880322
Ca1In4Rh1,0.184188721
Li2Pd1Sb1,0.234899274
Au1O1Rb1,-0.172609401
Ni12P7Yb2,0.343477524
Ag1Dy1,0.591538731
Ir2Si2Y1,1.184827659
Cd1Cr2S4,0.283762422
Al10V1,0.188934106
Ho1Mg1Sn1,0.6459574379999999
Sr1,0.426586077
Al1Mn1Pt1,0.6253886
H2Nb1,1.211587704
Sr1Zn13,0.041854371
Ir5Sn7,0.283226578
O4P1Tb1,0.8539317190000001
Pd3Ti1,0.7982085309999999
B1Zr1,1.516089613
Hf1O4Si1,1.040491577
S2Sn0.33Ta1,0.7017673870000001
Pb1Rh1,0.424250962
F4K2Mg1,0.427189012
Ni1O1,1.333711197
Be22Mo1,1.105261459
Cs1N3,0.522038442
C20,1.442222565
In1Pt2Zr1,0.070669444
Ce2N2Se1,1.005682322
In1Sc2,0.735771306
C2Na2Pd1,0.744544097
Al1Tb1,0.99244482
H3K1Mg1,0.815189765
Ba1Ga4,0.34103071
P2Rh2Sr1,0.852561111
Cu6O8Pb1,0.205542679
C3Nb4Si1,1.084358182
Ir2La1Si2,0.670123342
Au3Zn1,-0.385615385
Cd3N2,-0.175646335
Ag3O4P1,0.030296055
Mo3Zr1,0.215547682
Ir4Sn13Sr3,-0.221834997
Ga1Sc1,0.9180917
Be13Sr1,1.16273164
Ni1Rh2S4,0.191328031
Dy1Ir2,0.857003032
Eu1Te1,0.30579189
Cu1Fe2Ge2,0.594987778
Au3Ge1Na1,-0.662311172
Tl3U1,0.047200856
Bi1O3Rb3,-0.242179754
Os1Si1Zr1,0.922821438
Cd1Er2S4,0.21813884
Co1Ga1Hf1,0.675398855
Ba1S3Zr1,0.340539292
Au1Dy1,0.580378629
Ge6Lu4Ru7,0.614499634
Ca3N1P1,1.078880755
Te1,0.111356623
Br6K2Pt1,-0.087159103
Mn1Ni2Sb1,0.392994001
In1Pt3,0.401908644
Ag1Nb1O3,1.088022626
F6K2Si1,0.421332408
Al7Cu16Yb6,0.024226984
Dy1Mg1Pd1,-0.007245949
Cs1I1,-0.300941409
Ge2Mg1Tb2,0.708610385
Ni2Sc1Sn1,0.769838703
Au2Si2Tb1,0.512759084
Re2W1,0.777245526
Ag1In1O2,0.173768823
Pb1Pt5Si1,0.324113645
Ca2Si1,0.477261654
Cd2La1,0.421177649
Pt1Sn1Y1,0.452707758
C1Nb2P1,1.3265427159999998
Ge13Ir4Yb3,0.058577849
O4Sb1V1,0.98188472
Ag1In1S2,0.027288435
O2Th1,0.615074271
Ni1Sb1Tb1,0.924092603
B2Ho1Os1,0.968989797
B3Nb2,1.503338455
Mo3Os1,0.968313401
Dy3Rh1,-0.1367479419999999
Fe1Ru2Si1,1.242280475
La1Zn1,0.757389955
Fe1Si1Ta1,0.818041708
Bi1F4K1,-0.074650773
Au2Ga1,-0.445407881
Pt1Sc1Si1,0.614121751
Ca7Cl2H12,0.392907895
Ge1Ni2,0.275610765
Hg3Y1,-0.330711949
Ca1Cd2,-0.034869354
Cu1Ti2,1.201716582
As1Co1S1,0.885310323
As1Pt5Zn1,0.465039147
Al1Hf1Pt1,0.5037144370000001
As4Pa3,0.463020539
Ga1Ho1Pt1,0.08919483
Ga12Lu4Pd1,0.352899959
Sr1Tl2,-0.156168844
Co2Fe1Ga1,1.349397986
Fe2Ga1V1,1.3660417319999998
C2Mg1,1.0633784
Cu2La1Si2,0.937818184
Cr3Nb1,0.98665934
Gd2Hf2O7,0.767967275
Ag1N1,0.48423291
Li2Mg8Si4,0.30543736
Sb1V3,0.869279255
As1Ge1,0.919539873
Rh2Tb1,0.6851413709999999
Bi1Dy1Ni1,0.794358366
Cs1F3Sr1,0.236529704
Hf3Rh5,0.476585294
As3V5,0.689259121
H1Ti1,0.978114751
Au1Ca1Sb1,0.231943386
Ni2Zr1,0.639855881
Se1,-1.031041456
Ag1P1Pt5,0.200174464
B6Ni21Zr2,0.371012417
Bi1N1Sr3,0.69705053
Ge1Ir1Tb1,0.533439031
Re1Si2,1.3429454930000002
Er4In1Rh1,0.214994766
Au1Ho2,-0.012658237
Si1Sr2,0.406214763
Ge1Pd2,0.10731853
As1Er1Pt1,0.368690303
Os2Th1,0.15347644
Nb3Rh1Se6,0.6856414359999999
Tl1,-0.649918752
In1Pd2Zr2,0.164370703
Ru1,1.6309605
Mg1S4Sc2,0.433276874
Ce1Co1Si3,1.123727539
Rh1Zr1,0.356100465
Ga3Ho1Ru1,0.466168927
H1Mg1Ni1,0.979740442
Bi1Pt1,-0.054485132
Ga6Mn1Tb2,0.332456639
Mn1Nb3S6,0.7736511640000001
Hg1Mg2,-0.328220125
Ge1Li2O3,0.7541739709999999
Ge3Ir2Tb3,0.446333641
Cl4U1,0.42846687
C1Tl1Y3,1.036976033
Bi1O3Rh1,0.404869621
Er1Te1,0.5369269320000001
In1La1Pt4,0.277382268
Ag1Au1F4,-0.071462308
Au1Li2Tl1,-0.460809694
Mn3N1Zn1,0.795782724
Dy1Ni1Sb1,0.931853336
Al1C1Ti2,1.4216137969999998
Re5Si3,0.71208374
Na1O3W1,1.136108319
Au1Lu1Sn1,0.552598869
B1Rh1,1.115913247
Bi1Ti2,0.366379993
Fe1Zr2,0.182953619
Al4Er1Ni1,0.71108984
Au1In2,-0.033013038
B1Rh3Zr1,1.0688572
Er1Ga3,0.668997785
Ba1Si2Zn2,0.7252605190000001
Al2Tb1,0.972742362
Ba2Ge1,-0.082375299
Th3Tl5,-0.19413772
As1Zr1,0.878777357
As1U1,-0.106914889
Au1Li3,-0.199596387
B3Ni1W3,1.166953793
Na3Sb1Te3,-0.343892211
Se1Ti1,0.53227397
Dy1Ni1P1,0.644413969
Ru2Si3,0.841694136
Cr1La1Se3,0.27956657
Al1Er1Pd1,0.370405752
Be2Zr1,1.528101312
H2Hf1,0.452364598
Mg1O6Pt3,0.649063096
As1La1Te1,0.438822295
Os1Zr1,1.443790081
Dy1Ir1Si3,0.917386811
Dy3Ni2,0.342906058
Si1Th1,0.611093177
Cd1Sr1,0.456683286
As1Ba1Li1,0.630315981
Co1Rh2S4,0.429678008
Cl6Sn1Tl2,-0.259773937
Er2In1,0.4411765
H1Ho1Se1,1.093116872
C1Ho3Tl1,0.056382622
Al1Ti1Zr2,0.879964746
Dy1Sn2,0.513286869
Bi1Li1Sr1,0.194703004
Al2Au2Th1,0.431584073
B2Ir1Mo2,0.905033443
Ca1Cd1Sn1,0.161805072
Cu1Ho1Si1,0.882225609
Dy1Ni2P2,1.004351472
O2V1,1.287062353
Cd11La1,-0.493394861
B1Pb1Sc3,1.113304804
K2Mg5Sn3,0.032247962
Cs2I6Te1,-0.358469375
B12Er1,1.572574229
B1V1,1.830763762
Na3S3Sb1,-0.10809976
Ir1Th1,0.389229894
Ge1Ru1,0.888674745
Br2Ca1,-0.019335912
Cl1Cs1,-0.141400249
Bi3La4,0.102594907
Ag2Mo1O4,0.197523144
Ag1Ho1Se2,0.09893777
Cd1Ho1Ni4,0.448670771
Cu2Ho2In1,0.238600541
Li2Se1,0.804102615
Cs1Na1S1,-0.03248806
N1Pd1,0.853966978
Ga1Y1,0.921097308
Pd3Zr1,0.8306072720000001
Mg2Si1,0.187774455
Ni1S2,0.906889141
Rh1Si1Zr1,0.904017301
Ge1Mg2O4,0.931808115
Cs1S2Tb1,0.471961709
Co4Ge13Y3,0.277581712
Cu1Er1Si1,0.888865508
Pt1Sn1U1,0.303768258
O2Ru1,1.070163517
Ho1In1,0.55155368
Ho1Tl1,0.248897305
Ca3O1Sn1,0.8918774009999999
Ba1Zn13,0.069760569
Mn2Sn1W1,1.17912648
Cu1Nb4Si1,0.922575479
Ge3Pd1Sr1,0.269713701
Pb1Sr1Zn1,0.320848071
As2Ca1Pd2,0.323540846
Al6Re1,0.830252393
Co1Sn1Y1,0.214396082
C1Th1,1.471227149
P7Pd9Zr5,0.311071165
Rh1Tb1,0.7929146290000001
Ba1Hf1N2,0.724700942
Ag2Sc1,0.451659044
As1Pd1Tb1,0.417790446
Al1Th1,0.969928655
P2Rh1,0.914151623
C2Na1,1.02157379
Pt1Si1Sr1,0.104845461
Ba3O5Si1,0.485222979
Ge6Ho2Ni1,0.661833501
K3S3Sb1,-0.231307893
Cu4Mn1Sn1,0.469131012
As2Sn1Zn1,0.37481431
Si1Ti1Y1,1.013856409
In1Pt2Y1,0.282567738
Cd1F2,0.440164164
Ho2S3,0.455071853
Ni1O1Zr3,0.8038734559999999
Dy1Mg1Sn1,0.6464684239999999
Er5Ni1Pb3,0.159425814
Ag2In1Tb1,0.085012141
Co2Ge1Zn1,0.970990401
C1Tl1,0.462198776
Ge2La1Rh2,0.8829933000000001
Ir3Mg3Si8,0.233681298
Ca3Ge1O1,0.936782078
Cu3Sb4Tb3,0.36879435
Bi1O2Y2,0.814659713
C2Er1,1.003912687
Al3U1,0.925702884
Dy2O7V2,0.485051017
Ag1Bi1Li2,-0.029078784
Ga1Pd1Tb1,-0.28181896
Cd2Dy1,0.53787448
F3Hg1Rb1,-0.110325805
Hf1Mo1P1,1.089760322
La1Pd1,0.347509552
In1Li2Pd1,0.079329605
Os3Ti1,0.997437501
Cd1Cu1Sb1,-0.679081398
Cu1Er1Pb1,0.445809627
Co1Ge1V1,0.801922769
Er1Rh5,0.79338942
Al1Sc1,1.131987369
Na1P1Sr1,0.492222425
Ba6C60,0.8237265159999999
Fe1Pd3,0.783379681
Bi1Ho1Ni1,0.7954761090000001
As1Nb3Te3,0.712882778
Co1P1Zr4,0.466983219
Ga1Ni2V1,0.7497741790000001
Rh1Sb2,0.484107568
V2Zr1,-0.593291244
Bi1Nd1Pd1,0.597130016
In1S2Tl1,0.202482868
F4Pb1,0.751687795
As7Mg6Ni16,0.1459915219999999
Ag2O1,-1.7581324
Bi2O7Rh2,0.422363278
S1Ta1,1.251275549
Ni1Sn1Y1,0.404883299
Ag1La1Pb1,0.312113858
C1Ho1Rh3,0.892712198
H1Pd3Tl1,0.288191077
Cd1Ho2Se4,0.025428761
La3Tl1,-0.087768907
La1Pd5,0.407574442
Ba3Pb5,-0.243732933
Ho1Sn3,-0.155697447
Cu2Zn1Zr1,0.605371856
K1Mn1Te2,-0.039862325
As1Gd1,1.187486878
B2Ce1Ir3,0.998174739
Cl6K2Ti1,0.171992505
Al1Ru1,1.4110874530000002
Cd1La1Pd1,0.082189152
Au1Ti3,0.8516997590000001
Pd1Se2Tl2,-0.489141446
C1Nb4Ni2,0.6283245479999999
Ir1Si3Y1,0.936016331
Ca3H2Pb1,0.301153752
Ba1Hg1,0.192901826
Pd1Sb2,-0.106723832
Ni1Si2,0.7726766270000001
Cu1F3Rb1,0.305819811
Cs2S2,-0.189321316
Ir1Sb1,0.693914165
Au1Cs1,-0.300983094
C1Sc3Sn1,1.208064948
Bi1N2Th2,0.839279395
N1Ni2Zr4,0.512490948
C1Nb4Zn2,0.647772096
Dy2Ge2In1,0.373612566
Bi2Ir1,0.297767075
C1Ca1Pd3,-0.053476996
Al1N3V4,1.070481175
Pd2Si1,0.309297933
Dy1Mg1,0.794455282
Au1Mn1Sn1,0.054712617
Dy2In1Pd2,0.271269913
Dy4Ge6Rh7,0.556859488
La1Pd3S4,0.17303176
Pb1Pd2Tb2,0.086502199
Pb1Th1,0.310901384
Pd1Sr1Tl2,-0.288923675
Ge7Ir3,0.414262863
Ho1N1,1.5622750159999998
C1Hf2S1,1.202507389
Bi1Ca1Cu1,0.384138275
Au1Hf2,0.891063322
Ag1Cd1,-0.21152264
Br1Na1,0.125351121
Be2Si1,1.343282522
Dy1Pt2,0.632476526
Ca1Cd1Pb1,0.030069178
Cu1Hf2,1.043440876
Ir1Li2Mg1,0.091156758
Na2Te1,0.241431915
Sr1Tl1,0.216617123
C1Pb1Pd3,0.165134477
Cu1Ge6Y2,0.593633807
P1V1Zr1,1.046003232
Hf1P1,0.983795823
Hf1In1Ni2,0.7047980420000001
Au1Tb1,0.56459624
F3K1Pd1,0.2774671
B3H12Y1,0.489459246
In1La2Rh2,0.190673395
Er1Pt1Si1,0.570560451
As1Ni1Se1,0.512250686
Si1Zr1,1.335347558
As1Pd5Tl1,0.268147208
Al1Ge1Y1,0.871549586
Ga1Ge1Li1,0.435771128
Ca1Ir1Sn2,0.373693398
C1Co2Ta4,0.686937311
La1Mn1O3,0.977239669
Cu1Ge1Sc1,0.756481682
I1Tl1,-0.3568020529999999
Mg3Ni2Ti1,0.413385273
Ho1Ir2Si2,1.152612415
B2C2Tb1,1.287882313
Be13Ce1,1.143517541
Cd1N1Ni3,0.681357034
Ca1O4S1,0.764502665
Rh1Sn1Zr1,0.542882665
C1Nb3Ni3,0.6701613989999999
O1Pd2Zr4,-0.154882727
Br1La5Sn3,0.201711123
Hf1Os3,0.962055697
Ho1Mn6Sn6,-0.509676248
Al2Cu1Mg1,0.685887673
Cu1Sn3Zr5,0.562351163
Bi1Co1O3,0.661642341
Co2Ga1Mn1,0.621882215
Bi1Ca3N1,0.882464769
Fe2Hf1,0.37524283
Ca1Pb1Sr1,0.081667689
Ba1Cd1Ge1,0.304292293
O4V1Y1,0.808648424
Cu4In1Yb1,0.316406519
Nb1Rh1Sb1,0.71037211
Ag1Sb3Zr5,0.512151872
Ho1Ir1,0.8950925559999999
As2La1Ni2,0.8202829229999999
Ge1Rh2,0.458547204
Ir3Zr1,1.291320001
Al1Tb2,0.455103836
Cd1Cl8Na6,-0.149456072
Cd1Dy2S4,0.196427677
La1Ni2Rh3,0.7342347990000001
S3Tb2,0.454436279
H2W1,0.55664377
Sn3Tb5,0.4278576
Mg3N2,0.646621309
Cu2Sc1,0.755098528
B1F5Li2,0.627448815
Ru1Si1Zr1,1.03721129
Ga12Ho4Pd1,0.366854236
Sr1Zn5,0.151225777
F3K1Mg1,0.711246079
Al1Ni1,1.255453423
Ca1Sn1Sr1,0.22577693
P4Pa3,0.626658528
Ga1Gd3O6,0.531061027
Au1Ca1In1,-0.244581774
Ag1Er1S2,0.413433888
Rb2S1,0.032566385
Mn1Ni6O8,0.7636623
Au1Er1In1,0.271985573
Ge1Mn1Rh2,0.5914308189999999
Fe1N2W1,1.210970943
Cl2Hg2,0.01549807
Cr1La1S3,0.465943206
Cl6Rb2Te1,0.038445296
Bi1Cr1O3,0.577696261
Ge6Ir7Sc4,0.7156624559999999
H1K1,0.355897654
Cs1Gd1S2,0.469007134
Hg1La1Pd1,0.034632467
F2Pb1,0.30857295
Tb1Tl3,-0.17677168
Ge3Rh5,0.415737701
H1Ta2,1.02420234
Au3Sb4Y3,0.121881425
Cr2O6W1,0.91312479
B1Sc3Tl1,0.96847034
Ho1Mg1,0.803783397
O7Ru2Tb2,0.62329065
La2Pb1Pd2,0.064424293
Mg3Ni20P6,0.28893077
S1Se1U1,0.473913027
B1C1Li1,1.7270676669999998
Rh2S3,0.560577289
N1Nd1,1.325178934
Ag2Ba1,0.018800325
Cu2Dy1Ge2,0.7133762840000001
B1Sb1,1.382604114
Co2Si1Ti1,0.806375363
F1Na1,0.6696831329999999
Co1O3Se1,0.63282664
H2.25La1,0.399408911
Rh2Sn1,0.1779720189999999
Nb3Pt1,0.89812487
Al18Mg3Mo2,0.336329626
C60Sr6,0.759013266
Au1La2,-0.195342042
Ge1Ni1Ti1,0.769494747
Ga3Ru1Tb1,0.470893915
O3Rb1U1,1.007470389
Cd1P2,0.301509626
Au1K1Se2,0.040582563
Cl2Sr1,0.303919279
C1Mg3Zn1,0.7972966309999999
Li1P1Sr1,0.77828369
O3Pb1Sr1,0.237943166
Dy1Hg3,-0.329710534
Cd1Cu4Er1,0.412952525
Cd1Zr2,0.8679351190000001
Pd1Sc1,0.800489564
Be1Cu1,1.15879657
P1Rh1Ta1,0.551500012
Co2Hf1Sn1,0.920278329
Be1Pd3,0.144209808
Au2In1Tb1,0.070340843
Hf1Tc2,0.117480105
Te12Th7,0.0836889109999999
Fe1Si1Zr1,1.043220765
F3Mg3N1,1.029489294
B1Mo2,1.352333047
Se1Yb1,0.8347118309999999
Bi5La3Sc1,0.035705838
Cr2Hf1,0.717358398
Cr1N1Nb1,1.422057725
Cd1La2Rh2,0.109507677
Au2Tb1,0.384105995
Cl6K2Re1,0.23517228
Ho1Rh1Zn1,0.132963726
Cs2Pt1,-0.522683357
Ge1Sc1,0.982777163
Dy2Ge2Mg1,0.705918423
Mg2Tb1,0.19827485
Al1Au2Sc1,-0.043577025
O7P2Si1,0.904123463
Al16Hf6Os7,0.44649678
B2Mo3,1.284712652
N1Ti1,1.838375515
N2Te1Th2,0.791881444
Ba1O3Zr1,1.146500129
As1Na3,0.200040227
Cd1Li2Sb1,-0.062746978
Ba1Hg1S2,-0.039011042
Au2Ca1Ge2,0.022972445
N1,1.676535406
Ir1Mo3,0.961353215
Br6Cs2Pt1,-0.147613341
Br4Ti1,-0.488856237
Fe1Hf1Si1,0.6780082159999999
Hf3Ni2Si3,0.783456197
Ho5S7,0.53281678
Ru1Sc1Si1,1.100932007
C2Dy1Ni1,1.325234389
Se1Sn1,0.7891151470000001
Cd1Ge2Tb2,0.527623457
C1Nb2S1,1.144325078
Lu1Pb2,-0.0189406
Na4Si23,0.131137274
Hg11Rb1,-1.93902279
Ag1Bi1Yb1,0.092931076
Ho2In1Ni2,0.610590969
Ga1Sn3Zr5,0.64052715
O5Ta2,1.5936260569999998
La2O2Te1,0.764549719
Ir2S3Sn3,-0.020807765
Ag1Mg1,0.442335503
Dy2Rh3Sn5,0.078097779
Cd1Co1Dy4,0.116534691
Al2Sr1,0.7405300579999999
Ag1Cu4U1,0.123573996
Rh1Sc1Si1,0.825115704
B1Ni3,0.506832321
Mo1Rh1,1.114297325
Ni1Sb1Se1,0.381351576
Ce2Ni12P7,0.436644399
Ag2Tb1,0.229781639
N2Se1Zr2,0.915990454
Br1F1Sr1,0.298781052
Er1Pd1Tl1,-0.102538412
Ba1Ga2Se4,0.16083754
Cd1La4Ru1,-0.042291693
O5Ti3,0.775282692
Bi1Ni1Zr1,0.639228426
Au1Sc1Sn1,0.375381917
Au2P3,0.17056972
C60K6,0.7919634879999999
Be13Er1,1.106717717
Li1N2P1,1.347330015
Pt1Sb1Yb1,0.002800834
Na2O4W1,0.8238014570000001
B3Co1W3,1.190872128
Cl6Rb2Zr1,0.155478754
As1Sn1,0.770811525
Dy1Ga3,0.575824959
F3Pd1Rb1,0.454317291
Se3Sr1Zr1,0.34453374
Ga1Ir1Li2,0.57191836
Al2Au2Sr1,0.091761894
Au1In2Na3,-0.801312678
Ba1O7U2,0.6747702320000001
Ni1P1S1,0.723152627
N2Ru1,1.35516215
Ba1Se1,0.5026878920000001
S4Sn1Sr2,0.201735687
Dy2O1S2,0.408921408
N1V1,2.003236433
C1Dy5Ge3,0.42434742
Hg3Zr1,-0.244575673
Pt1Sb2,0.261895407
Cd3In1,-0.893523521
Al1N1Zr3,1.17071045
Br1Se2Tl5,-0.529577748
Mg1Se4Y2,0.168037607
Co2Ga1Hf1,1.272954945
Nb1Pd3,0.848340016
Al1Ge1Sc1,0.842392038
Au1Mg1,0.490840228
P2Ti1,1.034548247
Cl1O4Tl1,0.298366132
K1Na1Te1,-0.226435146
Ca3Ge13Ir4,0.082982732
Er2Ni1Sn6,0.334131932
Cl6Rb2Sn1,-0.129788702
Cl6Pb1Rb2,-0.383540241
B2Os1Tb1,0.97706847
Li1Sb1Sr1,0.317453224
O2Rb1,0.314798058
Er1Pt2Si1,0.330784997
Ni3Sb4Zr3,0.472067173
Ho4Sb3,0.258651647
Au1Ca3,-0.173990671
Mn1Si1Tb1,0.718230897
Ge1Rh1Ta1,0.7353425579999999
Bi1Pd1Te1,-0.089772724
As2Ge1Zn1,0.500240593
Mn1O3Y1,0.74505292
Os0.67W1.33,0.717679655
I2Pb1,-0.23336783
Co1Ge1Mn1,0.703661875
Al2Co1Y1,0.823883551
Gd1Mg1,0.669665478
Ge2Rh2Th1,0.860185827
B1Bi1,1.073322357
Cs1Cu1O2,0.163155409
Dy1Se2,0.629881358
C1Nb2,1.194292282
Hf1Rh1Si1,0.8622751259999999
Mo3Ti1,1.197357759
Br1H4N1,0.751809328
Ge1Pt1Y1,0.4718987120000001
Bi1U1,0.678725007
Er1H2,0.982971421
Ca1Pd5,0.4313718070000001
Dy2O7Ti2,0.8187832540000001
Br6K2Se1,-0.185592571
N1Pt1,0.311927544
As1Hf1Ru1,0.741520317
Be2V1,0.762102873
Sn1Te5Tl2,-0.299457227
Al5W1,0.992572515
As2Hf1,0.762949257
Pd1Yb1,0.514191671
Au5K1,-0.166613805
Ca1Ge1Mg1,0.5846523029999999
Nb3Te1,0.906713672
La4Pb3,0.167142991
Pt3Th7,-0.089155303
La1O3Y1,0.5692017970000001
Al18Mg3Ti2,0.29276983
Er3Ge4,0.536291977
Ho1Ir1Sn1,0.413182371
Pd1Y1Zn1,-0.087012623
Al1Pd1,0.623451914
Cr1Rh3,1.135997198
O1Sn1Sr3,0.661058876
Bi1Ho1Pd1,0.613049648
La1Sn2,0.35236006
Ho1Pt3,0.642901563
Al18Cr2Mg3,0.339041799
In1La1Pd1,0.067691896
Pt1Ti1,0.329064148
Co1Sn1Tb1,0.445794068
Li3P1,0.78497371
Er1Ge1Ir1,0.306135401
Be1Cs1F3,0.300399812
In1Ni4Zr1,0.577280346
O1Yb1,1.242116367
As1Y1,1.215135045
Dy1Pd1Sn1,0.160720571
Cu1Y1,0.902893967
Ca1Rh2Si2,1.097722252
Au1Ho1In1,0.253587556
Si6Sr1,0.572574229
Ir1Si3Tb1,0.918244809
Ca1F6Pb1,0.245581755
B12Ho1,1.579187747
Al3Ni2,1.12526976
As7Ho2Ni12,0.193628199
Al1Pt2,0.329918314
Pt3Yb1,0.381975593
Ni2Si2Tb1,0.960311872
Hf2Ho2O7,0.769494747
H5Rb3Zn1,-0.180251468
As1Rb3Se16,-0.567470033
Au2Cl6Cs2,-0.232043099
Ba2Cd1,0.278995824
Al1Cu1Er1,0.568170031
Hf1Nb1P1,0.929819824
As2Ru2Sr1,0.964496753
Er2In1Pd2,0.287991972
Pt1Sb1Tb1,0.75248099
Dy1In1,0.555870404
Au3Li1,-0.351170814
Hg1Sr1,0.28539076
Ho1Se1,0.616814625
Ba1Bi1Na1,0.062232152
Pt1Sb1Sc1,0.8328070679999999
Mo1P1Zr1,1.11384646
Eu1F2,0.538173939
Co1Sb1Ta1,0.98450211
Au1Ca1Ga1,-0.068443992
Bi1La1,0.726781798
B6Er1,1.014339895
La4Mg1Ru1,0.020008897
Ho1Rh2Si2,1.085344103
Ga1In1O3,0.753184581
Ag1Na1O1,0.38648113
Ta1,0.432783354
Ag1Dy1Si1,0.591320654
F6Hf1K2,0.501572714
N1Rh2Zr4,0.453125617
Sn3Tb1,0.057559609
Ge1Sn1Tb1,0.608056185
H15Th4,0.05969592
Co2In1Zr2,0.671605995
In4K1,-0.121650003
C2Ho1,1.030267702
In1La1O3,0.420437663
Pd1Sc1Si1,0.542729598
B1Ni6Si2,0.7650528059999999
O2Rb1Sc1,0.83615505
Cu1Rh2Sn1,0.686483435
As1Mn1Ru1,0.632319592
Ba3O1Sn1,0.458716393
Nd1P12Ru4,0.819834026
Er1Mg1,1.060074275
Mo1Pt1,1.179772903
Ba1Os4Sb12,0.360555548
Cd1Cu1F4,0.238713349
Re4S4Te4,0.75293995
La2S3,0.32805325
Er1Rh1Sn1,0.4117004970000001
Mn1P1Rh1,0.551821917
Dy2O7Tc2,0.7000491870000001
Cl1La1Te1,0.224747955
Pt1Sn1Th1,0.648030994
Au3Dy3Sb4,0.089700274
Al1Si1Sr1,1.010198157
Ca1Cs1F3,0.384211793
Ru1Y3,0.406228398
Gd1O4P1,0.815829354
Ag1Au1Zn2,0.039005412
Rh4Si5,0.7119320179999999
Ba2Sb1,0.297922384
Pt7Sb1,-0.089071589
Dy1Ge1Ni1,0.538324848
Al6Tc1,0.866067477
Ba1Pb1Zn1,0.225753689
Dy1Pd3,0.665452466
Bi1Rh1,0.30506748
Pt3Ti1,0.985371229
Hg4Pt1,-0.075699517
Pd2Zr1,0.627111761
O7Y2Zr2,0.8183136679999999
Ba1S3,0.452166852
Rh1S1Sb1,0.624830549
Bi1Pt1Se1,0.049175367
Dy3In1N1,0.951493429
Ir4Sc11,0.216263575
Mn1,1.320268869
B9Li1,1.525906059
Al4C1O4,0.924519633
Ru3Th7,0.100325735
Dy1Ge2Ni2,0.642961844
Cd1Li2Pb1,-0.111452663
Rh2Sb1,0.260500698
B4Mo1U1,1.323992143
Hf1Ru1,1.42015386
In3Lu1,0.311652161
Ba1Bi1O3,0.510459215
Na2Se1,0.395225017
Dy5Rh3,0.055355393
Al1H3,0.921832083
Br1Na1O3,0.397783635
Nb1Rh3,1.278042147
As2Cu1Y1,0.703314597
In9K1Ni2,-0.123067202
Bi4Cu4Mn3,-0.052664324
Hg1Pd1,0.262491432
Ca3N1Sb1,0.218921315
Nb1O1,1.390171773
La1Ru1Si3,1.021214115
Ge1In1Li1,0.646821154
Ge2Rh2Sr1,0.8942939040000001
Au1Sn4,-0.337513215
As6Ru7U4,0.413319885
Bi1F4Rb1,-0.260475122
Li2Mg1Pb1,0.280245921
Al1Co2Ta1,1.127046456
As1Pb3Zr5,0.521931385
B3Os2,1.288711898
Dy2Hf2O7,0.7705626309999999
Tb1Te2,0.462836564
Dy1Ge1Sn1,0.599913624
Er1,1.208938253
N1Zn3Zr3,0.604321112
Cl1La1Se1,0.300269315
Si2V1,1.010918725
Bi2Co1Hf6,0.716948575
Fe1Te2,0.74764016
As2Pd1,0.276080193
Ba1Pt1Si1,0.183830505
Pd2Sb2Sr1,-0.184192548
F6Ni1Rb2,0.163477436
Al20Pr1V2,0.327025677
Co1In8Y2,0.161511745
Er3Ge13Rh4,0.193327778
C3Nb8Zn4,0.614667359
Al1Hf1,1.14953317
Ir3V1,1.440780033
Ca1Ge2Rh2,0.84598929
Be2W1,1.256938925
As2Hf3,0.506720097
Cr2S4Zn1,0.499212673
Nb1P1Zr1,1.001586616
Ge13Rh4Y3,0.250415123
Mo8P5,0.980609596
As1Li1Zn1,0.874408753
H1Na1,0.735329777
C2W1Y1,0.991970828
Au2Y1,0.455624366
Ca1In1Rh1,0.111894
Br1In1,-0.084404961
Co1Ti2,0.472892419
Co1Si2,1.018521586
Pt3Tl2,-0.08309462
In1Y1,0.62751128
C2Cd1N2,-0.154506932
Er1Pt2,0.636696468
Ge1Hf1Rh1,0.680768685
Cu1O2Y1,0.5026428479999999
Pd2Si2Yb1,0.519368527
Br3Cs1Hg1,-0.462897767
Pb2Y1,0.307665016
Ba1Fe1O3,0.8589838940000001
Cd1Cu1Dy1,0.222786681
Mg3Ru2,0.439910316
Mg1Tl1Y1,0.472004191
Al2Ca1,0.880769589
Hf1Ir1Sn1,0.545070727
Ca1Cs1H3,0.425208051
As1Dy1Pd1,0.417883372
Ru1Sb1,0.713684546
Ag1As1Sr1,0.437826637
O2Rh1,1.066124575
Cd1Cr2Se4,0.054697301
Pu1Te1,0.704539148
Rb1Te2Y1,0.295975914
Bi1Ho1,0.81563751
Hf1Pd5,0.5872449989999999
S2Y1,0.834542772
B1Er1Rh3,0.992242376
Mo1Rh3,0.830384624
K1P1Zn1,0.554558206
Cd1F3Rb1,0.213796572
Dy1Tl3,-0.314840696
As1Pt5Tl1,0.327943051
Pt8Sc4Si4,0.6562391089999999
Ca1Ge2,0.630537706
H6Ru1Sr2,0.634875107
Ir2Tb1,0.8495778690000001
Hg1In2S4,-0.026061143
Ir2N1Zr4,0.472522423
Cu1Hf5Pb3,0.336175448
Au2In1Zr1,0.210468343
Ge13Ir4Tb3,0.151188984
C1Dy3Ga1,0.446697124
Er1Pt1Zn1,0.137917189
Be13Dy1,1.114293987
Pt2Tb1,0.634400682
Ir1P2,0.994452216
Ce1,0.53880615
Cu2Ge2Tb1,0.745267682
Ca1In2Pd1,0.165309629
Ba1Te3,0.282227739
Ga1Sn1Sr1,0.198574618
Cu2Dy1In1,0.545641061
Na1,0.01440712
Ga1Ho3O6,0.555835383
Au2Br6Cs2,-0.3445494079999999
Er2Mg1Se4,0.14610632
As2Cd3,-0.267119942
Li1Pd1,0.531130064
F6Pd1Rb2,0.265883369
B2C1Sc1,1.18751226
Be5Pd1,1.373768705
Ba6Si46,0.056485593
C1Os2Zr4,0.570253314
Ca2H6Ru1,0.84036584
Al1Pd5,-0.003804094
Co2Si3Zr3,1.062679736
Cs1In3,-0.432832423
Bi1Cu1Sr1,0.379943344
Ir1Sc2,0.126835712
Co1Ni1,0.866459841
He2Ne1,-1.3730409730000002
La1P12Ru4,0.8172029759999999
Au1Mg1Sn1,0.32997723
Ga1Pt1Ti1,0.569458185
Ni1Ta1Te5,0.366432297
Cr2Se4Zn1,0.243794303
In1Pd1Y1,0.154460492
Al1As1,0.863408521
As1Na1Sr1,0.399299825
B2C2Sc1,1.375123839
Cl4Li2Zn1,0.053489484
Er1Pd3,0.6859977629999999
Mo1Ni1P1,0.834014197
Au1O2Sc1,0.440567492
B12Tb1,1.577114788
Cu3Pt1,0.491629193
As1Fe1Li1,0.913442425
Co1In2Se4,-0.023746338
Cd1Mn2O4,0.387113855
Br2H12Sr7,0.143979175
In1La1Zn1,0.616524875
Cl6Pd1Rb2,0.132112337
B1P1,1.819519588
Dy1Se1,0.65834248
Dy1Te2,0.316282841
Au1Dy1Sn1,0.442818293
Fe1P1V1,1.114183818
Rh1V1,1.095071668
Ge2Ir3La1,0.925699277
Ge1Hf1Os1,0.878802043
Al16Pd7Ti6,0.498291251
Mo2Zr1,0.869323264
La1P2Ru2,1.11676377
Cd1Sc1,0.7208998679999999
Ga1Ni2Ta1,0.707825568
Ba1C2,0.781251157
In8Ir1Yb2,0.03300937
Fe2W1,0.517629975
Ge1Ir1Sc1,0.66905269
Ca1N2,1.175604577
Ga1Li2Pt1,0.36019756
Ag1Dy1Ge1,0.505683019
Dy1P1Pt1,0.7748226890000001
Ir1P1Se1,0.833390657
Rh1Te1,0.23432996
Ge2La1Rh1,0.494672098
Ge4La1Rh6,0.61259103
Au1Pd3,0.399370821
As1Te1,0.6087014270000001
Al1Rh1Th1,0.425537481
Ca2Sb1,0.671012615
Ca3Ge1N1,0.7876531370000001
Nb1Se4,0.75623814
Hg2Rh1,0.395735154
Ni1P3,0.86806107
Al1F6K3,0.092099279
Ge1Th1,0.997464585
Ga3Ru1Y1,0.5022099179999999
Fe1Ti1,1.653630201
Al1Os1,1.39472828
S1Zr1,1.102529748
Rh1Si3Th1,0.868898829
Cd1Sb1Tl1,-0.445458752
Al1Ho1Ni1,0.542597643
Hf6Ni16Si7,0.552219091
Cd1Dy2Te4,-0.164846764
Cl6Pt1Tl2,-0.048401206
Ag2Y1,0.352759264
Br5Cs1Sn2,-0.195541611
Hf1Re1Si1,1.136013074
Cl6Pt1Rb2,0.131516012
Ce1Pb3,0.108162337
Hf2O7Y2,0.8087793040000001
Cu2Ga1Sc1,0.44153961
Au1Bi1Ca1,0.365057221
Al2Os1,1.512804424
Fe1Sb2Zr6,0.76748981
Ca1In2O4,0.363041947
Mo1Si1Zr1,1.024091422
H3Ni1Yb1,0.70048565
Fe1P1Ta4,0.7388051259999999
Li1Pd2Sn1,0.095786344
Ba2Hg1,0.111329737
Cd1In2Se4,-0.179522677
Co1Ge1Ta1,1.21489416
B1Ir6Zr2,1.031828416
Al2Ni1Y1,0.825825822
Dy1In1Ir1,0.263356705
Pd1Sb1,0.23651207
Nb1O2,1.197812415
Al3Os2,1.2283310509999998
Fe1Rh2S4,0.315111398
Ga3U1,0.973919488
Se1Sr1,0.841082159
Cr1O4Tb1,0.7914253609999999
Ni1Si1Th1,0.4999371420000001
Co1S1Sb1,0.734056975
Ga1Nb1Ni2,0.8223982470000001
Er1Ga1Rh1,0.065239764
Pb3Th1,-0.470477252
Li23Sr6,-0.291285986
Co4Dy3Ge13,0.234102025
Rh3Th1,0.596103148
Cl3Mn1Tl1,0.110222593
N2Zn3,0.367348465
Nb1Pt2,1.060667628
P3Pd1,0.410549485
B1La1Rh3,0.709971729
C1Ru3Sc1,1.360117966
Cd1Ga2O4,0.477938407
Ir1Sn4,0.272073788
Cu2In1Lu1,0.577759417
Al2Hg1Se4,0.088444417
C1Pb1Y3,1.072911316
Au1Ge1Sc1,0.487508853
In1Pd2Th2,0.109132888
Dy1Ge2Rh2,0.833885613
Pd1Ti2,0.989424453
Bi1Cu1Yb1,0.327930805
K8Sb4Sn1,-0.475259954
Ni1Sn1Th1,0.7901288740000001
Al7Cu16Zr6,0.396246437
Co1Si3Th1,0.961986495
Ag1Br2Cs1,-0.567341718
Br6Cs2Te1,-0.61126133
La2O7Sn2,0.536746512
Ba1O6Te2,0.40853505
Au4In2K1,-0.506490367
Al2Te4Zn1,0.439530056
As1Dy1,1.161981571
Ba1Ca1Sn1,0.152364798
Rh3W1,0.971619529
B4Mn1,1.837060399
Cr2Ga1N1,1.407878468
O3Rb2Tb1,0.104476868
C1Ti2,1.07644382
Ga1Mn1,0.799207483
Bi1O2,0.703062561
Al1Si1Y1,1.036720694
Al1Cr1Cu2,0.558310085
Cd13Cs1,-0.762647313
Ga2Mg5,0.129783313
Ag2Sn2Sr1,0.035441746
Ni2Si1Zn3,0.23040549
Al1Se2Tl1,0.259615378
Ba1Co1O2,0.299284974
Mn1Sc2Se4,0.166305758
P2Pd2Sr1,0.632201094
In1Pt1Y1,0.223957766
B1Nb1Ni1,1.349355247
Ga1Li1Si1,0.92931826
Cd1Rh1Tb4,0.106979189
Ag1Pb1Y1,0.186122526
B1Co1Re1,0.8368309190000001
Ge1Nb1Pt1,0.395090394
La3Tl5,-0.215811508
B4Nb3,1.588440909
Ge1Mn1Nb1,0.922275884
La1Pd1Sb1,0.457695731
B3V2,1.595282329
Er1Sb1,0.991423236
Ge1Pd1Ti1,0.613375577
Ir2Sr1,0.575238664
Ru1Se2,0.712352495
In3U1,0.303634452
As3La4,0.336463737
P1Pt5Sn1,0.140746808
Cl1O4Rb1,0.564435247
Ir3Th7,0.130021608
Mg1Rh1,1.054356385
As1Na1,0.7472665009999999
B1Dy1Rh3,0.998303812
C1Ga1Sc3,1.299487686
In1Ir1Li2,0.315756293
Gd2O2Se1,0.95229977
Ge1Hf1Mn1,0.7655113459999999
Al16Rh7Sc6,0.520141465
Ho2O7Ru2,0.6405132379999999
Li1O4Ti2,1.049136585
Ca1Ge2Li1,0.315577834
N0.2V0.6Zn0.4,0.8394554209999999
Ba2Bi3,0.130044142
La1Pd1Tl1,-0.077686721
Ge1Zr1,0.8876909890000001
Ni4Sc1Sn1,0.207435079
C1In1Nb2,1.167721897
Ga2Hf6Ni1,0.853650157
Er2Ge2Mg1,0.713307378
F4Si1,1.368868654
Au1Sc1Si1,0.732386522
Hg1La1,0.321766151
Bi1O3Sc1,0.946012344
Au4Zr1,-0.177865933
Mo1Pt2Si3,0.776562449
Hg2K1,-1.063850836
Ni2Sn1Yb1,0.212014385
Br1O4Y3,0.428612579
Hf1Ni2Sb1,0.601960092
Ge1Pt1Ti1,0.8520137309999999
Ni2Ta1,1.0677030440000002
Ag1Sr1,-0.275677426
Li1Pd2Sn6,-0.271284321
Ba1N2Zr1,0.719084232
Ba1O3Ru1,0.427146785
Au4Ho1,-0.033483293
O6Rh2U1,0.582280456
Ga1Pt1Th1,0.315613532
Co1O4Rh2,0.554804015
In1Pt1Sc1,0.323056056
Bi1Cs3O3,-0.5274658729999999
H2Th1,0.241586322
As2Ba1Pd2,0.471631971
Bi1Ni1Y1,0.81502091
Au1Dy1Pb1,0.4207410620000001
Al1O4P1,0.78986263
B2Ir3Th1,1.110852228
Ge3Y5,0.650075254
Ga4Sr1,0.394668774
Pa1Rh3,0.917194513
C2Ni1Tb1,1.312524315
Ni2Si2Zr1,1.057099098
Al16Hf6Pt7,0.500140381
Pd3Ta1,0.8587747309999999
Ge6Ir7Yb4,0.537514353
B4Dy1Rh4,0.6820863840000001
In1Mg3,0.310459644
Al3B2Ru4,0.895899676
La1Ru4Sb12,0.324932381
S3Sn1Sr1,0.147453711
P2S6Th1,0.365540397
Cs1H3Mg1,0.266172877
K1O6Os2,0.88295691
Ag2In1Sc1,-0.029218117
K10Pb48,-0.867753122
Os1Si1,1.351682309
Dy1Rh5,0.781027591
B6Ru1Y2,1.084118508
B1Rh3Y1,0.99454634
Al3C4Hf2,1.156706608
C1Sn1Ti2,1.094160058
Er1Pd1,0.646723202
O4P1Sc1,1.105152383
Bi2Mg1O6,0.41073844
Al2O3,1.1376104340000002
Ni1Sc1,1.019153692
Na1Pt2,0.576785785
As1In1Pt5,0.4427853920000001
Dy1Ir1Si1,0.6986015659999999
B1Ce1Rh3,0.725869997
Hf2Zn1,1.132416597
C1Dy3Pb1,0.8602223790000001
B6Yb1,1.175876954
Pd2Si1Y1,0.301513964
Ge3Tb5,0.543644711
Ba1P2Rh2,0.885382708
Na1O4Pd3,0.258040736
K1Sb1Sn1,0.178335098
Re1Si1Zr1,1.1552145390000002
Ge2Hf1,0.8633341640000001
Cd1Ni4Y1,0.435167243
Pt1Sn2,0.151780351
Al3C3Dy1,1.208089156
Li1Si2Y2,0.7745308340000001
Pt5Se4,0.126157393
Ag1Li2Sb1,0.201844845
Nb1O3Sr1,1.0593892109999998
Ho1Sn2,0.4956345170000001
Al1Lu3N1,1.026255358
Dy1In1Pt2,0.244549243
Pa3Sb4,0.27845635
N1P1V3,1.128670618
Lu2Mn1S4,0.32811038
In1Pd1Sr1,-0.094834169
Ge1Rh1Y1,0.551452438
Al1Fe2V1,1.497503257
Fe2Ge1Ti1,1.368292465
In3Th1,0.300086553
Al1C1Ti3,1.331125514
Cd1O1,0.221197689
Dy1Tl1Zn1,0.482025596
B28,1.579239245
Ca5Sb3,0.310227975
Ca1Li1Si2,0.5911191689999999
Cd1S4Sc2,0.313894626
Cu1Ir2S4,0.363553694
Ga1Pt1,0.364096765
Dy1Ga1Pd1,-0.148415747
Pb13Rh4Sr3,-0.487639845
O1Pt1,0.517165536
Ni16Si7Ti6,0.5801160470000001
O3Pb1Tc1,0.469705698
Al8Er1Mn4,0.908212025
Dy1Ru2Si2,1.10980795
Dy1P1,1.306225528
Mg2Rh1,1.021772103
C1Rh3Tb1,0.8768947429999999
Mo3N1Ni2,0.7976677109999999
Au1Ca1Cd1,-0.256873744
In3Y1,0.43328328
Cu9Ga4,-0.181905471
La1Tl3,0.083140557
O3Sc2,0.627031813
Ca4Cl6O1,-0.030854907
Dy3Ge13Ru4,0.130597482
Bi1K3Te3,-0.481861295
Ge1Ho1Rh1,0.478891013
Dy1Pt1Sn1,0.463966111
As2Si1,0.417890009
Li10Pb3,-0.385637548
Cs3I9Sb2,-0.404993462
Ca2O7Ta2,0.918850421
Pd2Si1Tb1,0.264957058
Al0.4C0.2Mo0.6,0.51808338
Bi1In1,0.223968138
Se3Tb2,0.30405731
B6Re1Y2,1.084969288
Cd2Pd1Sr1,-0.038353985
F6Li1V2,0.411858671
Al2Ba1Ge2,0.211323485
Cu1Sc1,1.056554227
Al1Hf1Pd2,-0.14600263
Br4Si1,0.103081577
As1Na3Se3,-0.185956944
As1Pt1Sr1,0.300636781
Ge6Os7Sc4,0.644995626
Se1Th1,0.986669641
As1Hf1,0.7508661740000001
Er2Pb1Pd2,0.117347539
Cl1Rb1,-0.020482127
Cu2Sb1,0.275299835
H5K3Zn1,0.015124938
Ga2Ho1,0.941211696
Al2Li1Pt1,0.895230773
Ge3Ru2Tb3,0.531735586
B1Sn3Zr5,0.7519515859999999
Cl6Rb2Se1,0.089237268
As2Zn3,0.104166052
Au1H3Ti3,0.5896223620000001
Na2O1,0.6910496490000001
Al1C3Ta4,1.030838458
Ga2Se4Sr1,0.257601787
F6Na1P1,0.660060624
K2O3Pb2,0.210240913
Cl2H12Sr7,0.170733901
O2Pb1,0.295712207
Ce2Pd21Si6,-0.0858690169999999
B1Rh3Tb1,0.988670414
B2Co3Y1,1.757698866
Rh1Sn1Th1,0.500628865
Al18Mg3Mn2,-0.074404317
H1Rh1,1.003662983
Cr2Hg1O4,0.400443004
Bi1Pd1Y1,0.646460583
Ba1O3Th1,0.914478555
Ho1Te1,0.561778546
Co2Fe1In1,0.96242427
O2Te1,0.7098455290000001
Hf1Pt1Si1,0.791228044
Cl1Cs1O4,0.051700353
Au3Rb2,-0.31283325
Rh1Y1,0.922033252
Ge13Rh4Tb3,0.230773244
B1Rh3Sc1,1.082124453
Co1Se2,0.558510574
Co1O6Sb2,0.8314768770000001
Pd2Sc1Sn1,0.466419755
Ag2In1Mg1,-0.03080735
Cu1P1Sr1,0.745992401
Dy1Rh1Zn1,0.11328473
Pt1Tl2,-0.440038344
Cu2Se1,-0.177850235
Er2O7Ti2,0.818557098
In2Te4Zn1,0.221435104
B12Th1,1.488679012
Al4Ba1,0.6978524309999999
In1Ir1Tb4,0.245246087
In1La3N1,0.818605241
Sb1Ti3,0.495830073
Be5Co1,1.486308604
F4Pb1Pd1,-0.032393997
In2Pt1,0.131159751
Ho3Ru1,0.301706967
H2Hf2Pd1,0.38691077
Be22Tc1,1.093491727
Al1Ti1,1.302491107
In1Mg1Y1,0.633991314
As1Pd5Sb1,-0.6961993759999999
Os2Sc1,0.308980369
C1Ga1Ti2,1.3078040000000002
Er1In3,0.401583182
Cd1Hf2,0.761573045
Ir7Sc4Si6,0.837049655
Sn3Yb1,0.3903008570000001
Fe2S6Ta9,0.652142833
As3Yb4,0.040922603
As7Re3,0.531496799
Mo1P1Rh1,0.8601828309999999
Os3Zr1,1.027186462
F4Sn1,1.056355922
Ge1Mn1Pd1,0.261721907
Cl6Cs2Zr1,0.185023411
Cu3Sb4Y3,0.379802088
Sc1,1.259314292
Cd1Na1Sb1,-0.213590045
B1Pt2Y1,0.44285589
Hg1Pt1,0.34989113
N1Sb1Sr3,0.7639862270000001
Al2I1La2,0.536831054
Se4Y2Zn1,0.239517198
La1Pt2,0.480012695
Ga12Pd1Tb4,0.366559295
Cu1Er1,0.7975998879999999
Nb3Se4,0.580596566
Al2Se4Zn1,0.384353414
Ag1Zn1,0.027728685
C1Hf2In1,1.106428895
Ga1Hf1Ni1,0.7411941590000001
Be1H3Na1,1.031727503
Mg6Mn1O8,0.996543192
Ir2Pr1,0.5665942110000001
Ca1N2O6,0.812563107
Hf1Sb1,0.6382086220000001
La1Os4P12,0.831505684
Bi1Li1Mg1,0.576664935
Pt2Si2Y1,0.439062558
As4Sn3,0.427745699
La1Rh2Si2,1.079174008
Cu1In1O2,0.40182601
Fe1Ga12Tb4,0.292962333
P2Zn3,0.475923848
Cd1Pt1,0.6725494740000001
Si136,0.406729185
Al2Hf1,0.926365602
In1Pd1Th1,0.213446033
Ir1P1Sr1,0.300651995
Au4Ti1,0.017409009
Al1C1Gd3,0.992790261
Bi1Rb3Se3,-0.436724244
Au1Ba1P1,0.407305907
P1Sn3Zr5,0.6880476640000001
Ba2F6Pd1,-0.12126915
Ge2Tb1,0.373116221
Cu1O2Sc1,0.676047631
Al3B6Ni20,0.1649028119999999
Ag2Hg1I4,-0.489792906
Ho1Pd1Sb1,-0.167399129
Cd1Ru1Y4,0.202412023
Bi1Dy1Pt1,0.6386659339999999
Ba1O1,0.512496286
P2Rh3,0.7916724070000001
Ga1,0.827794957
Pd1Sn3Sr1,-0.123074121
As1Hg1Pd5,0.133229044
Ca3Ir4Si4,0.5335076910000001
La10O3Si8,0.507384906
Ge2Hf3,0.8973367320000001
Ge1P1,1.128366954
Bi2Ir2O7,0.5176273379999999
Mn1Pd2Sb1,0.278568415
Nb1Ru1,0.468344376
Au1Er1Ni4,0.584110628
As1Ca2,0.779214693
B6Ni21U2,0.20999194
O2Ta1,1.151357591
C1Pu1Rh3,-0.263877708
N1Sc1,1.846332163
As2Sc3,0.546637655
Mg2O4Sn1,0.666568521
Lu1Pt1Sb1,0.7526706190000001
Be13La1,1.086057143
C1Ru3V1,1.36015587
Er1Pt1Sb1,0.762425714
La1Sn1,0.5963067360000001
As2Th1,0.559651716
Pd3Pu1,0.364757307
O4Pt3,0.271446614
Cu1Mg1Y1,0.245784017
Nb1Rh1Si1,0.973039138
Ag3I1S1,-0.473797754
Bi1Dy1Pd1,0.607924451
In2Pt3,0.174202319
Sb1Ta3,0.7693854509999999
Ga1Mn1Ti2,0.396441717
C1Ce1,1.45936836
Cs3Ni1O2,-0.311381765
Li2Pt1,0.504742636
Li3Sb1,0.652581847
In4Pd1Sr1,-0.0683087709999999
As2Ir2La1,0.545152426
Cl1F1Yb1,0.335744661
Li1Pt1,0.753459723
La1Ni1,0.373073913
Pd2Si2Tb1,0.745391805
Ag1Ga1Te2,-0.066290054
Dy1Rh2,0.687948784
Sr1Te1,0.695563975
Bi3Tb5,0.12756154
Dy1Li1O2,0.611791261
Er4Ge6Rh7,0.571640131
K1Na1S1,0.050557614
Yb3Zn11,-0.068070967
C1Ni3Zn1,0.475289015
Br1Cu1,0.029416247
Al3La1Pd2,0.7186536240000001
Ca1Sn1Zn1,0.53551058
Ca1Ir2,0.729491198
Ge1O6Se2,0.522830102
B1N1,1.900348008
Ca1Ge1Zn1,0.719434047
Ce1Ir2,0.821859909
Au1Dy1In1,0.258448106
Dy1Re2,0.293019846
O1Pd2,-0.541900254
Pd1Si1Sr1,0.079568319
La1Pt3,0.4073569070000001
Bi1Sc1,0.81109353
Nd1P1,1.191372756
Hg1Li1,0.0758570609999999
Ni2O4Si1,0.913755589
Ho2O7Sn2,0.629184238
Ba1Cd2,-0.419291656
O2Si1,1.397251541
N1Tl1,0.41104026
Hf1Rh1Sn1,0.454363059
Er1Ir2,0.860135488
Dy3Pt1,-0.103399386
N4Ta2,1.072735036
Al1Pd1Th1,0.225177422
Au1Hf1,0.719586484
Ce1Pd1Sb2,0.441627591
C1Ni2Ta4,0.665440268
Nb5O9Sr2,0.912063619
Mn1S1,1.10168866
P1Sr1,0.424208449
Al2Hf6Pt1,0.84809732
Pd2Si2U1,0.660992524
O4S1Zn1,0.379628172
As1Ho1,1.16664913
Er1Pt3,0.67424737
Bi1Rb3,-0.522331879
Al2Co1O4,0.966564084
Pt1Zr2,-0.047974665
Ga1Mg1Y1,0.7659805690000001
Al7Th2,0.52990238
Bi1Li1,0.061079097
Hf1Ir1Si1,0.905563295
Co1La1Si3,1.0340988000000002
N1Nb1,1.898637436
C1Hf1,0.8403463959999999
P1W3,0.724415968
Ga3Hf5,0.626257197
Co2Sn1Zr1,0.965949662
Ca1F2,0.511585266
Bi1Fe1O3,1.097583516
Nb3Te4,0.60896866
Ca1Si3,0.69048138
Ge1Mn1,-0.003403841
Ho1Ru2Si2,1.101176344
B4Ir3Zr1,0.837955035
O4Si1Zn2,0.708702972
P2Si1,0.8909600590000001
Pd3Tb1,0.667578086
Ho1Pt1Sb1,0.7621321640000001
Er1Pd2Si2,0.722577987
Li1Nb1O2,1.250417562
Ga2Hg1Te4,0.232932612
Ge3Ta5,0.796009939
B8Nb7Ru6,1.075576157
Ba2O4Zr1,0.809920467
Hf1Ni2Sn1,0.711921901
Gd2O7Zr2,0.567493364
Cd1Ho2S4,0.200530402
Ge1,0.721899608
Gd1Hg1,0.496717982
Ir3Ta1,1.419212023
Pd3Y1,0.719213581
Ga2Zr3,0.850491234
Ir2U1,0.8600228040000001
Cu4In1Tb1,0.50474807
Ba3O1Pb1,0.391552567
Cu1Ga1S2,0.43585551
Gd1O1,1.026108159
Cl3Cs1Pb1,-0.1432137309999999
B6Os1Y2,1.07086501
Al2Se4Sr1,0.396394648
Cd1O3V1,0.647320365
Si3Sr5,0.299664166
Dy1O4V1,0.740903247
Ba1Cl2,0.202169427
Ag1As1Ca1,0.406172152
Rh3Zr1,1.157837402
Au1Cd1,-0.217606932
Ag1Cl1,-0.282139847
C1Ga1Y3,1.165677514
B1La1Pt2,0.258086284
B7Mn1Y3,1.1752914209999998
Cl6K2Tc1,0.216930854
Cd1Yb1,0.375312379
Be1O1,1.726144228
O1Pb1Yb3,0.589274749
Ag1K1O1,-0.160486758
Hf1Os1Si1,1.01802607
Ag8Ca19N7,-0.039926596
B6Ni20Sc3,0.43792488
Ca1In1,0.573263916
Cr2Mn1O4,0.6610029510000001
Ca1Mn1O3,0.487276988
Ca1Ir1Si3,0.7549947090000001
In1Mn1Pd2,0.324496462
Ir1Te2,0.409439403
Ir1Pb1,0.49604633
Re1Ti2,1.287183428
Cu1Sb1Se2,0.144969407
Ru5Si3,0.862769824
As1Ni1,0.6595558810000001
Pb3Yb1,0.436445721
Be1Co1,1.550712535
Ba1Pd1Sn3,0.146326525
Bi1Y1,0.8144234090000001
Ag1Al1Te2,-0.025049169
H1Si3Y5,0.711653723
Ba3Bi1N1,-0.029813573
Mg1Ni2Sb1,0.5611431410000001
Be1Rh1,1.312272586
Ag1Co1O2,0.470520741
Hg2Y1,0.333560116
Cs2H4Mg1,0.178415741
N1Tc3,1.458098233
Ca1Pt1Si1,0.120633149
Bi2O2Se1,0.545680622
Te1U1,0.949698295
Li2Pd1,0.3374732379999999
P4Ru1,1.032538179
B1S3Tb1,0.475291923
C8Cs1,1.449668121
Al2Mg1,0.076298115
Au1Th1,0.197264013
Cu3Se2,-0.131700078
Li2O5Si2,1.003314019
Ag1Mn3N1,1.210473693
Au1Sb2,-0.215708015
Al1Ho3N1,1.036768582
Si1Sn3Zr5,0.7060491879999999
Ge1Ho1Ir1,0.5740521129999999
Rh2Y1,0.729566488
Cl4Pd1Tl2,-0.179564702
Mn1S4Sc2,0.411230687
Mg1O3Si1,1.110744547
K3Sb1Se3,-0.34691876
Cd1Pd1,0.5201624420000001
Ag1Cu4Nd1,-0.054650591
Ho1Pt2Si1,0.300254087
Al18Mg3Ta2,0.302473794
Ag1Ge1Tb1,0.018450832
F6V1Zr1,0.608317394
Fe1Te2Zr6,0.829795695
Mg2Pt1,0.6529982089999999
Ag1,0.120231625
C1Pa1,1.489521154
Pd2Si2Th1,0.83630259
Ga1Hf1Ni2,-0.143815073
Co1Ta1,1.386270611
F4K2Zn1,0.356517269
Bi2O3,-0.129789873
Pb1Pd3,0.368619685
Cu4Hf3Si2,0.772464736
Cu1La1Pb1,0.492281144
Ga1Ni3,0.403551169
Au2Ho1Si2,0.46243843
Na1Nb1Se2,0.745394146
Hf1O3Sr1,1.003822293
Au3Sr7,-0.5057605039999999
Au2Dy1,0.418877758
Au1Bi1Li2,-0.287187048
Pt3Sc1,0.78785987
Al3Er1,1.03110132
B1C7,2.095545926
As1Zn1,0.27457808
Li1O3Sb1,0.636461818
Cu6O10Sr4,0.5606394020000001
H2Ho1,1.007803234
Co2Sc1Sn1,0.649281299
B6K1,1.509379969
Hf1Ni2,0.781041972
Dy1Hg1,0.379789409
N1Tc1,1.292705644
C1Fe6W6,0.5144760279999999
Ba1Cu3O4,0.55287011
Gd1O4V1,0.73053519
Al1Mn1Rh2,1.038957771
Cu7Hf6Zn16,0.093246531
Al18Mg3W2,0.377939742
Ga1Zr2,0.913655995
As1Th1,0.800059642
Cd2O7Sb2,0.470444304
B2Be1C2,1.500820814
Ti1Y1,0.882612185
Ru9Sb8Zn7,0.370895959
Re1Si1,0.784266292
Ho1In1Pt4,0.445958966
S2Ti1,0.623407469
Lu1Pt3,0.626432761
Ag2Ba1Te2,-0.436951051
Cr1S1,0.77537376
Ba1O3Pb1,0.6994578770000001
Ni3Sb1,0.326812913
Dy4In1Rh1,0.203590363
Hf1Pd3,0.462389012
Ru1Si2,0.7916190790000001
Hf5Si3,0.817684999
Al1Au2Hf1,0.112259707
Cd1O3Sn1,0.3760712020000001
Pd3S4Y1,0.005300656
Cl8Li6V1,0.133851743
As2Ca2Cd1,0.44521955
Hg1S1,0.245152251
Bi1Ho1Pt1,0.631965015
Dy2In1,0.453668387
Co1Nb1P1,0.587424708
Cu1Dy2Ge6,0.585240706
Hg1Sn1Yb1,0.02933101
Al1N1Zr2,1.153272038
Yb1Zn1,0.493583511
Al1Dy1Zn1,0.84352491
Au1Sb1Yb1,0.238753452
O2Os1,1.009089542
Pb1V3,0.31303156
Cd1Cs1F3,0.212738782
Dy1In1Zn1,0.6036130710000001
Co1K1O2,0.532839701
Ho1P2Ru2,1.169924126
N2Ta1,1.304113372
Pt1Zn1,0.901712721
Ce1Se1,0.777130908
Au1Ge1Ho1,0.448474428
Ge6Ho4Ir7,0.6718963720000001
Ba1Ca1Ge1,0.147722688
Co1Dy1Sn1,0.489556325
Ga1Li1S2,0.273832006
As1Tl1,0.311209063
Hf2Ni2Sn1,0.466837975
Cu1Er1Sn1,0.6461929
Au1Dy1Ge1,0.494331338
Er1S2,0.77215955
Sb4Ta5,0.458622743
Ge7Hf6Ni16,0.347971711
Ca1Pt1Sn1,0.020734085
Co1Zr1,1.194128439
Dy3Ga1O6,0.54550133
Ru2Sb2Sr1,0.7857589340000001
Ge4Y3,0.584709936
C1Ir1,1.165211671
Au1Er1,0.57473599
Ag1O2Y1,0.359509165
Er1In1Pt4,0.44590297
Ca1Ga2P2,0.681542425
Bi1Er1Pt1,0.630395327
Cd1P2Sn1,0.325252873
Er3Pd8Sb4,-0.257634705
Ge2La1Ni1,0.609687234
Ga1Pd1,0.272829837
Er1Ge2Rh2,0.802836642
Ca1Pd1Sn2,0.110872415
Cu1Rh2Se4,-0.020803209
O1V1,1.3926354090000002
Er3Os1,0.336393684
S2Ta3,0.777759485
Ir4La3Sn13,0.014789265
K8Sn46,-0.8334692429999999
Os1S2,0.950166163
Pd3Yb1,0.072058634
Mg1Y1Zn1,0.436006718
Cu1Ge1Hf1,0.576158148
Cr3Si1,0.919274788
Hg1Pb1Sr1,0.014642326
Ru3Sn7,0.028672901
La5Si3,0.369514564
B2Mo2Nb1,1.329363297
B2V1,1.971283736
La3Sn7,0.171390001
Mn1V1,1.6486019769999998
B1Mg8Rh4,0.161451858
Mg1P1Pt5,0.471136159
C2Co1Sc1,1.22354526
Er1Si2,0.427057446
Mn1Se3Th1,0.409419101
C1Ti2Tl1,1.061154553
As2Ca1Ru2,0.945691092
Bi1Er5Pt2,-0.027250702
Ba1In2,0.216801698
Al2Cd1O4,0.727094534
Hg1Ti3,0.983483303
In2Li1Rh1,0.405672428
Al3Hf5N1,0.605604531
Al4Co1La1,0.803694001
Ca1F3Rb1,0.426503128
C1Y1,1.297162808
Os3Sn7,-0.089108378
O4Pd2Y1,0.5575757689999999
Cd1Cl3Cs1,0.045268199
Au1Dy2,-0.000481465
B2Ru1,1.495000088
C1Dy3Sn1,0.951371037
Pt1Sn1,0.323567648
Bi1Ir1S1,0.544261572
Tb1Te1,0.606366315
Ag2Na1,-0.191450774
Cu1Mg1P1,0.529874176
Dy1Sn3,-0.005996691
Cd1Er1Ni4,0.4925885920000001
Dy1Te1,0.5901192670000001
Ho1P1,1.316815034
Be3P2,1.218049475
Ga1Ir1Y1,0.12125445
B2C2Mg1,1.056401693
Ru1Tb3,0.224452774
Dy3Ru1,0.273577633
In1Rh1Tb1,0.218737639
B1Li3N2,1.082264623
Au1C2Li1,0.818642168
Ca2O4Sn1,0.654449936
Fe1Nb1P1,1.108517668
Pt1Ti3,0.798661002
Cs1,-0.68576821
Au1Cu4Tb1,-0.271018366
Pb1Pt3,0.218343785
K3Sb1,-0.195135077
C1Ni2W4,0.732867204
Ag1Hf1,0.608951562
C2Gd1Mo1,0.901949554
As2Cd1Si1,0.381133138
Li1P1Zn1,1.0545173
Tb3Tl5,-0.297653918
Ag1Sn1Tb1,0.483741305
Ca1Rh2,0.551083865
Ag1Mg1Sb1,0.076225245
Ni1O6Sb2,0.6659054179999999
K1Nb1Se2,0.704547723
Cl4K2Mg1,0.1316282869999999
Ag1F1,-0.391983438
P1Sb1Zr2,0.926128334
Lu2Mg1S4,0.415394076
Ca1O3Pt1,0.747111816
S3Th2,0.372368795
Br3Ca1In1,-0.284712998
In1N1Sc3,1.181154456
S4Sc2Zn1,0.536650594
Ni1Pt1,1.056558039
Al1Li2Rh1,0.684526702
B3C1Nb3,1.333161009
Ge2Rh2Tb1,0.8456913770000001
Ba1Pt1Sb1,0.357633784
Cr1F3K1,0.267511988
Au2Sn1U1,-0.193599542
Li1Si1Y1,0.8726660509999999
Dy1Rh2Si2,1.086014394
Ga3Sc1,0.5667838470000001
Ge1Mn1Ni1,0.62414281
Ag1Ho1Sn1,0.4570564070000001
H2Zr1,0.547941993
N2S1Th2,0.964277077
Ga3Os1Tb1,0.458651444
Sb1Y1,1.023639242
Au1Ge1Y1,0.5391790120000001
P1Sc1,1.470617738
Pt2Yb1,0.485446002
Au4Li15,-0.5278391029999999
Br1Rb1,-0.103572998
Er4Ge6Ir7,0.671039478
F10K1Tb3,0.243682807
H1Pd1,0.49698082
B6Ho1,1.049946406
Cd1Pt2Zn1,0.566846255
Mo1Zn7,0.462766243
Se3Th2,0.220691116
N2Ni1O6,0.222864678
F3Mn1Rb1,0.4406320520000001
C2Cs2Pt1,0.387204678
Ge6Ir7Tb4,0.662010391
Br3Cs1Dy1,-0.499472629
F3Na1Zn1,0.22086091
Mn1O1,1.124448793
B2Mg1,1.748307442
As1K1Zn1,0.547039597
Cl6Rb2Ti1,0.070248495
C1Cr3Nb3,0.863359744
Os3Th7,0.123763467
B1C1Mo2,1.407920913
Be1Cl2,0.6047497
Dy1Pt3,0.635789254
P2Ru2Sr1,1.0834416999999998
S1Th1,0.641053494
F6Ge1Rb2,0.028420769
As1Cd1Pd5,0.21718905
Hf1Si1V1,1.030984062
Ca1In4Pd1,-0.080265207
Ca1S3Zr1,0.532562024
Mn1Pt1Sb1,0.49725732
Ag1C2Li1,0.749798905
Al1Ti3,1.057772573
Ge6Ir7Y4,0.69156505
Be13Mg1,1.126936233
In1Pd2Sc1,0.569220533
La4Rh3,0.08942465
Tl3Y1,-0.24203566
Be1Te1,1.000611924
F6S1,0.530408468
Er1Mg1Pd1,-0.000798533
O2Sr1,0.996440305
Ir2La1,0.733074425
La7Pt3,-0.107769006
Ru1V1,1.012617914
Be13Sb1,0.88743837
Fe1Ga12Ho4,0.295012608
Bi1Dy2O2,0.7793980559999999
Dy2Mg1Si2,0.840656145
B4V3,1.695921877
Na3Sb1,0.033472008
Mo3Sb7,0.336513767
As2Ba2Cd1,0.169897695
Ni1Sb1Zr1,0.5332317129999999
Cu2Li1P2,0.514976523
Rh1Si1,0.8030868520000001
H3Pd1Ti2,0.487955269
Cd1O2,0.333477503
Cu1Nb3Te4,0.296263611
Cu2In1Y1,0.529771598
In2Ir1Li1,0.481356621
Ba2N2Zn1,0.465845159
Rh1Sn1Tb1,0.340120752
Ge3Ir1Sr1,0.611773212
Ga2O4Zn1,0.7832237479999999
C2Ir1,0.912682154
Cd1Dy1Ni4,0.425555413
In1Th2,0.367350329
Al1Er3N1,1.044120158
Sn4Th5,0.30112553
Mg1P1Pd5,0.436943039
B6Pu1,1.315138726
Er5S7,0.5418000789999999
Cr1O4P1,1.2060023640000002
Nb1Pt1,0.983899946
Pt1Y3,0.013376595
C2N2Zn1,0.178222749
F6Mn1Rb2,0.198156535
Ir1Ti3,0.267957442
Al2Mn1S4,0.497610983
N1Ni2W3,0.7672790840000001
K1Zn13,0.095894314
Rh1S2,0.289319107
Pr1Te1,0.560298868
Ga1P1Pt5,0.476702683
C1Rh3Sc1,0.994522151
O6Os2Rb1,0.981347375
As1Mg1Pt5,0.5115571839999999
Dy1H2,0.997643215
Ba1P2Ru2,0.977735034
Au1Ca1P1,0.490412214
Ag1Yb1,-0.117474893
Pt1Sc1Sn1,0.300871449
Ir1La4Mg1,0.026639476
Ba1Mg2Si2,0.8382872920000001
B4Re1Th1,1.228477354
In1Li1Se2,0.158317251
N1Re3,1.4523324130000002
Au2Dy1Si2,0.491811166
Al1Li1Te2,0.185068791
Cl1O1Y1,0.747019289
Ge3La4,0.421203994
La1Sb1,0.900497124
Ba1Be2N2,0.922637241
Nd1Pt3,0.509449852
Hf1Ru1Sb1,0.8091434000000001
K1O3Ta1,1.284604417
Sb3Yb5,0.1264269
B12H12Tl2,0.276792569
Al1Au1Y1,0.396239461
C2U1W1,0.339604461
Ga3Ni5,0.517061233
Os2Si2Th1,1.206504757
Rb3Sb1Se3,-0.517555208
Ce1O7P2,0.289348106
La2O7Zr2,0.7284893259999999
Cl6Cs2Pb1,-0.805360799
P2Pt5,0.267842606
Pd1Sc1Zn1,0.530427675
Cd11Na2,-0.7745123840000001
Pd1Se2,0.33556621
Cu4In1Sc1,0.6042066070000001
As1Sc1,1.263046353
Rh1Si1Ta1,0.916684984
Hf1S2,1.217057337
Cs2I6Sn1,-0.983656233
Hf1Si2,1.142595926
Nb4O5,0.940419355
Os1V1,1.309606749
P1Rh1Se1,0.7695715329999999
Mo1Se2,1.040811922
Nb1Ru3,1.210497766
I1K1O3,0.6970322090000001
F6Pb1Zr1,0.070931409
Rb2Se1,-0.013649781
Ga1Tb1,0.815559818
Nb3Os1,0.958081544
Fe1Te1,0.844464749
Pd1Zn1,0.7950091659999999
Cd2Tb1,0.5343358429999999
Cd1P1Pt5,0.375623383
Cr1Ge1Nb1,0.860411681
Cr1Ho1O4,0.7600906040000001
Hf1Ni2Si2,0.969621361
K2Te1,-0.049969272
Er1P2Ru2,1.16396896
Co5Y1,0.604889951
Pu1Se1,0.7371894609999999
Cr1La1O3,1.229896761
Th2Zn1,0.252272775
Ge1Pd1Sc1,0.55952241
Er1Rh2,0.709573522
Ba1Pd1Si3,0.740748645
Au1Li2Sn1,0.050963322
Na1S1,0.311611898
Ca3N3V1,0.83028064
Bi2O7Sn2,0.411343555
B12Y1,1.62646766
Au1Tb2,-0.013251996
Al0.4C0.2Nb0.6,0.9325108
Cd1Sc2Se4,0.116116062
Pd4S1,0.0864808469999999
In2S6Zn3,0.289029003
Ge1N2Sr2,0.395775311
Au2Hf1In1,0.162612194
Cd2Ho1,0.538253173
Cu3Te4V1,0.397521147
Mg1Sr1,0.626328047
Rh1Th1,0.448751138
Ru1Si1Ti1,0.943362922
In1P1Pt5,0.426916089
Li21Si5,-0.137288557
Pt3Y1,0.664631635
In3Ru1,0.295907805
Au3Na1Si1,-0.51218454
Er1Ni1P1,0.666184644
H1N1Sr1,0.536981169
Al2S4Sr1,0.584203405
Ba1Na1P1,0.308880149
Sb4Th3,0.39572817
Cd1Se4Yb2,-0.535075482
Co1V3,1.0851728
Cr1Ni1Sb1,0.450025743
Cd1Se4Y2,0.069531202
As4O6,1.002714525
Hf5Sb3Zn1,0.496085134
Al3Ni1,0.666959538
O3Sr1Ti1,1.085825534
Hf1Pd1Si1,0.776293569
Br9Rb3Sb2,-0.296697442
Cd1Er2Se4,0.024658038
F2Hg2,0.125103737
Mo3Pt1,0.727020442
Ge2Pd2Th1,0.594329557
Al1F5K2,0.505231401
F2Ni1,0.634257548
Al1Mg3Pt2,0.209482843
Al3Ta1,1.320733952
Al1F3,1.236882242
Be13Th1,1.048045397
In3Pr1,0.586213606
Ca1In2,0.336875817
Mn1Rh1Sb1,0.558708571
As4Ge3,0.566363237
B1Ir3Sc1,1.076454746
Li2S1,0.997001728
Cl4Mg1Na2,-0.039134589
La1Si1,0.7985974770000001
Cd1Dy2Ge2,0.537358121
B4Ta3,1.4672187680000002
Na2Pd1Se2,-0.024148806
Rh1Sn1,0.415248871
B2Ti1,2.042386476
Au1Ti1,0.6360122189999999
As1K1Mg1,0.497305689
As1Au1Ca1,0.370400199
As1Fe1Nb1,0.539216657
Ba1O3Pu1,0.846441033
B1C2Sc2,1.3567618119999998
Si2Th1,0.467098787
Ba1Ir2P2,0.910527291
Al3C3Tb1,1.200604292
Ir3Si1,0.876243828
Ga2Ta3,0.953701234
Dy1Mg3,0.710587808
Ag1I1,-0.716922762
Hg1K1Sb1,-0.066366959
Hg1P1Pd5,0.122091308
Al1Pt1Zr1,0.495580412
Ca1Li1N1,0.63067089
Co3Fe1,1.058160203
Be2Hf1,1.469456761
Al3C3Gd1,1.191970516
Mn3N1Pd1,0.61659418
As1Rh2,0.256898063
Cu1S2,0.3413494379999999
F1K1,0.241780498
Er2Mg1,0.643884782
Al3Hf1,1.256703317
Pt3V1,0.835549165
P7Ru12Sc2,0.6816002870000001
Ni1Sb1Y1,0.990552841
Si1,0.973163427
As1In1,0.056294887
Ge2Ru2Tb1,0.874665006
Cl6Cs2Pt1,-0.03038283
Dy1Rh1Sn1,0.353841247
Cl4Hg3O1,-0.5050971710000001
Dy4Ge6Ir7,0.66940057
Cu2Er1In1,0.535494128
C2Pu1W1,0.928559706
La2O2S1,0.899505333
B2C2Dy1,1.324484119
Be1Li1Sb1,0.8394221070000001
Pd1Sb1Yb1,0.158703159
Cu3N1Pd0.25,0.057278032
Co1Sb3,0.415702684
Cd1O2Rb2,-0.307330182
Cu1K1Se1,0.285426776
La2O7Ti2,0.7454815570000001
Hf1Os1,1.476039964
K5Sb4,-0.112911263
Ga1O3Pr1,0.7506749840000001
Pb1S1,0.486669877
Be1Mo3,1.101960046
Ho1Tl3,-0.340774278
Co1Hf1,1.366902751
Ca5P8,0.712141886
Hf1Pt1,0.732942715
Al1Pt1Ti1,0.66411618
As2Mg3,0.522575936
La1Pb3,0.103259657
Al3Sc1,1.134578692
Cd1Dy4Rh1,0.109338893
La1P1,1.226731334
As1Bi1O4,0.406330647
N1Zr1,1.70704871
As1Sr1,0.290686677
H2Sc1,1.282896151
Er1Pt2Si2,0.369814919
B2Li2Rh3,0.762249308
O2Zr1,0.947246435
Au3Ho3Sb4,0.096691073
Ru1Sb1Zr1,0.8292728890000001
O1Zr3,0.888543407
Cl1K1,0.092436401
Mg1Tl1,-0.623092886
As1Ba1Cu1,0.4857469720000001
Sb1Sn1,0.247691006
Ce1Ga1Ni1,0.389233439
Cu2Ge2La1,0.7197131990000001
Ni3S4,0.333964895
B1H4Na1,0.495258414
Mg1O6Ta2,0.951597823
Cu1Mg1Sn1,0.333332388
La3Sn4,0.275304443
Al2Au1,0.474463945
Ba3S5Ti1,0.279869902
Hf1Ni1Si1,0.90149156
K8Si46,0.134671068
Cr1P1,0.703842282
B4Os3Sc1,1.099849769
B1Ho1Rh3,0.991331534
Ba3P4,0.249156761
Rh1Sn1Y1,0.415530891
Au3Sb4Tb3,0.095531984
Ru1Si3Th1,0.927197843
Al1Au1Dy1,0.294556603
Ag1Pt3,0.347632452
Co1P3,0.948168362
Ca2Pb1,0.041135981
Cr1,0.47823596
Hf1Mo2,0.898117732
Hg1Sn1Sr1,0.136875871
Be1N2Si1,1.619731775
Pa1Pt5,0.695068199
Au2Ho1In1,-0.014547029
B12Dy1,1.579140823
Cu4Mg1Y1,0.517981932
Au2Bi1Tb5,-0.073901527
Cu1Sn1Tb1,0.6581583639999999
O1Zn1,1.065654394
La1Pd1Sn1,0.153345268
Ge1Mg1N2,0.829917142
Pb1Pu3,0.327836906
Os2Si2Y1,1.129064419
In3Zr1,0.736574965
Pd1Ta1,0.930810014
In1Lu2Pd2,0.293581304
Ag1Dy1Te2,0.248267604
Ni12P7Sc2,0.450444651
Mg6Ni16Si7,0.526719119
Al2Cd1Te4,0.360460871
Al3C4Zr2,1.212118325
Ge2Pt1,0.529162046
Ge1Li2Zn1,0.665083566
La2Sb1,0.548157159
Al1Ba1Ge1,0.6786503770000001
Al1Pt1Th1,0.383601755
Hf1O2,1.338205407
Fe1H6Sr2,0.644780179
Cu1Si1Y1,0.947900117
Ge1Mn3,0.597916663
Ca1H3Rb1,0.502792975
Nb1Te4,0.491980473
Pd1S1Sb1,0.1593566119999999
Ga1Li1Se2,0.048022068
Er1H1,0.975048357
I1K3O1,0.0702226329999999
Ru3Si2Th1,0.861200348
O4Si1Zr1,1.063239508
Na1O4Pt3,0.35011422
Ba1Pd1S2,0.173092987
Al16Pd7Sc6,0.329975199
Au4Cr1,-0.07893863
Ga1Li1Mg2,0.287223779
N1Rh1,1.322930128
Ca1Pd2Si2,0.592519837
Ir1Nb1,1.312564493
Ru2Sn3,0.342689098
Au1Zn1,0.135075378
Mo1Pt2,1.148423718
Ho1S1,0.977392043
Mg1Pd1Sb1,0.486950188
B6Ba1,1.5240389319999998
P1Rh2,1.018221845
Au1O2Rb1,0.224750544
Ho1Re2,0.363931473
Er1Ge1Ru1,0.471520536
Ca2Nb2O7,0.950760505
Al2Au2Dy1,0.257222446
P4Th3,0.663300361
Ga1S8Ti4,0.8123731590000001
Ag1Cd1Sb1,-0.677954458
Mg2Sr1,0.261698135
H2Mg1Ni1,0.910679889
Cl6Cs2Ge1,-0.119962545
Al1Au1Yb1,0.011206617
Mn2O5Sr2,0.523830977
Pb1Se2,0.190457765
Er2O7Sn2,0.6305275379999999
In2O3,0.214724666
C1Ta1,1.78791083
Si2Sr1,0.414859748
Rh3Si2Y1,1.089417581
Sn1V3,0.471574791
Al4Zr5,0.6184027129999999
Si2Y1,0.30814806
Cu1Ho1,0.821372016
S3Y2,0.519012434
Cu1Ga2,0.422967181
Al2Ba1,0.59609104
Au1Mn2,0.424587654
Co1Zr2,0.483617247
Cl2F12Pb7,-0.170550843
In1Sr3,-0.003101488
Th1Zn4,0.6261185429999999
Ag1Bi1K2,-0.285932741
C1Ru1,1.265289626
F3Mo1,0.710880308
Ge3W5,0.5339676879999999
Cd1Cu2Zr1,0.691376818
Ge1V1Zr1,0.945784589
Ge1Os1Zr1,0.915663076
Al2Mg1O4,1.050430028
Al1Zr2,0.926052649
Cu1O2Sr1,0.632814502
Nb1S2Sn0.333,0.7429991290000001
As1Ni1S1,0.5727392029999999
Ge2La1Li1,0.417279
Au1Ca1In2,0.061437399
S1Sr1,0.976621844
Cu2S1,0.289243252
Cu1Hf4P1,0.415724362
Cu2Li1Si1,0.662833355
Ca1P2Rh2,0.8877686020000001
Nb1Ru1Sb1,1.061720061
Te1Th1,1.025760407
Pd1Sn1,0.09176541
Mn1Ni1Sb1,0.208814754
Ru2Tb1,-0.3410370620000001
Fe1Nb1Sb1,1.1536716
Pd3Sn1,0.459232614
Mn1P1Zr1,0.91572372
P3Ru1,0.966830423
Au2Be1,0.272813616
C2Co1Ho1,1.28050325
Ho2Ni1Sn6,0.342221279
Er4Fe1Ga12,0.295738585
Al2S4Zn1,0.65435369
C1In1Zr2,1.13339199
C1Na4O4,0.366999765
Cu1Hf1Hg2,-0.192331728
Ba2Sn1,-0.141301626
Au1Yb1,-0.038524326
Cr1Er1O4,0.7679302240000001
C1Lu3Sn1,0.995272254
Nb1Zn3,0.988229321
Br8Li6Mg1,-0.06377689
Al1C1Ho3,1.135444341
La1Pd2Sb2,0.064124653
Cs1F3Pb1,0.050395225
As1C1Nb2,1.206051008
Ba1Pd1Si1,0.108720584
Si1Sn1,0.875021886
Mn2O7Y2,0.675897436
Na1O3Sb1,0.621467099
Rh5Y1,0.820379477
Cu1Ge6Ho2,0.575922982
Cs2F6Si1,0.128567267
Cu1I1,0.100398118
Cu5Nd1,0.8153532379999999
Mg5Pd10Si16,0.300953987
Mo1Si2,1.263342495
As2Zr1,0.663550168
Ba2Si46,0.259414678
Cu1Pd1,0.58955532
Ca4Hg9,-1.125310652
B7W1Y3,1.157786066
Au2Ge2Th1,-0.165934889
In3La1,0.459363835
O7Pt2Tl2,0.438314462
La1Sb2,0.210286408
Ga1Pt1Zr1,0.485066653
K2Se1,0.137654721
Pt2Y1,0.6570482
Os1Te2,0.661041815
Si1Tc1,1.178781327
Ag1Cu4Er1,-0.048512884
Pd1Zr2,0.920515163
Ge1Hf1Pt1,0.605930712
Er1Tl1,0.410741814
Ce1Os2,0.115633807
Au2Nb3,0.73687675
O3Se1Sr1,0.293638736
Ag1F3K1,-0.266848495
As1Sr2,0.50300443
Re1Si1Ti1,1.161101353
La1Mg1Ni4,0.241282437
Ir1W1,1.334968166
Ce1Te1,0.603237503
Se2Th1,0.177195856
Ir3Sc1,1.129631896
Ag1C2K1,0.632853949
Co2Ga1Ti1,1.48755832
Ag2Al1Sc1,0.240808749
As1Pd1Se1,0.170587314
S1Ti1,1.49990967
Cs1O2Y1,0.621373644
Ho1Zn2,0.499621109
Br3Ga1La3,0.267192856
O1S1Zr1,0.737707764
Ge1S2,0.789661782
Hf1Ru3,1.098294073
Ir3Sn7,0.124918107
Ba1Ge2P2,0.262638532
B6Hf3Ni20,0.375259303
Ho1,1.169592151
S1Se1,0.17814207
Al1Bi1,0.6441854229999999
Cu1Ni2Sb1,0.387348887
Pb3U1,0.152673533
La3Ru4Sn13,-0.161383225
Cr1Nb1P1,0.97987784
S1,0.613631492
Au1Si1Y1,0.545664551
Br3Cs1Mg1,-0.206106989
Mg2Zn11,-0.26664141
Si1Y1,1.201121164
Bi1Rh1S1,0.449016861
Ca1O3Tc1,0.6607526229999999
Mn1Na1O2,0.8899478999999999
Ca1Zn1,0.211339503
Ag2Er1,0.341640246
Ag1Ca1Sb1,0.143841983
Au1S1Ta5,0.437101807
B6Ce2Ni21,0.234322364
Al1C1Y3,1.224009626
As2Dy2Ni1,0.5839782170000001
Au2Yb1,0.023635129
Ge2La1Pd2,0.51443352
B2Sc1,1.500189804
Er5Ge3,0.588568607
F6K2Mn1,0.28756661
Cs2I6Pt1,-0.265879737
K5Te3,-0.346647569
P1Pu1,1.090526097
Au1Ca2N1,0.441822343
Mg1Te2,0.203981529
Al3Zr1,1.045483364
Hg1Se1,0.016674063
N3Rh1,1.134425751
B1Be2,1.901449058
Ni1Sn1U1,0.394588252
Te2Y1,0.457480708
O7Tb2Ti2,0.8204201940000001
Cs3Hg20,-1.862180822
Li1Pb1Pd2,-0.243266548
Ge3N4,1.028359747
Os2Y1,0.312780125
Mo3P1,0.7990716170000001
Ge3Mo5,0.738724287
Mg1Se2,0.387975017
Au1Ge1Tb1,0.506158541
Al5C3N1,1.126475588
C1In1Ti2,1.210179352
Br1,0.215735355
Ge1Mn1Rh1,0.472494624
C1Ru3Ta1,1.27767338
Mn1Te1,0.301635414
As2Hg1O6,0.45389905
Br6K2Te1,-0.172549304
Ga2Mg1O4,0.764752069
Ce1Os4P12,0.887424863
B2Ba1Rh2,0.997282823
As1Mn1Pd2,0.126728679
Al1Y3,0.882899474
Ga2S4Sr1,0.433177574
H2Tb1,0.983374116
Pd2Ta1,0.8752285790000001
Rh1V3,1.0438336540000002
F10K1Y3,0.310077005
Hf5Sn4,0.469027783
As4Ca3In2,0.265998724
In1Zr3,1.015615394
Ca1O4Pd3,0.279518656
Os1P1Zr1,0.927728021
K2S1,0.227876425
Cu1F4Sr1,0.258522349
Er1Ru2Si2,1.087085422
Al1N3Ta4,0.8091022859999999
Fe1Si1Tb1,0.930837516
Pd1Sb1Se1,0.094966982
As2Ru1,1.080799593
Ba8Si46,-0.166341092
Pd2Si2Sr1,0.573835502
Ir3Zr5,0.338478407
Mg1Pd2Tb2,0.198321616
Bi2Ho6Rh1,0.30798568
B12Sc1,1.60331654
Al20Ti2Yb1,0.318607949
Hg1Mg1,0.354419636
Ge1P2Zn1,0.705707235
C1Pu1Ru3,0.819548542
La2O3,0.463497317
H7Th1Zr2,0.210152584
Be1Ti1,1.525208123
Co4Ge13Tb3,0.248919341
Zr1,1.167326198
Fe1Se2,0.938241447
Cs1K2Sb1,-0.097965
B1Ni4Tb1,0.671516253
Ba1Br1H1,0.091603655
Au1Zn3,-0.506189359
Er1Ge1Rh1,0.477467105
Cr1N1,1.563000248
Ir1Si1Y1,0.7849359440000001
In2Mn1S4,0.112172502
Hg2Pt1,-0.04545986
Rh1Si1Ti1,0.80309847
Cu1Dy1Sn1,0.636515979
Er4Ge6Os7,0.577110188
Ni1S1,1.076702325
Ge13Ru4Tb3,0.128247368
F2Mg1,0.642393286
Li2Mg1Si1,0.5842758029999999
Re3Ru1,1.421825953
Au2V1,0.140514328
Co1P2W1,1.01642741
Cd2O4Si1,0.491644594
Ga1Ir1,0.8627418259999999
Ag1As1S1,-0.149701217
N1Na1,0.5373152729999999
Hf3P2,0.645075285
S1Y1,1.059173249
Ca1Cd2P2,0.669340129
Er4Sb3,0.260874805
Gd1Se1,0.7636795120000001
Be1C1N2,1.6423161030000002
Al2B2Ru3,1.021383654
Ca1Te1,0.813111083
Au1Cd1Sb1,-0.222976483
Br6K2Re1,0.001660171
Mo3Si2,0.876854378
Hg2O7Sb2,0.307759102
O7P2Sn1,0.411254274
C1Sn1Y3,1.061267714
O6Ta2V1,0.8434806979999999
Pd1Sc2,0.188689486
Li1Tl1,0.174847397
C1Tc1,0.419063124
Pt1Th1,0.347082055
Ag2Yb1,-0.003507591
Au3Ca5,-0.191880218
Mg1Y1,1.096315491
Ga2O6Te1,0.723761787
Ge8Na6Pt8,-0.096220033
Ge2Ir2La1,0.451568466
Cl1Cu1,-0.356516727
Ag1F3Rb1,-0.081078386
Ba1Ru2Sb2,0.8099682309999999
Er4In1Ir1,0.204705885
Cd11Th1,-0.415234698
C1V2,1.121530299
B2W1,1.35279396
Ag1Ba1P1,0.433083058
C1Mn3Sn1,1.050638786
Li1Na1Te1,-0.015322847
Al2Dy3,0.333880345
Cu7Zn16Zr6,0.1757407869999999
Cs1F3Yb1,0.310478767
Ba1Li1Sb1,0.436531561
Cd1Mg1,0.179818835
O4Pr1V1,0.68805479
C2U1,1.192723526
Cu1In1Se2,0.110347246
Ir1Si3U1,0.815571108
Co1Sn1Th1,0.543469547
Cl4Cu1Rb2,-0.250297687
As1Cr1Ni1,0.522977319
Ru1Sc1,1.101527122
Ga4Nb5,0.774324958
Ir1Nb3,1.065788783
Ho2Mg1Se4,0.123149018
In1Ni2Tb2,0.6369780820000001
O1.03Sc1,1.265671411
Li4O4Pb1,0.349854261
O1Pb1Sr3,0.577228616
Hg1Sr3,-0.5737490679999999
Cd1Ge1Sr1,0.190746182
Au1Ba1Sb1,0.289934378
Dy1Pd2Si2,0.7406405490000001
Pt1Y1,0.35554155
Ca2Ge1,0.315800371
N1Pu1,1.5586221830000002
Ga1La3,0.186031983
F3Rb1Yb1,0.339709755
Mn2Te4Zn1,-0.644397164
Ho1Si1Ti1,0.91139787
Pd3V1,0.609700036
Er1Ir1Sn1,0.413943183
Sn1Sr2,0.062480449
Hf1Ni1P1,0.784863965
La3Sn1,0.420383227
Pd1Sc1Sn1,0.437515917
Au2Dy1In1,0.031064933
Al1Au1Ca1,0.107715222
Ni1Sb1Sc1,1.058247563
Ca1Sn3,0.450226007
Ca1O3Rh1,0.54889897
B1Ir1Mg1,0.604604006
Ga3Rb1,-0.026049614
Cs1I3Sn1,-0.458184953
Ir2Mg1,0.360112281
Au1K1Se1,-0.041927066
Ge1Ir1Mn3,0.334927999
Ni1Si3Sr1,0.900702962
Er1Ga3Ru1,0.460900848
Ge13Os4Tb3,0.234416038
La1Os2Si2,1.197161973
Ir1Mo1,1.319141468
Sn2Y1,0.566054295
Pb3Pr1,0.239161785
As1Au1Ba1,0.351427154
O7P2Zr1,0.585080414
O3W1,1.187289412
Ag8Ca3,-0.505945639
Be1Pd2,0.763698969
Mn2O3Ta1,0.850456305
In1Rh1Tb4,0.183081846
Ge1O3Pb1,0.868358145
Au1Rb1Te1,-0.077958432
Au3La3Sb4,0.061671079
Bi1Ho2O2,0.77954671
O3Re1,1.286007122
As1Ca1Rb1,0.14823236
Cd1Ho1,0.656700811
Ag1Ga1O2,0.367501283
Sb3Sr5,0.112919885
Pd1Sn1Y1,0.213708964
Ba1Cu2Sb2,0.203989675
Mn1Pb1Rh2,0.5488597
B1Pt1,1.018146878
Ti2Zn1,1.177960488
Al4Ni1Tb1,0.735683515
B2C2Gd1,1.296917359
Ru2Si2Y1,1.156576407
Er1Hg3,-0.308127592
P1Pt1Y1,0.840627938
Ag1La1,0.363856319
C1Hf3Zn3,0.5413408160000001
As2Cs1Rh2,0.785536965
N1Nb4Ni2,0.735632428
La4Sb3,0.26210209
Ba3Cr1N3,0.511773771
N2U1,1.067587831
Ge1V3,0.667536068
Al3Ru2,1.059355119
Al1K1Te2,0.285136312
Be1Hf1,1.204779067
Ag1Bi1Ca1,0.158766439
O1Se1Th1,0.82893688
Ge3Ir2S3,0.273998425
Li1Pt2,0.627745698
Hf1Ir3,1.283468581
Al1Cu2Re2,0.742193129
Cs1I2Li1,-0.785513798
Mo1P1,1.236489396
Au1K3O1,-0.005345487
Be1Ni1,1.333771615
Cu2Dy2In1,0.17717564
Ir4Sn13Yb3,-0.379318555
Ti1,1.4901467730000002
Hf1,1.280293755
Co1Nb1Sb1,1.013187049
Mg2Pt1Si1,0.671099682
Cr1F4Sr1,0.293607812
Pd1Tb1,0.26086766
Er1Sn2,0.50405744
Ag1Ge1La1,0.529612556
Bi2Er6Mn1,0.522874402
Pd2Si3Y3,0.610311949
Ag3Pt1,0.03230844
P1Tl1,0.499588118
C1H1,1.701445364
Ba6Mg23,-0.063077288
As2Cu1Er1,0.669352218
Be5Pt1,1.399912431
Ac1H2,0.7994997620000001
Ho2O3,0.334031315
Nb1Pd1Si1,0.744866968
Ni1P1,0.5832985479999999
Ba1Mo3Se3,0.576185806
B2Dy1Os1,0.960911983
As1Hg1K1,0.017404836
Er5Si3,0.6741728859999999
Cu4Mg1Sn1,0.531257882
Rh1Si3Tb1,0.8589430309999999
Er1Ga2Ni1,0.550443612
Al1C1Dy3,1.14504094
Cu1Te2,0.003757715
C1La3Pb1,0.787134454
Au3Cu1,0.212898413
Ho4In1Ir1,0.187368409
Cd1Tb1,0.604857589
C1In1Sc3,1.247438043
Al1C1Sc3,1.3575441869999998
Al1F4Na1,0.713256112
Hf1W2,1.082110074
Mn1Nb1P1,1.003830903
F6Rb2Si1,0.287075807
Y6Zn23,0.066869851
Na6O9S2,0.443710354
Sn1Ta3,0.203693622
Ru1Ta1,0.893889314
H6Os1Sr2,0.641826955
Ge6Ir7Mn4,0.473695673
Cu2In1Zr1,0.741192583
Pt1Sb1Y1,0.7907037709999999
C1Pd1,0.730432601
Al8Dy1Mn4,0.908362756
Ag1Pt5Si1,0.32104304
F3Na1Ni1,0.386145679
Cr1K1O2,0.925492065
Mg2Th1,0.554903269
Ba1Mg4Si3,0.769358861
Cs1F3Mg1,0.5240688170000001
Cu1Tb1,0.7432956999999999
Ga2Pb1Se4,0.151581276
B2Fe1,1.501186655
In14K3Mg20,-0.410506145
Cu1Hg2Zr1,0.007338034
Al1N1Tb3,1.028981768
Ag1Dy1Pb1,0.301928056
F2Kr1,0.375890302
Cs1I3Pb1,-0.355825416
Mg1O3V1,0.36662278
Al1Mo3,1.143810798
Bi3Sr4,-0.141790752
Ho1In1Zn1,0.585399811
O7Sn2Tb2,0.614726416
N4Zr3,1.136305094
Cr2Hg1Se4,-0.015158668
Ag1Dy1Sn1,0.476696887
Al4La1,0.473285469
As1Pd2,0.01277819
Cr2O6Te1,0.8088062840000001
Si1V3,0.92026424
B2Tc1,1.700845575
Nb5P4Pd4,0.662795595
Er1Pd3S4,-0.047436627
Ga1Hf1Pd1,0.372958006
Ga1Rh1,0.8158280259999999
Cd2Yb1,-0.150513021
Ge3La1Os1,0.7940339959999999
Sn2Y1Zn1,0.368662429
As1Cu3S4,0.278438051
Al1P1,1.286290265
Ir1La1Si3,0.9893666
Fe6Ge6Hf1,0.439620023
Ca1Cl2,-0.017492231
Al3Nb1,1.438232141
Cl6K2Mn1,-0.13076652
Fe1Si1,1.292962333
Al1B1Be1,1.834791889
Ca3O1Pb1,0.788339509
In3Pd2,0.182514512
Ga1Mn1Ni2,1.026770162
Dy1Zn1,0.8906819640000001
Fe1Ga12Y4,0.314798058
Ag2Sr1,-0.057570266
Al1C1V2,1.357439316
Er1Ni1Sb1,0.953138482
Co1Er1Ga1,0.234876516
Cd1Y1,0.6787714159999999
Mo1O6Rh2,0.670880128
As2Ca1Fe2,1.030065126
Nd1Os4P12,0.819342534
Ge1Mo3,1.075875295
Dy1,1.089177147
Cu1Mn1Sb1,0.5995184610000001
Se2Zn1,0.279333796
B4Ti3,1.722278445
Ge1Ho1Sn1,0.596314437
In1La1,0.5669804629999999
Dy1Mg2,0.172748839
N1Re2Zr4,0.525052585
Ga1Se2Tl1,0.147317613
C1Ga1Ho3,0.446861679
Ir1Sb1Se1,0.623223439
As2Pt1,0.6050743670000001
Cu1Ge1Zr1,0.656345478
Dy3Ge13Rh4,0.232452267
Fe1Ga1Ni2,0.580138887
P1Pt1Sc1,0.342108691
Ir1Y1,0.943176345
B1Fe1W1,1.028477715
Ge2Mo1,1.407242998
Au1Y2,0.088809166
Al1Li2Pt1,0.595674753
Cd1Er1Ga1,0.532627001
Yb1,0.649451694
Al16Os7Sc6,0.6001121620000001
Ag1Zr2,0.7879172
O1Pb1,0.592667422
Ba3Mn1N3,-0.337017526
Ga3Zr1,1.007760576
Au1Li2Sb1,0.125877968
Cu3N1,0.518933555
Al20La1Ti2,0.320086021
Ca1Pd2,0.350792484
Al16Ru7Sc6,0.586931454
Dy4Mg1Rh1,0.1270237659999999
Ga1Mg1Sm1,0.6572337429999999
F3La1,0.542901329
Ir3Nb1,1.44502164
Co1Ga2Zr6,0.799216448
Ba1Nb4O6,1.09682662
Ho1Rh3Si2,1.048496184
Ga1Ir1Th1,0.364834179
Sn6V6Y1,0.69314809
Al1C1La3,0.820722825
B2Mo2Os1,0.967823535
Mg2N3P1,1.083352096
Ba1O3Sn1,0.885813375
Br3Cs1Pb1,-0.264239866
Dy1N1,1.544619868
Ca3N1Pb1,-0.056851376
Au2Si2Yb1,0.368182716
Ge2W1,1.353562345
Au4Hf1,-0.176446875
Dy1Os2,0.26638459
Li5N2Na1,0.303515719
Ge2Os2Th1,1.004454652
Nb1P1Ru1,0.968643094
Hg1Ho1,0.391422091
Au2In2Sr1,-0.663182171
Au1Nb3,0.717792787
Ta1Zn2,0.7665325590000001
Cu1Sb1Sr1,0.53505855
Nb3Tl1,0.366656386
Ba1Pt5,0.479074078
Na1O6Os2,0.941048071
Tl1Y1,0.33216972
Ru3U1,1.114931083
Pt1Sc1,0.8040207859999999
Er1Se1,0.5872506160000001
Hg2Sr3,-0.331164179
Al1Ir1Th1,0.489536629
Ba1Pt1Sn3,0.184620462
F5Mn1Rb2,0.209490886
Ge1Ni2Zn1,0.453747834
Ba1Zn1,0.447339466
As1Nd1,1.128719055
Al1La3N1,0.870124041
Au3Er3Sb4,0.097795071
Ca1Mn7O12,0.241989514
In3Sc1,0.197148182
Si2Ti1,1.277334112
N3V2,1.474877404
Ca1P2Pd2,0.628285709
As1,0.878034377
Ho2Rh3Sn5,0.071255878
H6Li2Pt1,0.8130449609999999
Pt8V1,0.390447576
C8,1.796636767
Ag1As1Ba1,0.362371248
Co1Nb1,1.295294343
C1Ca1O3,0.778057143
Ag1O2Sc1,0.417179297
Cl1Li1,0.581373857
Ag1Li1,0.144135021
Ni2Sn1Ti1,0.68674885
I1La5Sn3,0.20378599
Pt2Ta1,0.707634038
Bi1Pt1Te1,0.065967904
Ba1Ca1Pb1,0.021838188
Ho1Pd1,0.6140362070000001
Nb6Ni16Si7,0.591201555
Bi1Tb1,0.8170031329999999
Hf1Ru1Si1,1.001590943
Ca3Cr1N3,0.7847876970000001
Al2Er1,0.979289724
Ni5U1,0.926820216
Er1P1Pd1,0.555706143
Ca1Ga2,0.595031918
Nb1Pd2,0.944700258
Nb1P1V1,1.037310936
B7Re1Y3,1.141176882
Ho2In1Pd2,0.255675247
Au1Pb1Tb1,0.436666645
Th1Tl3,-0.084540539
Er1P1,1.316224134
Ba1In4,0.088391273
Cs2.67O16Te5.33,0.470999638
B12Ni1,1.408911246
Cl1K1O4,0.555729095
Co2S6Ta9,0.580942074
Au2Ca2Pb1,-0.05861132
Dy1Ge1Ir1,0.329255464
Hf4Ni1P1,0.477621852
Br1Mo1S1,0.7833145970000001
F3Sc1,0.8911085259999999
As2La1Rh2,0.496942096
Cu4O3,-0.148733088
Ce1O4V1,0.658914363
Ni1Sn1Ti1,0.94570684
N1Pa1,1.253732859
O3Sr1Tc1,1.282728578
O6Sb4,0.760026462
K2Se2,-0.201913821
C1Ti1,1.961752266
Al1Tc2,1.397508975
Er1Pd2Sn1,0.295617673
N3Nb4,1.314252854
Hf5P7Pd9,0.291899183
Ni1Sb1Zn1,0.473165692
Be1Na1Sb1,0.599622199
Au1La1Pb1,0.280730847
Dy1Ga2Ni1,0.502249542
Cl2O1Pd2,0.008502232
Cd1In2O4,0.388264653
As2Ni2U1,0.380305329
Mg1O3Se1,0.7932531190000001
Au3K2,-0.279666187
Ba1S1,0.750536935
Er1Si1,1.09018043
In1N1Tb3,0.943633982
Au2Sc1,0.563291188
Hg1Sc1,0.618928351
Au1Ho1Ni4,0.576547505
Sc1Si1,1.247597697
Ir1Sn1,0.665703852
Ag1Mg1Y1,-0.055137486
O4S1Sr1,0.571392019
Al1Ni2V1,0.780803191
Ag1Th2,0.07453852
C2Dy1,1.016841205
Os1Sb2,0.936666523
C1Ni1,1.08818572
B12U1,1.511832579
Hf2La2O7,0.720908951
As1Cu3,-0.1705611339999999
Al2O4Zn1,1.065699195
Ni2Si1Ta3,0.277279071
Al3Ti1,0.994184688
La3Te4,0.095761959
Co1Ge1Ti1,0.906565599
Ba1C4O4,0.712593307
Cu1Ga1O2,0.655984101
Bi1Rh1Se1,0.373121739
Cu1Ga1Zr1,0.798216825
Rh1Yb1,0.685330531
Ge1Ir1Nb1,0.7659165459999999
Hf1Pb1S3,0.479336289
Li1Mn1O2,0.749082063
Al1Y1Zn1,0.958816551
Ga1Li2Pd1,0.274446513
Ba1Pb6Rh3,-0.121633337
P3Tc2,0.964621627
As1Tb1,1.16312558
Br5Pb2Rb1,-0.268915922
Mg1Sc2Se4,0.215375798
Hg1Y1,0.494845852
Cl1Na1,0.328047129
Ca1P2Ru2,1.290764503
Cu1S4Zr2,0.390431669
Mn1Ni4Y1,0.502009013
Ag2Dy1,0.275601555
B1Pd2,0.582179311
Au1Y1,0.668142606
Ho3Tl5,-0.357022346
La1Pd2Si2,0.77221312
Pt2Sr1,0.436196053
B1C5,2.136013074
Ni1Tb1,0.5257986579999999
Nb1S4Tl3,0.010579783
H2Pu1,0.376281244
In1Pd1,0.261990446
Al1C3V4,1.281056105
B1Ta1,1.643727971
Ga12Pd1Y4,0.425855258
Ga5Pd1,0.032086646
Co1Si2Tb1,0.8468626490000001
Be22W1,1.074823752
Co1Ta2,0.926226654
Mn1Pd2,0.152487096
Ge1Mg2,0.220727693
F2H1K1,0.347148452
Cs1F2H1,-0.121548295
O3Pb1Ti1,1.090247469
Al16Ru7Zr6,0.443757254
B4Er1Rh4,0.677891523
Cd2Y1,0.600578695
Sn3Th1,-0.013844774
Gd1N1,1.5021798569999998
Pd3S1,0.288439272
H1Ni1,0.988489393
C2Si1Ti3,1.325843928
In1Li1O2,0.8641496120000001
Rh3Sc1,1.005806612
Au2In1Y1,0.020311551
Pt1Tb2,0.096458112
In7Pt3,-0.058728639
Ag1Pb1Tb1,0.311775046
As1Co1Nb1,0.761767766
Sb2Th1,0.387380927
Au1In1La1,0.0857756319999999
Er1Pt1Sn1,0.465564265
Ag1Se1Tl1,-0.489165557
Ge1Ho1Mn1,0.5761397079999999
Cl6K2Sn1,-0.10796275
C1Ge3Mo5,0.746956298
C1Mo4Ni2,0.731404211
Cr2Mg1O4,0.8212239020000001
Ni1Zr1,0.50364771
Er1Pb1Pd1,0.23517228
As1Cr1,0.663795122
Pd4Se1,0.057574824
Ge6Rh7Sc4,0.638847527
O2,0.836174683
B2Y1,1.800899828
Mo1Na2O4,0.8830956320000001
Dy1Rh3Si2,1.05380806
Ga2Ho1Pd1,0.444477313
Pt1Sn1Ti1,0.792246667
Ba5Sn3,-0.066972052
Sc1Tc2,0.246037945
Cd3Er1,0.107505054
Co1Y1,0.410903708
Ho1Rh1,0.864671835
Al16Hf6Pd7,0.516827449
Ge1Ni2O4,0.7242471890000001
In1Li1Sn1,0.319043566
As1Cu1K2,-0.057878797
Mg1O6Sb2,0.730401092
P2W1,1.313099147
Ni1O6Ta2,0.8627019109999999
Ti1Zn2,0.422566861
Al4Cu9,-0.111177687
Hf2P1Sb1,0.8590139379999999
Te1V1,0.596694938
Er2Ni12P7,0.443400688
Ca1Pt5,0.593706863
Au9In4,-0.933834402
Ga1La1Pt1,-0.031805276
Dy1S1,0.98556882
Mg1Ru1Sn4,0.378900955
Ca1Si1,0.986590815
H9.975La3.99,0.412895464
La1Ru1Sn3,-0.1654127319999999
Ho1Rh2,0.706463445
Er1Ir1Si1,0.730688626
In3Ni2,0.510263432
B2Si1V5,1.270196536
Ir1S2,0.71108984
Cd3Y1,0.31398948
Ho1Pd3S4,-0.02413641
B4Ho1Rh4,0.672277083
Au1Pb1Y1,0.452001228
B6Th1,1.240304577
Ag2Ho1In1,0.002010466
Ag1Ga1S2,0.19731916
Co4Ge13Lu3,0.228680045
P1Sb1Ti2,0.916670252
Sb1Tl1,0.169377555
O7Ti2Y2,0.876876867
P1Ru1Ti1,1.025653981
Rh1Zn1,1.046241459
Cd3Nb1,0.625597428
Ge1Pt2,0.049756679
Ca3Ir4Sn13,-0.339861483
Ni3Ta1,0.7608445090000001
As2Ni1Tb2,0.559679249
S2Th1,0.355719639
Se1Tb1,0.694839392
Ir2La5,-0.142694648
Cd2Sr1,-0.14512034
Co1Dy1Ge2,0.511209348
Ca7Ge1,0.112862955
Ir3Pa1,1.138539521
Ir1Sc1,1.216609211
N2S1Zr2,0.947854578
Ca1Hg1,0.474015101
Ag1Te1Tl1,-0.632074092
B1Os1,1.746540014
Ca1N1Ni1,0.975588953
